{"textures":{"0":"bettermodel:item/demon_knight_demon_knight","particle":"bettermodel:item/demon_knight_demon_knight"},"elements":[{"from":[7.929657,7.8170376,7.866452],"to":[8.022032,7.9001756,7.9495897],"faces":{"north":{"uv":[13.875,10.25,14.125,10.5],"tintindex":0,"texture":"#0"},"east":{"uv":[10.5,13.875,10.75,14.125],"tintindex":0,"texture":"#0"},"south":{"uv":[10.875,13.875,11.125,14.125],"tintindex":0,"texture":"#0"},"west":{"uv":[13.875,10.875,14.125,11.125],"tintindex":0,"texture":"#0"},"up":{"uv":[11.625,14.125,11.375,13.875],"tintindex":0,"texture":"#0"},"down":{"uv":[11.875,13.875,11.625,14.125],"tintindex":0,"texture":"#0"}}},{"from":[7.9526563,7.8992815,7.8759785],"to":[8.026556,7.991657,7.959116],"faces":{"north":{"uv":[8.5,13.0,8.75,13.375],"tintindex":0,"texture":"#0"},"east":{"uv":[9.125,13.0,9.375,13.375],"tintindex":0,"texture":"#0"},"south":{"uv":[10.5,13.0,10.75,13.375],"tintindex":0,"texture":"#0"},"west":{"uv":[11.25,13.0,11.5,13.375],"tintindex":0,"texture":"#0"},"up":{"uv":[14.125,10.25,13.875,10.0],"tintindex":0,"texture":"#0"},"down":{"uv":[10.5,13.875,10.25,14.125],"tintindex":0,"texture":"#0"}}},{"from":[7.914666,7.7335086,7.8602424],"to":[8.007041,7.8166466,7.9433804],"faces":{"north":{"uv":[13.0,11.375,13.375,11.625],"tintindex":0,"texture":"#0"},"east":{"uv":[11.875,13.875,12.125,14.125],"tintindex":0,"texture":"#0"},"south":{"uv":[11.5,13.0,11.875,13.25],"tintindex":0,"texture":"#0"},"west":{"uv":[12.125,13.875,12.375,14.125],"tintindex":0,"texture":"#0"},"up":{"uv":[12.25,13.25,11.875,13.0],"tintindex":0,"texture":"#0"},"down":{"uv":[12.75,13.0,12.375,13.25],"tintindex":0,"texture":"#0"}}}],"display":{"fixed":{"scale":[4,4,4],"rotation":[3.8403628,7.1755867,-9.732897]}}}