{"textures":{"0":"bettermodel:item/demon_knight_demon_knight","particle":"bettermodel:item/demon_knight_demon_knight"},"elements":[{"from":[7.9143324,8.574584,8.051018],"to":[7.9355326,8.600495,8.0635805],"faces":{"north":{"uv":[14.625,14.375,14.75,14.5],"tintindex":0,"texture":"#0"},"east":{"uv":[14.625,14.5,14.75,14.625],"tintindex":0,"texture":"#0"},"south":{"uv":[14.625,14.625,14.75,14.75],"tintindex":0,"texture":"#0"},"west":{"uv":[14.75,0.375,14.875,0.5],"tintindex":0,"texture":"#0"},"up":{"uv":[14.875,0.625,14.75,0.5],"tintindex":0,"texture":"#0"},"down":{"uv":[14.875,0.625,14.75,0.75],"tintindex":0,"texture":"#0"}}}],"display":{"fixed":{"scale":[4,4,4],"rotation":[1.295298E-6,-24.999998,4.0000057]}}}