{"textures":{"0":"bettermodel:item/demon_knight_demon_knight","particle":"bettermodel:item/demon_knight_demon_knight"},"elements":[{"from":[8.109182,7.887096,7.948987],"to":[8.271763,7.978547,8.07277],"faces":{"north":{"uv":[12.625,10.125,13.125,10.375],"tintindex":0,"texture":"#0"},"east":{"uv":[13.5,8.625,13.875,8.875],"tintindex":0,"texture":"#0"},"south":{"uv":[12.625,10.375,13.125,10.625],"tintindex":0,"texture":"#0"},"west":{"uv":[9.75,13.5,10.125,13.75],"tintindex":0,"texture":"#0"},"up":{"uv":[12.125,1.5,11.625,1.125],"tintindex":0,"texture":"#0"},"down":{"uv":[12.125,1.5,11.625,1.875],"tintindex":0,"texture":"#0"}}}],"display":{"fixed":{"scale":[4,4,4],"rotation":[-6.119101,-21.693653,-16.17354]}}}