{"textures":{"0":"bettermodel:item/demon_knight_demon_knight","particle":"bettermodel:item/demon_knight_demon_knight"},"elements":[{"from":[7.9779677,7.8170376,7.866452],"to":[8.070343,7.9001756,7.9495897],"faces":{"north":{"uv":[14.0,3.625,14.25,3.875],"tintindex":0,"texture":"#0"},"east":{"uv":[4.25,14.0,4.5,14.25],"tintindex":0,"texture":"#0"},"south":{"uv":[4.875,14.0,5.125,14.25],"tintindex":0,"texture":"#0"},"west":{"uv":[5.5,14.0,5.75,14.25],"tintindex":0,"texture":"#0"},"up":{"uv":[6.0,14.25,5.75,14.0],"tintindex":0,"texture":"#0"},"down":{"uv":[14.25,5.75,14.0,6.0],"tintindex":0,"texture":"#0"}}},{"from":[7.9929585,7.7335086,7.8602424],"to":[8.085334,7.8166466,7.9433804],"faces":{"north":{"uv":[13.125,3.0,13.5,3.25],"tintindex":0,"texture":"#0"},"east":{"uv":[14.0,6.0,14.25,6.25],"tintindex":0,"texture":"#0"},"south":{"uv":[3.25,13.125,3.625,13.375],"tintindex":0,"texture":"#0"},"west":{"uv":[6.625,14.0,6.875,14.25],"tintindex":0,"texture":"#0"},"up":{"uv":[4.0,13.375,3.625,13.125],"tintindex":0,"texture":"#0"},"down":{"uv":[13.5,4.375,13.125,4.625],"tintindex":0,"texture":"#0"}}},{"from":[7.973444,7.8992815,7.8759785],"to":[8.047344,7.991657,7.959116],"faces":{"north":{"uv":[11.0,12.875,11.25,13.25],"tintindex":0,"texture":"#0"},"east":{"uv":[1.5,13.0,1.75,13.375],"tintindex":0,"texture":"#0"},"south":{"uv":[8.0,13.0,8.25,13.375],"tintindex":0,"texture":"#0"},"west":{"uv":[8.25,13.0,8.5,13.375],"tintindex":0,"texture":"#0"},"up":{"uv":[9.75,14.125,9.5,13.875],"tintindex":0,"texture":"#0"},"down":{"uv":[10.0,13.875,9.75,14.125],"tintindex":0,"texture":"#0"}}}],"display":{"fixed":{"scale":[4,4,4],"rotation":[3.8403628,-7.1755867,9.732897]}}}