{"textures":{"0":"bettermodel:item/demon_knight_demon_knight","particle":"bettermodel:item/demon_knight_demon_knight"},"elements":[{"from":[8.100596,8.501512,8.047973],"to":[8.146922,8.5407715,8.066817],"faces":{"north":{"uv":[9.375,12.5,9.5,12.625],"tintindex":0,"texture":"#0"},"east":{"uv":[12.5,9.375,12.625,9.5],"tintindex":0,"texture":"#0"},"south":{"uv":[12.625,2.625,12.75,2.75],"tintindex":0,"texture":"#0"},"west":{"uv":[12.625,5.875,12.75,6.0],"tintindex":0,"texture":"#0"},"up":{"uv":[6.875,12.875,6.75,12.75],"tintindex":0,"texture":"#0"},"down":{"uv":[9.875,12.875,9.75,13.0],"tintindex":0,"texture":"#0"}}},{"from":[8.106877,8.5407715,8.051113],"to":[8.140641,8.567468,8.063677],"faces":{"north":{"uv":[13.125,2.5,13.25,2.625],"tintindex":0,"texture":"#0"},"east":{"uv":[13.125,5.75,13.25,5.875],"tintindex":0,"texture":"#0"},"south":{"uv":[5.0,13.25,5.125,13.375],"tintindex":0,"texture":"#0"},"west":{"uv":[11.375,13.375,11.5,13.5],"tintindex":0,"texture":"#0"},"up":{"uv":[13.25,13.5,13.125,13.375],"tintindex":0,"texture":"#0"},"down":{"uv":[0.75,13.5,0.625,13.625],"tintindex":0,"texture":"#0"}}}],"display":{"fixed":{"scale":[4,4,4],"rotation":[-2.3845264E-6,24.999996,0.99999774]}}}