{"textures":{"0":"bettermodel:item/demon_knight_demon_knight","particle":"bettermodel:item/demon_knight_demon_knight"},"elements":[{"from":[7.9401135,8.284864,8.010283],"to":[8.025699,8.379087,8.1045065],"faces":{"north":{"uv":[4.375,12.875,4.625,13.25],"tintindex":0,"texture":"#0"},"east":{"uv":[12.0,7.375,12.375,7.75],"tintindex":0,"texture":"#0"},"south":{"uv":[4.625,12.875,4.875,13.25],"tintindex":0,"texture":"#0"},"west":{"uv":[12.0,7.75,12.375,8.125],"tintindex":0,"texture":"#0"},"up":{"uv":[5.125,13.25,4.875,12.875],"tintindex":0,"texture":"#0"},"down":{"uv":[13.125,5.25,12.875,5.625],"tintindex":0,"texture":"#0"}}}],"display":{"fixed":{"scale":[4,4,4],"rotation":[1.4130526E-6,-24.999998,22.500004]}}}