{"textures":{"0":"bettermodel:item/demon_knight_demon_knight","particle":"bettermodel:item/demon_knight_demon_knight"},"elements":[{"from":[8.169335,7.946879,7.9605174],"to":[8.250626,8.03833,8.043655],"faces":{"north":{"uv":[8.625,14.125,8.875,14.375],"tintindex":0,"texture":"#0"},"east":{"uv":[14.125,8.625,14.375,8.875],"tintindex":0,"texture":"#0"},"south":{"uv":[8.875,14.125,9.125,14.375],"tintindex":0,"texture":"#0"},"west":{"uv":[9.5,14.125,9.75,14.375],"tintindex":0,"texture":"#0"},"up":{"uv":[10.0,14.375,9.75,14.125],"tintindex":0,"texture":"#0"},"down":{"uv":[14.375,9.75,14.125,10.0],"tintindex":0,"texture":"#0"}}}],"display":{"fixed":{"scale":[4,4,4],"rotation":[-5.122998,21.938572,13.493598]}}}