{"textures":{"0":"bettermodel:item/demon_knight_demon_knight","particle":"bettermodel:item/demon_knight_demon_knight"},"elements":[{"from":[8.077417,8.063371,7.9429917],"to":[8.101435,8.104016,7.968857],"faces":{"north":{"uv":[14.75,6.5,14.875,6.625],"tintindex":0,"texture":"#0"},"east":{"uv":[14.75,6.625,14.875,6.75],"tintindex":0,"texture":"#0"},"south":{"uv":[14.75,6.75,14.875,6.875],"tintindex":0,"texture":"#0"},"west":{"uv":[7.25,14.75,7.375,14.875],"tintindex":0,"texture":"#0"},"up":{"uv":[14.875,7.5,14.75,7.375],"tintindex":0,"texture":"#0"},"down":{"uv":[7.75,14.75,7.625,14.875],"tintindex":0,"texture":"#0"}}},{"from":[8.077417,8.055981,7.972552],"to":[8.101435,8.100321,7.998417],"faces":{"north":{"uv":[7.75,14.75,7.875,14.875],"tintindex":0,"texture":"#0"},"east":{"uv":[7.875,14.75,8.0,14.875],"tintindex":0,"texture":"#0"},"south":{"uv":[8.0,14.75,8.125,14.875],"tintindex":0,"texture":"#0"},"west":{"uv":[14.75,8.0,14.875,8.125],"tintindex":0,"texture":"#0"},"up":{"uv":[14.875,8.25,14.75,8.125],"tintindex":0,"texture":"#0"},"down":{"uv":[8.5,14.75,8.375,14.875],"tintindex":0,"texture":"#0"}}},{"from":[8.077417,8.055981,8.002111],"to":[8.101435,8.100321,8.027977],"faces":{"north":{"uv":[8.5,14.75,8.625,14.875],"tintindex":0,"texture":"#0"},"east":{"uv":[8.625,14.75,8.75,14.875],"tintindex":0,"texture":"#0"},"south":{"uv":[14.75,8.625,14.875,8.75],"tintindex":0,"texture":"#0"},"west":{"uv":[8.875,14.75,9.0,14.875],"tintindex":0,"texture":"#0"},"up":{"uv":[9.125,14.875,9.0,14.75],"tintindex":0,"texture":"#0"},"down":{"uv":[14.875,9.25,14.75,9.375],"tintindex":0,"texture":"#0"}}},{"from":[8.077417,8.063371,8.031672],"to":[8.101435,8.104016,8.057537],"faces":{"north":{"uv":[14.75,9.375,14.875,9.5],"tintindex":0,"texture":"#0"},"east":{"uv":[9.5,14.75,9.625,14.875],"tintindex":0,"texture":"#0"},"south":{"uv":[9.625,14.75,9.75,14.875],"tintindex":0,"texture":"#0"},"west":{"uv":[9.75,14.75,9.875,14.875],"tintindex":0,"texture":"#0"},"up":{"uv":[14.875,9.875,14.75,9.75],"tintindex":0,"texture":"#0"},"down":{"uv":[10.0,14.75,9.875,14.875],"tintindex":0,"texture":"#0"}}}],"display":{"fixed":{"scale":[4,4,4],"rotation":[0.0,0.0,-135.0]}}}