{"textures":{"0":"bettermodel:item/demon_knight_demon_knight","particle":"bettermodel:item/demon_knight_demon_knight"},"elements":[{"from":[7.8593593,8.5407715,8.051113],"to":[7.893122,8.567468,8.063677],"faces":{"north":{"uv":[14.625,13.625,14.75,13.75],"tintindex":0,"texture":"#0"},"east":{"uv":[14.625,13.75,14.75,13.875],"tintindex":0,"texture":"#0"},"south":{"uv":[13.875,14.625,14.0,14.75],"tintindex":0,"texture":"#0"},"west":{"uv":[14.625,13.875,14.75,14.0],"tintindex":0,"texture":"#0"},"up":{"uv":[14.125,14.75,14.0,14.625],"tintindex":0,"texture":"#0"},"down":{"uv":[14.75,14.0,14.625,14.125],"tintindex":0,"texture":"#0"}}},{"from":[7.8530774,8.501512,8.047973],"to":[7.8994036,8.5407715,8.066817],"faces":{"north":{"uv":[14.75,1.375,14.875,1.5],"tintindex":0,"texture":"#0"},"east":{"uv":[1.75,14.75,1.875,14.875],"tintindex":0,"texture":"#0"},"south":{"uv":[14.75,2.125,14.875,2.25],"tintindex":0,"texture":"#0"},"west":{"uv":[14.75,2.25,14.875,2.375],"tintindex":0,"texture":"#0"},"up":{"uv":[2.625,14.875,2.5,14.75],"tintindex":0,"texture":"#0"},"down":{"uv":[2.75,14.75,2.625,14.875],"tintindex":0,"texture":"#0"}}}],"display":{"fixed":{"scale":[4,4,4],"rotation":[-2.3845264E-6,-24.999996,-0.99999774]}}}