{"textures":{"0":"bettermodel:item/demon_knight_demon_knight","particle":"bettermodel:item/demon_knight_demon_knight"},"elements":[{"from":[7.7437367,7.978995,7.955407],"to":[7.825027,8.070446,8.008985],"faces":{"north":{"uv":[0.625,14.375,0.875,14.625],"tintindex":0,"texture":"#0"},"east":{"uv":[8.75,14.625,8.875,14.875],"tintindex":0,"texture":"#0"},"south":{"uv":[0.875,14.375,1.125,14.625],"tintindex":0,"texture":"#0"},"west":{"uv":[14.625,9.25,14.75,9.5],"tintindex":0,"texture":"#0"},"up":{"uv":[14.875,9.625,14.625,9.5],"tintindex":0,"texture":"#0"},"down":{"uv":[14.875,9.625,14.625,9.75],"tintindex":0,"texture":"#0"}}}],"display":{"fixed":{"scale":[4,4,4],"rotation":[9.92926,20.293482,-26.781345]}}}