{"textures":{"0":"bettermodel:item/demon_knight_demon_knight","particle":"bettermodel:item/demon_knight_demon_knight"},"elements":[{"from":[7.8985653,8.063371,7.9429917],"to":[7.9225826,8.104016,7.968857],"faces":{"north":{"uv":[14.875,13.625,15.0,13.75],"tintindex":0,"texture":"#0"},"east":{"uv":[13.75,14.875,13.875,15.0],"tintindex":0,"texture":"#0"},"south":{"uv":[14.875,13.75,15.0,13.875],"tintindex":0,"texture":"#0"},"west":{"uv":[13.875,14.875,14.0,15.0],"tintindex":0,"texture":"#0"},"up":{"uv":[15.0,14.0,14.875,13.875],"tintindex":0,"texture":"#0"},"down":{"uv":[14.125,14.875,14.0,15.0],"tintindex":0,"texture":"#0"}}},{"from":[7.8985653,8.055981,7.972552],"to":[7.9225826,8.100321,7.998417],"faces":{"north":{"uv":[14.875,14.0,15.0,14.125],"tintindex":0,"texture":"#0"},"east":{"uv":[14.125,14.875,14.25,15.0],"tintindex":0,"texture":"#0"},"south":{"uv":[14.875,14.125,15.0,14.25],"tintindex":0,"texture":"#0"},"west":{"uv":[14.25,14.875,14.375,15.0],"tintindex":0,"texture":"#0"},"up":{"uv":[15.0,14.375,14.875,14.25],"tintindex":0,"texture":"#0"},"down":{"uv":[14.5,14.875,14.375,15.0],"tintindex":0,"texture":"#0"}}},{"from":[7.8985653,8.055981,8.002111],"to":[7.9225826,8.100321,8.027977],"faces":{"north":{"uv":[14.875,14.375,15.0,14.5],"tintindex":0,"texture":"#0"},"east":{"uv":[14.5,14.875,14.625,15.0],"tintindex":0,"texture":"#0"},"south":{"uv":[14.875,14.5,15.0,14.625],"tintindex":0,"texture":"#0"},"west":{"uv":[14.625,14.875,14.75,15.0],"tintindex":0,"texture":"#0"},"up":{"uv":[15.0,14.75,14.875,14.625],"tintindex":0,"texture":"#0"},"down":{"uv":[14.875,14.875,14.75,15.0],"tintindex":0,"texture":"#0"}}},{"from":[7.8985653,8.063371,8.031672],"to":[7.9225826,8.104016,8.057537],"faces":{"north":{"uv":[14.875,14.75,15.0,14.875],"tintindex":0,"texture":"#0"},"east":{"uv":[14.875,14.875,15.0,15.0],"tintindex":0,"texture":"#0"},"south":{"uv":[0.0,15.0,0.125,15.125],"tintindex":0,"texture":"#0"},"west":{"uv":[15.0,0.0,15.125,0.125],"tintindex":0,"texture":"#0"},"up":{"uv":[0.25,15.125,0.125,15.0],"tintindex":0,"texture":"#0"},"down":{"uv":[15.125,0.125,15.0,0.25],"tintindex":0,"texture":"#0"}}}],"display":{"fixed":{"scale":[4,4,4],"rotation":[-0.0,0.0,135.0]}}}