{"textures":{"0":"bettermodel:item/demon_knight_demon_knight","particle":"bettermodel:item/demon_knight_demon_knight"},"elements":[{"from":[8.064467,8.574584,8.051018],"to":[8.085668,8.600495,8.0635805],"faces":{"north":{"uv":[10.875,13.5,11.0,13.625],"tintindex":0,"texture":"#0"},"east":{"uv":[13.5,11.625,13.625,11.75],"tintindex":0,"texture":"#0"},"south":{"uv":[12.625,13.5,12.75,13.625],"tintindex":0,"texture":"#0"},"west":{"uv":[13.625,1.0,13.75,1.125],"tintindex":0,"texture":"#0"},"up":{"uv":[2.25,13.75,2.125,13.625],"tintindex":0,"texture":"#0"},"down":{"uv":[6.25,13.75,6.125,13.875],"tintindex":0,"texture":"#0"}}}],"display":{"fixed":{"scale":[4,4,4],"rotation":[1.295298E-6,24.999998,-4.0000057]}}}