{"textures":{"0":"bettermodel:item/demon_knight_demon_knight","particle":"bettermodel:item/demon_knight_demon_knight"},"elements":[{"from":[7.69669,8.009479,7.9847636],"to":[7.737335,8.039963,8.01728],"faces":{"north":{"uv":[14.875,12.0,15.0,12.125],"tintindex":0,"texture":"#0"},"east":{"uv":[12.125,14.875,12.25,15.0],"tintindex":0,"texture":"#0"},"south":{"uv":[14.875,12.125,15.0,12.25],"tintindex":0,"texture":"#0"},"west":{"uv":[12.25,14.875,12.375,15.0],"tintindex":0,"texture":"#0"},"up":{"uv":[15.0,12.375,14.875,12.25],"tintindex":0,"texture":"#0"},"down":{"uv":[12.5,14.875,12.375,15.0],"tintindex":0,"texture":"#0"}}},{"from":[7.737335,7.978995,7.940054],"to":[7.828787,8.070447,8.06199],"faces":{"north":{"uv":[14.375,1.0,14.625,1.25],"tintindex":0,"texture":"#0"},"east":{"uv":[5.25,13.625,5.625,13.875],"tintindex":0,"texture":"#0"},"south":{"uv":[1.5,14.375,1.75,14.625],"tintindex":0,"texture":"#0"},"west":{"uv":[13.625,5.75,14.0,6.0],"tintindex":0,"texture":"#0"},"up":{"uv":[5.875,14.0,5.625,13.625],"tintindex":0,"texture":"#0"},"down":{"uv":[7.0,13.625,6.75,14.0],"tintindex":0,"texture":"#0"}}}],"display":{"fixed":{"scale":[4,4,4],"rotation":[0.0,0.0,-25.0]}}}