{"textures":{"0":"bettermodel:item/demon_knight_demon_knight","particle":"bettermodel:item/demon_knight_demon_knight"},"elements":[{"from":[7.786315,8.318326,8.016565],"to":[7.861693,8.381142,8.098225],"faces":{"north":{"uv":[5.25,13.875,5.5,14.125],"tintindex":0,"texture":"#0"},"east":{"uv":[13.875,5.375,14.125,5.625],"tintindex":0,"texture":"#0"},"south":{"uv":[6.125,13.875,6.375,14.125],"tintindex":0,"texture":"#0"},"west":{"uv":[6.375,13.875,6.625,14.125],"tintindex":0,"texture":"#0"},"up":{"uv":[14.125,6.875,13.875,6.625],"tintindex":0,"texture":"#0"},"down":{"uv":[14.125,6.875,13.875,7.125],"tintindex":0,"texture":"#0"}}}],"display":{"fixed":{"scale":[4,4,4],"rotation":[4.1802796E-6,-24.999994,-2.4999943]}}}