{"textures":{"0":"bettermodel:item/demon_knight_demon_knight","particle":"bettermodel:item/demon_knight_demon_knight"},"elements":[{"from":[8.003062,7.9044433,7.832063],"to":[8.113913,7.987581,7.9521513],"faces":{"north":{"uv":[13.25,2.5,13.625,2.75],"tintindex":0,"texture":"#0"},"east":{"uv":[13.25,3.75,13.625,4.0],"tintindex":0,"texture":"#0"},"south":{"uv":[13.25,4.0,13.625,4.25],"tintindex":0,"texture":"#0"},"west":{"uv":[4.125,13.25,4.5,13.5],"tintindex":0,"texture":"#0"},"up":{"uv":[3.875,12.5,3.5,12.125],"tintindex":0,"texture":"#0"},"down":{"uv":[4.25,12.125,3.875,12.5],"tintindex":0,"texture":"#0"}}},{"from":[8.041052,7.7386703,7.8163276],"to":[8.151902,7.821808,7.936415],"faces":{"north":{"uv":[8.75,12.875,9.125,13.125],"tintindex":0,"texture":"#0"},"east":{"uv":[9.375,12.875,9.75,13.125],"tintindex":0,"texture":"#0"},"south":{"uv":[5.875,13.0,6.25,13.25],"tintindex":0,"texture":"#0"},"west":{"uv":[6.25,13.0,6.625,13.25],"tintindex":0,"texture":"#0"},"up":{"uv":[12.375,11.375,12.0,11.0],"tintindex":0,"texture":"#0"},"down":{"uv":[12.0,12.0,11.625,12.375],"tintindex":0,"texture":"#0"}}},{"from":[8.026062,7.8221993,7.8225365],"to":[8.136912,7.905337,7.9426246],"faces":{"north":{"uv":[13.125,10.125,13.5,10.375],"tintindex":0,"texture":"#0"},"east":{"uv":[13.125,10.375,13.5,10.625],"tintindex":0,"texture":"#0"},"south":{"uv":[13.125,12.5,13.5,12.75],"tintindex":0,"texture":"#0"},"west":{"uv":[13.125,12.75,13.5,13.0],"tintindex":0,"texture":"#0"},"up":{"uv":[2.75,12.5,2.375,12.125],"tintindex":0,"texture":"#0"},"down":{"uv":[3.5,12.125,3.125,12.5],"tintindex":0,"texture":"#0"}}}],"display":{"fixed":{"scale":[4,4,4],"rotation":[4.1140532,-22.139915,10.805238]}}}