{"textures":{"0":"bettermodel:item/demon_knight_demon_knight","particle":"bettermodel:item/demon_knight_demon_knight"},"elements":[{"from":[7.9464574,8.603108,8.051018],"to":[7.9574504,8.634516,8.0635805],"faces":{"north":{"uv":[9.125,14.125,9.25,14.25],"tintindex":0,"texture":"#0"},"east":{"uv":[12.5,14.625,12.625,14.75],"tintindex":0,"texture":"#0"},"south":{"uv":[13.25,14.625,13.375,14.75],"tintindex":0,"texture":"#0"},"west":{"uv":[13.375,14.625,13.5,14.75],"tintindex":0,"texture":"#0"},"up":{"uv":[13.625,14.75,13.5,14.625],"tintindex":0,"texture":"#0"},"down":{"uv":[14.75,13.5,14.625,13.625],"tintindex":0,"texture":"#0"}}}],"display":{"fixed":{"scale":[4,4,4],"rotation":[-4.003649E-6,-25.000002,6.499994]}}}