{"textures":{"0":"bettermodel:item/demon_knight_demon_knight","particle":"bettermodel:item/demon_knight_demon_knight"},"elements":[{"from":[8.041404,7.7386703,8.0627365],"to":[8.152254,7.821808,8.182824],"faces":{"north":{"uv":[13.125,4.625,13.5,4.875],"tintindex":0,"texture":"#0"},"east":{"uv":[13.125,4.875,13.5,5.125],"tintindex":0,"texture":"#0"},"south":{"uv":[13.125,5.25,13.5,5.5],"tintindex":0,"texture":"#0"},"west":{"uv":[13.125,5.5,13.5,5.75],"tintindex":0,"texture":"#0"},"up":{"uv":[12.375,12.375,12.0,12.0],"tintindex":0,"texture":"#0"},"down":{"uv":[12.5,0.0,12.125,0.375],"tintindex":0,"texture":"#0"}}},{"from":[8.003414,7.9044433,8.047],"to":[8.1142645,7.987581,8.167088],"faces":{"north":{"uv":[13.25,12.0,13.625,12.25],"tintindex":0,"texture":"#0"},"east":{"uv":[13.25,12.25,13.625,12.5],"tintindex":0,"texture":"#0"},"south":{"uv":[12.375,13.25,12.75,13.5],"tintindex":0,"texture":"#0"},"west":{"uv":[13.25,13.0,13.625,13.25],"tintindex":0,"texture":"#0"},"up":{"uv":[2.125,12.625,1.75,12.25],"tintindex":0,"texture":"#0"},"down":{"uv":[12.625,2.375,12.25,2.75],"tintindex":0,"texture":"#0"}}},{"from":[8.026413,7.8221993,8.056527],"to":[8.137263,7.905337,8.176615],"faces":{"north":{"uv":[9.375,13.125,9.75,13.375],"tintindex":0,"texture":"#0"},"east":{"uv":[13.125,9.375,13.5,9.625],"tintindex":0,"texture":"#0"},"south":{"uv":[13.125,9.625,13.5,9.875],"tintindex":0,"texture":"#0"},"west":{"uv":[13.125,9.875,13.5,10.125],"tintindex":0,"texture":"#0"},"up":{"uv":[1.75,12.5,1.375,12.125],"tintindex":0,"texture":"#0"},"down":{"uv":[12.5,1.5,12.125,1.875],"tintindex":0,"texture":"#0"}}}],"display":{"fixed":{"scale":[4,4,4],"rotation":[-4.1140532,22.139915,10.805238]}}}