{"textures":{"0":"bettermodel:item/demon_knight_demon_knight","particle":"bettermodel:item/demon_knight_demon_knight"},"elements":[{"from":[7.7452774,7.7917295,7.9400444],"to":[7.907858,7.883181,8.045352],"faces":{"north":{"uv":[12.625,12.75,13.125,13.0],"tintindex":0,"texture":"#0"},"east":{"uv":[0.25,13.75,0.625,14.0],"tintindex":0,"texture":"#0"},"south":{"uv":[12.875,0.0,13.375,0.25],"tintindex":0,"texture":"#0"},"west":{"uv":[13.75,0.375,14.125,0.625],"tintindex":0,"texture":"#0"},"up":{"uv":[12.25,10.25,11.75,9.875],"tintindex":0,"texture":"#0"},"down":{"uv":[12.25,10.25,11.75,10.625],"tintindex":0,"texture":"#0"}}}],"display":{"fixed":{"scale":[4,4,4],"rotation":[3.0947251,-22.297112,8.110027]}}}