{"textures":{"0":"bettermodel:item/demon_knight_demon_knight","particle":"bettermodel:item/demon_knight_demon_knight"},"elements":[{"from":[8.03695,8.1872835,7.912427],"to":[8.166275,8.329541,7.949377],"faces":{"north":{"uv":[6.0,9.75,6.5,10.25],"tintindex":0,"texture":"#0"},"east":{"uv":[12.5,13.75,12.625,14.25],"tintindex":0,"texture":"#0"},"south":{"uv":[9.875,1.5,10.375,2.0],"tintindex":0,"texture":"#0"},"west":{"uv":[0.875,13.875,1.0,14.375],"tintindex":0,"texture":"#0"},"up":{"uv":[11.25,7.5,10.75,7.375],"tintindex":0,"texture":"#0"},"down":{"uv":[11.375,6.875,10.875,7.0],"tintindex":0,"texture":"#0"}}},{"from":[7.8337245,8.1872835,7.912427],"to":[7.96305,8.329541,7.949377],"faces":{"north":{"uv":[0.0,10.0,0.5,10.5],"tintindex":0,"texture":"#0"},"east":{"uv":[3.75,13.875,3.875,14.375],"tintindex":0,"texture":"#0"},"south":{"uv":[10.0,0.375,10.5,0.875],"tintindex":0,"texture":"#0"},"west":{"uv":[7.25,13.875,7.375,14.375],"tintindex":0,"texture":"#0"},"up":{"uv":[14.375,4.25,13.875,4.125],"tintindex":0,"texture":"#0"},"down":{"uv":[14.375,7.375,13.875,7.5],"tintindex":0,"texture":"#0"}}}],"display":{"fixed":{"scale":[4,4,4],"rotation":[-15.000001,0.0,0.0]}}}