{"textures":{"0":"bettermodel:item/demon_knight_demon_knight","particle":"bettermodel:item/demon_knight_demon_knight"},"elements":[{"from":[7.9993925,7.741853,8.059417],"to":[8.091768,7.824991,8.142554],"faces":{"north":{"uv":[13.0,8.875,13.375,9.125],"tintindex":0,"texture":"#0"},"east":{"uv":[13.875,9.75,14.125,10.0],"tintindex":0,"texture":"#0"},"south":{"uv":[13.0,9.125,13.375,9.375],"tintindex":0,"texture":"#0"},"west":{"uv":[10.0,13.875,10.25,14.125],"tintindex":0,"texture":"#0"},"up":{"uv":[10.125,13.25,9.75,13.0],"tintindex":0,"texture":"#0"},"down":{"uv":[10.5,13.0,10.125,13.25],"tintindex":0,"texture":"#0"}}},{"from":[7.984402,7.825382,8.053207],"to":[8.076777,7.90852,8.136345],"faces":{"north":{"uv":[0.25,14.0,0.5,14.25],"tintindex":0,"texture":"#0"},"east":{"uv":[1.25,14.0,1.5,14.25],"tintindex":0,"texture":"#0"},"south":{"uv":[14.0,1.5,14.25,1.75],"tintindex":0,"texture":"#0"},"west":{"uv":[14.0,1.75,14.25,2.0],"tintindex":0,"texture":"#0"},"up":{"uv":[2.125,14.25,1.875,14.0],"tintindex":0,"texture":"#0"},"down":{"uv":[2.625,14.0,2.375,14.25],"tintindex":0,"texture":"#0"}}},{"from":[7.979878,7.907626,8.04368],"to":[8.053778,8.000002,8.126819],"faces":{"north":{"uv":[13.125,2.125,13.375,2.5],"tintindex":0,"texture":"#0"},"east":{"uv":[2.5,13.125,2.75,13.5],"tintindex":0,"texture":"#0"},"south":{"uv":[2.75,13.125,3.0,13.5],"tintindex":0,"texture":"#0"},"west":{"uv":[3.0,13.125,3.25,13.5],"tintindex":0,"texture":"#0"},"up":{"uv":[14.25,2.75,14.0,2.5],"tintindex":0,"texture":"#0"},"down":{"uv":[3.5,14.0,3.25,14.25],"tintindex":0,"texture":"#0"}}}],"display":{"fixed":{"scale":[4,4,4],"rotation":[-3.8403628,7.1755867,9.732897]}}}