{"textures":{"0":"bettermodel:item/demon_knight_demon_knight","particle":"bettermodel:item/demon_knight_demon_knight"},"elements":[{"from":[7.935149,8.196583,7.9295096],"to":[7.985955,8.226143,7.9803157],"faces":{"north":{"uv":[14.875,11.625,15.0,11.75],"tintindex":0,"texture":"#0"},"east":{"uv":[11.75,14.875,11.875,15.0],"tintindex":0,"texture":"#0"},"south":{"uv":[14.875,11.75,15.0,11.875],"tintindex":0,"texture":"#0"},"west":{"uv":[11.875,14.875,12.0,15.0],"tintindex":0,"texture":"#0"},"up":{"uv":[15.0,12.0,14.875,11.875],"tintindex":0,"texture":"#0"},"down":{"uv":[12.125,14.875,12.0,15.0],"tintindex":0,"texture":"#0"}}}],"display":{"fixed":{"scale":[4,4,4],"rotation":[-12.212698,43.657467,17.407442]}}}