{"textures":{"0":"bettermodel:item/gargouille_v3_wip_texture","1":"bettermodel:item/gargouille_v3_polished_basalt_side","particle":"bettermodel:item/gargouille_v3_wip_texture"},"elements":[{"from":[7.9626966,8.002407,7.6323595],"to":[8.073547,8.002407,7.74321],"faces":{"north":{"uv":[2.875,10.375,3.25,10.375],"tintindex":0,"texture":"#0"},"east":{"uv":[2.5,10.375,2.875,10.375],"tintindex":0,"texture":"#0"},"south":{"uv":[3.625,10.375,4.0,10.375],"tintindex":0,"texture":"#0"},"west":{"uv":[3.25,10.375,3.625,10.375],"tintindex":0,"texture":"#0"},"up":{"uv":[3.25,10.375,2.875,10.0],"tintindex":0,"texture":"#0"},"down":{"uv":[3.625,10.0,3.25,10.375],"tintindex":0,"texture":"#0"}}},{"from":[7.9594307,7.9592195,7.736517],"to":[8.040721,8.040509,8.076457],"faces":{"north":{"uv":[8.875,2.5,9.125,2.75],"tintindex":0,"texture":"#0"},"east":{"uv":[7.75,2.5,8.875,2.75],"tintindex":0,"texture":"#0"},"south":{"uv":[10.25,2.5,10.5,2.75],"tintindex":0,"texture":"#0"},"west":{"uv":[9.125,2.5,10.25,2.75],"tintindex":0,"texture":"#0"},"up":{"uv":[9.125,2.5,8.875,1.375],"tintindex":0,"texture":"#0"},"down":{"uv":[9.375,1.375,9.125,2.5],"tintindex":0,"texture":"#0"}}}],"display":{"fixed":{"scale":[4,4,4],"rotation":[-22.500004,-7.4999967,-2.5834222E-6]}}}