{"textures":{"0":"bettermodel:item/gargouille_v3_wip_texture","1":"bettermodel:item/gargouille_v3_polished_basalt_side","particle":"bettermodel:item/gargouille_v3_wip_texture"},"elements":[{"from":[7.959279,7.9592195,7.736517],"to":[8.040568,8.040509,8.076457],"faces":{"north":{"uv":[8.875,1.125,9.125,1.375],"tintindex":0,"texture":"#0"},"east":{"uv":[7.75,1.125,8.875,1.375],"tintindex":0,"texture":"#0"},"south":{"uv":[10.25,1.125,10.5,1.375],"tintindex":0,"texture":"#0"},"west":{"uv":[9.125,1.125,10.25,1.375],"tintindex":0,"texture":"#0"},"up":{"uv":[9.125,1.125,8.875,0.0],"tintindex":0,"texture":"#0"},"down":{"uv":[9.375,0.0,9.125,1.125],"tintindex":0,"texture":"#0"}}},{"from":[7.926453,8.002407,7.6323595],"to":[8.037303,8.002407,7.74321],"faces":{"north":{"uv":[1.375,10.375,1.75,10.375],"tintindex":0,"texture":"#0"},"east":{"uv":[1.0,10.375,1.375,10.375],"tintindex":0,"texture":"#0"},"south":{"uv":[2.125,10.375,2.5,10.375],"tintindex":0,"texture":"#0"},"west":{"uv":[1.75,10.375,2.125,10.375],"tintindex":0,"texture":"#0"},"up":{"uv":[1.75,10.375,1.375,10.0],"tintindex":0,"texture":"#0"},"down":{"uv":[2.125,10.0,1.75,10.375],"tintindex":0,"texture":"#0"}}}],"display":{"fixed":{"scale":[4,4,4],"rotation":[-22.500004,7.4999967,2.5834222E-6]}}}