{"textures":{"0":"bettermodel:item/leviathan_meg","1":"bettermodel:item/leviathan_meg_e","particle":"bettermodel:item/leviathan_meg"},"elements":[{"from":[7.5562873,6.8937836,9.563196],"to":[8.365771,9.760926,11.172189],"faces":{"north":{"uv":[2.140625,8.703125,2.484375,9.921875],"tintindex":0,"texture":"#0"},"east":{"uv":[4.75,0.796875,5.4375,2.015625],"tintindex":0,"texture":"#0"},"south":{"uv":[2.484375,8.703125,2.828125,9.921875],"tintindex":0,"texture":"#0"},"west":{"uv":[3.15625,5.0,3.84375,6.21875],"tintindex":0,"texture":"#0"},"up":{"uv":[7.375,5.46875,7.03125,4.78125],"tintindex":0,"texture":"#0"},"down":{"uv":[12.0,10.171875,11.65625,10.859375],"tintindex":0,"texture":"#0"}}},{"from":[7.2445207,6.270251,7.678742],"to":[8.178712,9.3868065,9.5371475],"faces":{"north":{"uv":[7.1875,7.40625,7.578125,8.71875],"tintindex":0,"texture":"#0"},"east":{"uv":[3.6875,0.0,4.46875,1.3125],"tintindex":0,"texture":"#0"},"south":{"uv":[3.078125,7.453125,3.46875,8.765625],"tintindex":0,"texture":"#0"},"west":{"uv":[3.546875,3.6875,4.328125,5.0],"tintindex":0,"texture":"#0"},"up":{"uv":[2.359375,11.234375,1.96875,10.453125],"tintindex":0,"texture":"#0"},"down":{"uv":[3.203125,10.734375,2.8125,11.515625],"tintindex":0,"texture":"#0"}}},{"from":[7.6809936,6.5820174,6.431677],"to":[8.615185,9.07504,7.6665483],"faces":{"north":{"uv":[1.265625,8.765625,1.65625,9.8125],"tintindex":0,"texture":"#0"},"east":{"uv":[6.296875,7.234375,6.8125,8.28125],"tintindex":0,"texture":"#0"},"south":{"uv":[2.828125,8.765625,3.21875,9.8125],"tintindex":0,"texture":"#0"},"west":{"uv":[7.375,2.75,7.890625,3.796875],"tintindex":0,"texture":"#0"},"up":{"uv":[0.546875,12.6875,0.15625,12.171875],"tintindex":0,"texture":"#0"},"down":{"uv":[5.546875,12.203125,5.15625,12.71875],"tintindex":0,"texture":"#0"}}},{"from":[7.8680534,6.83143,5.5587306],"to":[8.4904785,9.199747,6.4194827],"faces":{"north":{"uv":[0.0,10.96875,0.265625,11.96875],"tintindex":0,"texture":"#0"},"east":{"uv":[2.375,2.9375,2.734375,3.9375],"tintindex":0,"texture":"#0"},"south":{"uv":[0.265625,11.171875,0.53125,12.171875],"tintindex":0,"texture":"#0"},"west":{"uv":[2.453125,9.921875,2.8125,10.921875],"tintindex":0,"texture":"#0"},"up":{"uv":[13.953125,13.71875,13.6875,13.359375],"tintindex":0,"texture":"#0"},"down":{"uv":[3.0,13.703125,2.734375,14.0625],"tintindex":0,"texture":"#0"}}}],"display":{"fixed":{"scale":[4,4,4]}}}