{"textures":{"0":"bettermodel:item/leviathan_meg","1":"bettermodel:item/leviathan_meg_e","particle":"bettermodel:item/leviathan_meg"},"elements":[{"from":[7.044325,8.160667,6.4031353],"to":[8.958155,9.118413,7.360882],"faces":{"north":{"uv":[10.21875,3.90625,11.03125,4.3125],"tintindex":0,"texture":"#0"},"east":{"uv":[12.578125,9.890625,12.984375,10.296875],"tintindex":0,"texture":"#0"},"south":{"uv":[10.21875,4.3125,11.03125,4.71875],"tintindex":0,"texture":"#0"},"west":{"uv":[1.15625,12.59375,1.5625,13.0],"tintindex":0,"texture":"#0"},"up":{"uv":[11.03125,5.125,10.21875,4.71875],"tintindex":0,"texture":"#0"},"down":{"uv":[11.078125,1.53125,10.265625,1.9375],"tintindex":0,"texture":"#0"}}},{"from":[7.0456347,8.015426,7.1412015],"to":[8.956846,8.970554,8.096329],"faces":{"north":{"uv":[10.296875,2.75,11.109375,3.15625],"tintindex":0,"texture":"#0"},"east":{"uv":[12.59375,6.03125,13.0,6.4375],"tintindex":0,"texture":"#0"},"south":{"uv":[10.296875,3.15625,11.109375,3.5625],"tintindex":0,"texture":"#0"},"west":{"uv":[11.125,12.640625,11.53125,13.046875],"tintindex":0,"texture":"#0"},"up":{"uv":[11.1875,5.53125,10.375,5.125],"tintindex":0,"texture":"#0"},"down":{"uv":[8.3125,10.375,7.5,10.78125],"tintindex":0,"texture":"#0"}},"rotation":{"angle":22.5,"axis":"x","origin":[8.00124,8.4929905,7.618765]}},{"from":[7.066294,7.515467,6.8105826],"to":[8.936062,8.429151,7.142302],"faces":{"north":{"uv":[10.59375,7.421875,11.390625,7.8125],"tintindex":0,"texture":"#0"},"east":{"uv":[7.359375,10.859375,7.5,11.25],"tintindex":0,"texture":"#0"},"south":{"uv":[10.59375,7.8125,11.390625,8.203125],"tintindex":0,"texture":"#0"},"west":{"uv":[3.46875,10.875,3.609375,11.265625],"tintindex":0,"texture":"#0"},"up":{"uv":[10.828125,7.0625,10.03125,6.921875],"tintindex":0,"texture":"#0"},"down":{"uv":[13.84375,7.40625,13.046875,7.546875],"tintindex":0,"texture":"#0"}},"rotation":{"angle":-45.0,"axis":"x","origin":[8.022124,8.616564,7.288146]}},{"from":[7.615451,8.161976,5.3831344],"to":[8.953012,9.117105,6.720695],"faces":{"north":{"uv":[6.78125,2.75,7.34375,3.15625],"tintindex":0,"texture":"#0"},"east":{"uv":[11.28125,11.734375,11.84375,12.140625],"tintindex":0,"texture":"#0"},"south":{"uv":[11.765625,6.859375,12.328125,7.265625],"tintindex":0,"texture":"#0"},"west":{"uv":[11.78125,10.859375,12.34375,11.265625],"tintindex":0,"texture":"#0"},"up":{"uv":[11.140625,1.40625,10.578125,0.84375],"tintindex":0,"texture":"#0"},"down":{"uv":[11.140625,5.953125,10.578125,6.515625],"tintindex":0,"texture":"#0"}},"rotation":{"angle":45.0,"axis":"y","origin":[8.566277,8.63954,6.5729804]}},{"from":[7.6656456,7.779543,5.5241566],"to":[8.81199,8.161021,6.6705008],"faces":{"north":{"uv":[13.96875,10.34375,14.453125,10.5],"tintindex":0,"texture":"#0"},"east":{"uv":[13.96875,10.5,14.453125,10.65625],"tintindex":0,"texture":"#0"}},"rotation":{"angle":45.0,"axis":"y","origin":[8.566277,8.496128,6.5729804]}},{"from":[7.1818657,7.779065,6.471094],"to":[8.807208,8.161498,7.427178],"faces":{"east":{"uv":[14.15625,0.171875,14.5625,0.328125],"tintindex":0,"texture":"#0"},"west":{"uv":[14.15625,0.328125,14.5625,0.484375],"tintindex":0,"texture":"#0"}}},{"from":[7.188569,6.708941,7.2585726],"to":[8.813911,8.143066,7.8322225],"faces":{"north":{"uv":[8.59375,0.796875,9.28125,1.40625],"tintindex":0,"texture":"#0"},"east":{"uv":[8.984375,12.796875,8.734375,13.40625],"tintindex":0,"texture":"#0"},"south":{"uv":[8.640625,8.46875,9.328125,9.078125],"tintindex":0,"texture":"#0"},"west":{"uv":[8.734375,12.796875,8.984375,13.40625],"tintindex":0,"texture":"#0"},"up":{"uv":[13.109375,12.390625,12.421875,12.140625],"tintindex":0,"texture":"#0"},"down":{"uv":[13.25,9.640625,12.5625,9.890625],"tintindex":0,"texture":"#0"}}}],"display":{"fixed":{"scale":[4,4,4]}}}