{"textures":{"0":"bettermodel:item/leviathan_meg","1":"bettermodel:item/leviathan_meg_e","particle":"bettermodel:item/leviathan_meg"},"elements":[{"from":[6.4366455,7.810151,7.376467],"to":[6.748412,8.184271,7.750587],"faces":{"north":{"uv":[9.0625,6.046875,9.1875,6.203125],"tintindex":0,"texture":"#0"},"east":{"uv":[14.59375,13.78125,14.75,13.9375],"tintindex":0,"texture":"#0"},"south":{"uv":[10.828125,6.921875,10.953125,7.078125],"tintindex":0,"texture":"#0"},"west":{"uv":[14.609375,1.515625,14.765625,1.671875],"tintindex":0,"texture":"#0"},"up":{"uv":[1.6875,12.75,1.5625,12.59375],"tintindex":0,"texture":"#0"},"down":{"uv":[13.421875,13.609375,13.296875,13.765625],"tintindex":0,"texture":"#0"}}},{"from":[6.37826,7.5762963,7.058604],"to":[8.000554,8.949177,8.691982],"faces":{"north":{"uv":[9.203125,6.046875,9.890625,6.625],"tintindex":0,"texture":"#0"},"east":{"uv":[9.21875,7.71875,9.90625,8.296875],"tintindex":0,"texture":"#0"},"south":{"uv":[7.53125,9.265625,8.21875,9.84375],"tintindex":0,"texture":"#0"},"west":{"uv":[9.28125,0.421875,9.96875,1.0],"tintindex":0,"texture":"#0"},"up":{"uv":[8.28125,7.375,7.59375,6.6875],"tintindex":0,"texture":"#0"},"down":{"uv":[4.78125,7.8125,4.09375,8.5],"tintindex":0,"texture":"#0"}},"rotation":{"angle":22.5,"axis":"z","origin":[8.0,8.948623,7.81294]}},{"from":[7.999446,7.5762963,7.058604],"to":[9.621739,8.949177,8.691982],"faces":{"north":{"uv":[9.3125,7.078125,10.0,7.65625],"tintindex":0,"texture":"#0"},"east":{"uv":[4.296875,9.390625,4.984375,9.96875],"tintindex":0,"texture":"#0"},"south":{"uv":[9.609375,2.75,10.296875,3.328125],"tintindex":0,"texture":"#0"},"west":{"uv":[9.609375,3.328125,10.296875,3.90625],"tintindex":0,"texture":"#0"},"up":{"uv":[8.578125,5.671875,7.890625,4.984375],"tintindex":0,"texture":"#0"},"down":{"uv":[8.59375,0.796875,7.90625,1.484375],"tintindex":0,"texture":"#0"}},"rotation":{"angle":-22.5,"axis":"z","origin":[8.0,8.948623,7.81294]}},{"from":[9.251588,7.810151,7.376467],"to":[9.5633545,8.184271,7.750587],"faces":{"north":{"uv":[7.109375,14.703125,7.234375,14.859375],"tintindex":0,"texture":"#0"},"east":{"uv":[4.828125,14.671875,4.984375,14.828125],"tintindex":0,"texture":"#0"},"south":{"uv":[8.296875,14.703125,8.421875,14.859375],"tintindex":0,"texture":"#0"},"west":{"uv":[4.984375,14.671875,5.140625,14.828125],"tintindex":0,"texture":"#0"},"up":{"uv":[9.4375,14.859375,9.3125,14.703125],"tintindex":0,"texture":"#0"},"down":{"uv":[9.875,14.703125,9.75,14.859375],"tintindex":0,"texture":"#0"}}}],"display":{"fixed":{"scale":[4,4,4]}}}