{"textures":{"0":"bettermodel:item/leviathan_meg","1":"bettermodel:item/leviathan_meg_e","particle":"bettermodel:item/leviathan_meg"},"elements":[{"from":[7.0357385,9.155302,8.717063],"to":[7.2851515,9.404715,8.9664755],"faces":{"north":{"uv":[9.96875,13.21875,10.078125,13.328125],"tintindex":0,"texture":"#0"},"east":{"uv":[14.0,0.46875,14.109375,0.578125],"tintindex":0,"texture":"#0"},"south":{"uv":[14.0,11.140625,14.109375,11.25],"tintindex":0,"texture":"#0"},"west":{"uv":[7.875,14.328125,7.984375,14.4375],"tintindex":0,"texture":"#0"},"up":{"uv":[14.78125,3.0625,14.671875,2.953125],"tintindex":0,"texture":"#0"},"down":{"uv":[14.78125,7.671875,14.671875,7.78125],"tintindex":0,"texture":"#0"}}},{"from":[8.7148485,9.155302,8.717063],"to":[8.964262,9.404715,8.9664755],"faces":{"north":{"uv":[14.671875,8.328125,14.78125,8.4375],"tintindex":0,"texture":"#0"},"east":{"uv":[14.71875,12.171875,14.828125,12.28125],"tintindex":0,"texture":"#0"},"south":{"uv":[14.734375,7.0,14.84375,7.109375],"tintindex":0,"texture":"#0"},"west":{"uv":[14.734375,9.734375,14.84375,9.84375],"tintindex":0,"texture":"#0"},"up":{"uv":[14.84375,9.953125,14.734375,9.84375],"tintindex":0,"texture":"#0"},"down":{"uv":[14.84375,9.953125,14.734375,10.0625],"tintindex":0,"texture":"#0"}}},{"from":[7.1598215,9.123502,8.030554],"to":[8.158721,9.7482815,9.216512],"faces":{"north":{"uv":[2.3125,13.453125,2.734375,13.71875],"tintindex":0,"texture":"#0"},"east":{"uv":[13.03125,3.625,13.53125,3.890625],"tintindex":0,"texture":"#0"},"south":{"uv":[13.453125,2.9375,13.875,3.203125],"tintindex":0,"texture":"#0"},"west":{"uv":[13.03125,7.5625,13.53125,7.828125],"tintindex":0,"texture":"#0"},"up":{"uv":[2.765625,12.546875,2.34375,12.046875],"tintindex":0,"texture":"#0"},"down":{"uv":[1.6875,12.09375,1.265625,12.59375],"tintindex":0,"texture":"#0"}},"rotation":{"angle":22.5,"axis":"z","origin":[7.6592712,9.435892,8.623533]}},{"from":[7.841279,9.123502,8.030554],"to":[8.8401785,9.7482815,9.216512],"faces":{"north":{"uv":[13.46875,1.46875,13.890625,1.734375],"tintindex":0,"texture":"#0"},"east":{"uv":[13.03125,7.828125,13.53125,8.09375],"tintindex":0,"texture":"#0"},"south":{"uv":[13.46875,1.734375,13.890625,2.0],"tintindex":0,"texture":"#0"},"west":{"uv":[13.03125,10.265625,13.53125,10.53125],"tintindex":0,"texture":"#0"},"up":{"uv":[12.5625,5.609375,12.140625,5.109375],"tintindex":0,"texture":"#0"},"down":{"uv":[11.625,12.140625,11.203125,12.640625],"tintindex":0,"texture":"#0"}},"rotation":{"angle":-22.5,"axis":"z","origin":[8.340729,9.435892,8.623533]}},{"from":[7.3459144,7.4011683,8.031799],"to":[8.654086,9.27052,9.215266],"faces":{"north":{"uv":[8.3125,0.0,8.859375,0.796875],"tintindex":0,"texture":"#0"},"east":{"uv":[9.109375,2.75,9.609375,3.546875],"tintindex":0,"texture":"#0"},"south":{"uv":[0.0,8.375,0.546875,9.171875],"tintindex":0,"texture":"#0"},"west":{"uv":[9.109375,3.546875,9.609375,4.34375],"tintindex":0,"texture":"#0"},"up":{"uv":[11.609375,9.78125,11.0625,9.28125],"tintindex":0,"texture":"#0"},"down":{"uv":[11.609375,9.78125,11.0625,10.28125],"tintindex":0,"texture":"#0"}}}],"display":{"fixed":{"scale":[4,4,4]}}}