{"textures":{"0":"bettermodel:item/leviathan_meg","1":"bettermodel:item/leviathan_meg_e","particle":"bettermodel:item/leviathan_meg"},"elements":[{"from":[7.7994056,7.308657,7.22197],"to":[8.547645,8.49337,8.406682],"faces":{"north":{"uv":[0.53125,12.734375,0.84375,13.234375],"tintindex":0,"texture":"#0"},"east":{"uv":[5.46875,11.328125,5.96875,11.828125],"tintindex":0,"texture":"#0"},"south":{"uv":[12.75,6.4375,13.0625,6.9375],"tintindex":0,"texture":"#0"},"west":{"uv":[6.53125,11.328125,7.03125,11.828125],"tintindex":0,"texture":"#0"},"up":{"uv":[1.875,13.265625,1.5625,12.765625],"tintindex":0,"texture":"#0"},"down":{"uv":[6.28125,12.78125,5.96875,13.28125],"tintindex":0,"texture":"#0"}},"rotation":{"angle":-45.0,"axis":"x","origin":[8.173525,7.9010134,7.814326]}},{"from":[7.860927,6.4972334,7.3146687],"to":[8.486122,7.621255,7.939864],"faces":{"north":{"uv":[10.453125,13.296875,10.71875,13.765625],"tintindex":0,"texture":"#0"},"east":{"uv":[13.296875,10.53125,13.5625,11.0],"tintindex":0,"texture":"#0"},"south":{"uv":[3.125,13.328125,3.390625,13.796875],"tintindex":0,"texture":"#0"},"west":{"uv":[3.390625,13.328125,3.65625,13.796875],"tintindex":0,"texture":"#0"},"up":{"uv":[3.0,14.328125,2.734375,14.0625],"tintindex":0,"texture":"#0"},"down":{"uv":[3.265625,14.0625,3.0,14.328125],"tintindex":0,"texture":"#0"}}},{"from":[7.870696,6.563283,7.614916],"to":[8.476355,7.8091016,8.112495],"faces":{"north":{"uv":[0.84375,13.015625,1.09375,13.546875],"tintindex":0,"texture":"#0"},"east":{"uv":[4.21875,13.484375,4.421875,14.015625],"tintindex":0,"texture":"#0"},"south":{"uv":[11.125,13.046875,11.375,13.578125],"tintindex":0,"texture":"#0"},"west":{"uv":[4.421875,13.484375,4.625,14.015625],"tintindex":0,"texture":"#0"},"up":{"uv":[14.578125,2.125,14.328125,1.921875],"tintindex":0,"texture":"#0"},"down":{"uv":[14.578125,2.125,14.328125,2.328125],"tintindex":0,"texture":"#0"}},"rotation":{"angle":22.5,"axis":"x","origin":[8.235878,6.9679556,7.863705]}},{"from":[8.048819,5.526987,7.015117],"to":[8.360585,5.8387537,7.326884],"faces":{"north":{"uv":[14.671875,10.953125,14.796875,11.078125],"tintindex":0,"texture":"#0"},"east":{"uv":[14.703125,12.59375,14.828125,12.71875],"tintindex":0,"texture":"#0"},"south":{"uv":[4.0,14.71875,4.125,14.84375],"tintindex":0,"texture":"#0"},"west":{"uv":[4.125,14.71875,4.25,14.84375],"tintindex":0,"texture":"#0"},"up":{"uv":[14.84375,4.25,14.71875,4.125],"tintindex":0,"texture":"#0"},"down":{"uv":[5.390625,14.71875,5.265625,14.84375],"tintindex":0,"texture":"#0"}}},{"from":[8.017642,5.7249827,6.9810452],"to":[8.391762,6.2238092,7.417518],"faces":{"north":{"uv":[2.28125,14.546875,2.4375,14.765625],"tintindex":0,"texture":"#0"},"east":{"uv":[14.484375,7.53125,14.671875,7.75],"tintindex":0,"texture":"#0"},"south":{"uv":[4.515625,14.546875,4.671875,14.765625],"tintindex":0,"texture":"#0"},"west":{"uv":[14.484375,10.859375,14.671875,11.078125],"tintindex":0,"texture":"#0"},"up":{"uv":[14.734375,9.984375,14.578125,9.796875],"tintindex":0,"texture":"#0"},"down":{"uv":[10.125,14.578125,9.96875,14.765625],"tintindex":0,"texture":"#0"}},"rotation":{"angle":22.5,"axis":"x","origin":[8.189114,6.0729,7.314388]}},{"from":[7.924112,6.0759625,6.8282194],"to":[8.422938,6.824202,7.4517517],"faces":{"north":{"uv":[14.15625,7.25,14.359375,7.5625],"tintindex":0,"texture":"#0"},"east":{"uv":[6.765625,13.828125,7.03125,14.140625],"tintindex":0,"texture":"#0"},"south":{"uv":[1.875,14.171875,2.078125,14.484375],"tintindex":0,"texture":"#0"},"west":{"uv":[11.375,13.828125,11.640625,14.140625],"tintindex":0,"texture":"#0"},"up":{"uv":[10.234375,14.578125,10.03125,14.3125],"tintindex":0,"texture":"#0"},"down":{"uv":[11.546875,14.3125,11.34375,14.578125],"tintindex":0,"texture":"#0"}},"rotation":{"angle":45.0,"axis":"x","origin":[8.189114,6.0729,7.314388]}},{"from":[7.9968576,6.256355,6.730728],"to":[8.350193,6.6304746,7.104848],"faces":{"north":{"uv":[14.65625,14.484375,14.8125,14.640625],"tintindex":0,"texture":"#0"},"east":{"uv":[14.65625,14.640625,14.8125,14.796875],"tintindex":0,"texture":"#0"},"south":{"uv":[14.671875,0.40625,14.828125,0.5625],"tintindex":0,"texture":"#0"},"west":{"uv":[14.671875,2.640625,14.828125,2.796875],"tintindex":0,"texture":"#0"},"up":{"uv":[14.828125,2.953125,14.671875,2.796875],"tintindex":0,"texture":"#0"},"down":{"uv":[4.828125,14.671875,4.671875,14.828125],"tintindex":0,"texture":"#0"}},"rotation":{"angle":-45.0,"axis":"x","origin":[8.173525,6.5619507,6.9555655]}},{"from":[8.059211,6.5612135,6.7892222],"to":[8.28784,6.8106265,7.1009884],"faces":{"north":{"uv":[0.84375,12.734375,0.9375,12.84375],"tintindex":0,"texture":"#0"},"east":{"uv":[12.484375,0.3125,12.609375,0.421875],"tintindex":0,"texture":"#0"},"south":{"uv":[6.8125,12.78125,6.90625,12.890625],"tintindex":0,"texture":"#0"},"west":{"uv":[13.0625,0.203125,13.1875,0.3125],"tintindex":0,"texture":"#0"},"up":{"uv":[0.359375,11.09375,0.265625,10.96875],"tintindex":0,"texture":"#0"},"down":{"uv":[11.953125,8.171875,11.859375,8.296875],"tintindex":0,"texture":"#0"}},"rotation":{"angle":-22.5,"axis":"x","origin":[8.173525,6.5619507,6.9555655]}}],"display":{"fixed":{"scale":[4,4,4]}}}