{"textures":{"0":"bettermodel:item/leviathan_meg","1":"bettermodel:item/leviathan_meg_e","particle":"bettermodel:item/leviathan_meg"},"elements":[{"from":[7.5953274,7.4491334,7.7787056],"to":[8.404674,8.383186,8.899818],"faces":{"north":{"uv":[6.1875,11.96875,6.53125,12.359375],"tintindex":0,"texture":"#0"},"east":{"uv":[11.625,12.390625,12.09375,12.78125],"tintindex":0,"texture":"#0"},"south":{"uv":[6.8125,13.03125,7.15625,13.421875],"tintindex":0,"texture":"#0"},"west":{"uv":[12.09375,12.390625,12.5625,12.78125],"tintindex":0,"texture":"#0"},"up":{"uv":[5.125,8.28125,4.78125,7.8125],"tintindex":0,"texture":"#0"},"down":{"uv":[13.0,0.3125,12.65625,0.78125],"tintindex":0,"texture":"#0"}}},{"from":[7.6045914,7.114339,7.653783],"to":[8.1657715,7.4884586,8.900848],"faces":{"north":{"uv":[13.453125,12.28125,13.6875,12.4375],"tintindex":0,"texture":"#0"},"east":{"uv":[9.96875,0.84375,10.5,1.0],"tintindex":0,"texture":"#0"},"south":{"uv":[14.453125,10.484375,14.6875,10.640625],"tintindex":0,"texture":"#0"},"west":{"uv":[10.5,2.578125,11.03125,2.734375],"tintindex":0,"texture":"#0"},"up":{"uv":[13.453125,8.625,13.21875,8.09375],"tintindex":0,"texture":"#0"},"down":{"uv":[0.734375,13.234375,0.5,13.765625],"tintindex":0,"texture":"#0"}},"rotation":{"angle":-22.5,"axis":"z","origin":[8.0,7.5124063,8.152609]}},{"from":[7.834229,7.114339,7.653783],"to":[8.395409,7.4884586,8.900848],"faces":{"north":{"uv":[14.453125,13.46875,14.6875,13.625],"tintindex":0,"texture":"#0"},"east":{"uv":[13.828125,0.84375,14.359375,1.0],"tintindex":0,"texture":"#0"},"south":{"uv":[14.484375,7.859375,14.71875,8.015625],"tintindex":0,"texture":"#0"},"west":{"uv":[13.828125,1.0,14.359375,1.15625],"tintindex":0,"texture":"#0"},"up":{"uv":[10.453125,13.78125,10.21875,13.25],"tintindex":0,"texture":"#0"},"down":{"uv":[6.0625,13.28125,5.828125,13.8125],"tintindex":0,"texture":"#0"}},"rotation":{"angle":22.5,"axis":"z","origin":[8.0,7.5124063,8.152609]}},{"from":[7.427984,8.394655,7.715105],"to":[7.990411,8.770021,8.901064],"faces":{"north":{"uv":[12.9375,2.53125,13.171875,2.6875],"tintindex":0,"texture":"#0"},"east":{"uv":[13.859375,9.890625,14.359375,10.046875],"tintindex":0,"texture":"#0"},"south":{"uv":[13.0625,6.78125,13.296875,6.9375],"tintindex":0,"texture":"#0"},"west":{"uv":[13.890625,2.34375,14.390625,2.5],"tintindex":0,"texture":"#0"},"up":{"uv":[6.296875,13.859375,6.0625,13.359375],"tintindex":0,"texture":"#0"},"down":{"uv":[6.53125,13.359375,6.296875,13.859375],"tintindex":0,"texture":"#0"}},"rotation":{"angle":22.5,"axis":"z","origin":[8.0,8.792946,8.545847]}},{"from":[8.00959,8.394655,7.715105],"to":[8.572016,8.770021,8.901064],"faces":{"north":{"uv":[4.28125,14.5,4.515625,14.65625],"tintindex":0,"texture":"#0"},"east":{"uv":[13.890625,4.59375,14.390625,4.75],"tintindex":0,"texture":"#0"},"south":{"uv":[14.5,6.859375,14.734375,7.015625],"tintindex":0,"texture":"#0"},"west":{"uv":[13.921875,1.15625,14.421875,1.3125],"tintindex":0,"texture":"#0"},"up":{"uv":[6.765625,13.859375,6.53125,13.359375],"tintindex":0,"texture":"#0"},"down":{"uv":[1.328125,13.375,1.09375,13.875],"tintindex":0,"texture":"#0"}},"rotation":{"angle":-22.5,"axis":"z","origin":[8.0,8.792946,8.545847]}}],"display":{"fixed":{"scale":[4,4,4]}}}