{"textures":{"0":"bettermodel:item/mf_ember_claw_pet_mf_ember_claw","1":"bettermodel:item/mf_ember_claw_pet_mf_ember_claw_e","particle":"bettermodel:item/mf_ember_claw_pet_mf_ember_claw"},"elements":[{"from":[7.898156,7.9159384,7.906239],"to":[8.198837,8.303914,8.100227],"faces":{"north":{"uv":[11.390625,13.515625,11.75,13.984375],"tintindex":0,"texture":"#0"},"east":{"uv":[3.15625,14.109375,3.390625,14.578125],"tintindex":0,"texture":"#0"},"south":{"uv":[6.453125,13.5625,6.8125,14.03125],"tintindex":0,"texture":"#0"},"west":{"uv":[8.3125,14.203125,8.546875,14.671875],"tintindex":0,"texture":"#0"},"up":{"uv":[10.34375,14.65625,9.984375,14.421875],"tintindex":0,"texture":"#0"},"down":{"uv":[3.046875,14.4375,2.6875,14.671875],"tintindex":0,"texture":"#0"}}},{"from":[7.898156,7.7866135,8.100227],"to":[7.898156,8.239252,8.255418],"faces":{"north":{"uv":[0.0,0.0,0.0,0.546875],"tintindex":0,"texture":"#0"},"east":{"uv":[7.875,8.765625,8.0625,9.3125],"tintindex":0,"texture":"#0"},"south":{"uv":[0.0,0.0,0.0,0.546875],"tintindex":0,"texture":"#0"},"west":{"uv":[0.375,12.921875,0.5625,13.46875],"tintindex":0,"texture":"#0"},"up":{"uv":[0.0,0.1875,0.0,0.0],"tintindex":0,"texture":"#0"},"down":{"uv":[0.0,0.0,0.0,0.1875],"tintindex":0,"texture":"#0"}}},{"from":[7.9139752,8.168195,8.164971],"to":[8.1758585,8.394514,8.164971],"faces":{"north":{"uv":[13.4375,14.4375,13.75,14.703125],"tintindex":0,"texture":"#0"},"east":{"uv":[0.0,0.0,0.0,0.265625],"tintindex":0,"texture":"#0"},"south":{"uv":[14.453125,0.0,14.765625,0.265625],"tintindex":0,"texture":"#0"},"west":{"uv":[0.0,0.0,0.0,0.265625],"tintindex":0,"texture":"#0"},"up":{"uv":[0.3125,0.0,0.0,0.0],"tintindex":0,"texture":"#0"},"down":{"uv":[0.3125,0.0,0.0,0.0],"tintindex":0,"texture":"#0"}},"rotation":{"angle":-45.0,"axis":"x","origin":[8.044917,8.384814,8.123588]}},{"from":[7.965705,8.291054,7.9981422],"to":[8.124128,8.685495,8.1662655],"faces":{"north":{"uv":[12.15625,14.390625,12.34375,14.859375],"tintindex":0,"texture":"#0"},"east":{"uv":[14.328125,3.28125,14.53125,3.75],"tintindex":0,"texture":"#0"},"south":{"uv":[12.34375,14.390625,12.53125,14.859375],"tintindex":0,"texture":"#0"},"west":{"uv":[14.328125,3.75,14.53125,4.21875],"tintindex":0,"texture":"#0"},"up":{"uv":[11.265625,15.015625,11.078125,14.8125],"tintindex":0,"texture":"#0"},"down":{"uv":[15.0,11.671875,14.8125,11.875],"tintindex":0,"texture":"#0"}},"rotation":{"angle":-45.0,"axis":"x","origin":[8.044917,8.384814,8.123588]}}],"display":{"fixed":{"scale":[4,4,4]}}}