{"textures":{"0":"bettermodel:item/mf_ember_claw_mf_ember_claw","1":"bettermodel:item/mf_ember_claw_mf_ember_claw_e","particle":"bettermodel:item/mf_ember_claw_mf_ember_claw"},"elements":[{"from":[7.903006,6.946931,7.831544],"to":[9.094646,8.545023,9.383448],"faces":{"north":{"uv":[9.21875,12.328125,9.71875,13.0],"tintindex":0,"texture":"#0"},"east":{"uv":[4.515625,11.8125,5.171875,12.484375],"tintindex":0,"texture":"#0"},"south":{"uv":[9.71875,12.328125,10.21875,13.0],"tintindex":0,"texture":"#0"},"west":{"uv":[1.796875,11.84375,2.453125,12.515625],"tintindex":0,"texture":"#0"},"up":{"uv":[12.84375,4.0625,12.34375,3.40625],"tintindex":0,"texture":"#0"},"down":{"uv":[12.84375,4.0625,12.34375,4.71875],"tintindex":0,"texture":"#0"}}},{"from":[7.7182555,7.279482,7.591368],"to":[9.279397,8.581973,9.494298],"faces":{"north":{"uv":[0.78125,12.25,1.4375,12.796875],"tintindex":0,"texture":"#0"},"east":{"uv":[6.09375,11.796875,6.90625,12.34375],"tintindex":0,"texture":"#0"},"south":{"uv":[3.234375,12.25,3.890625,12.796875],"tintindex":0,"texture":"#0"},"west":{"uv":[11.890625,8.6875,12.703125,9.234375],"tintindex":0,"texture":"#0"},"up":{"uv":[6.984375,11.796875,6.328125,10.984375],"tintindex":0,"texture":"#0"},"down":{"uv":[2.46875,11.03125,1.8125,11.84375],"tintindex":0,"texture":"#0"}},"rotation":{"angle":22.5,"axis":"x","origin":[8.535776,8.503454,8.718346]}},{"from":[7.7182555,8.482826,8.089809],"to":[7.7182555,9.194116,9.99274],"faces":{"north":{"uv":[0.0,0.0,0.0,0.296875],"tintindex":0,"texture":"#0"},"east":{"uv":[12.984375,7.59375,13.796875,7.890625],"tintindex":0,"texture":"#0"},"south":{"uv":[0.0,0.0,0.0,0.296875],"tintindex":0,"texture":"#0"},"west":{"uv":[10.21875,12.984375,11.03125,13.28125],"tintindex":0,"texture":"#0"},"up":{"uv":[0.0,0.8125,0.0,0.0],"tintindex":0,"texture":"#0"},"down":{"uv":[0.0,0.0,0.0,0.8125],"tintindex":0,"texture":"#0"}},"rotation":{"angle":22.5,"axis":"x","origin":[8.535776,9.706799,9.216787]}},{"from":[9.279397,8.482826,8.089809],"to":[9.279397,9.194116,9.99274],"faces":{"north":{"uv":[0.0,0.0,0.0,0.296875],"tintindex":0,"texture":"#0"},"east":{"uv":[9.15625,13.0,9.96875,13.296875],"tintindex":0,"texture":"#0"},"south":{"uv":[0.0,0.0,0.0,0.296875],"tintindex":0,"texture":"#0"},"west":{"uv":[13.0,9.734375,13.8125,10.03125],"tintindex":0,"texture":"#0"},"up":{"uv":[0.0,0.8125,0.0,0.0],"tintindex":0,"texture":"#0"},"down":{"uv":[0.0,0.0,0.0,0.8125],"tintindex":0,"texture":"#0"}},"rotation":{"angle":22.5,"axis":"x","origin":[8.461876,9.706799,9.216787]}},{"from":[7.7182555,9.00692,7.7089696],"to":[9.279397,9.385658,7.7089696],"faces":{"north":{"uv":[10.890625,10.625,11.546875,10.78125],"tintindex":0,"texture":"#0"},"east":{"uv":[0.0,0.0,0.0,0.15625],"tintindex":0,"texture":"#0"},"west":{"uv":[0.0,0.0,0.0,0.15625],"tintindex":0,"texture":"#0"},"up":{"uv":[0.65625,0.0,0.0,0.0],"tintindex":0,"texture":"#0"},"down":{"uv":[0.65625,0.0,0.0,0.0],"tintindex":0,"texture":"#0"}},"rotation":{"angle":45.0,"axis":"x","origin":[8.498826,9.011539,7.7089696]}},{"from":[7.8752933,7.6786,8.596784],"to":[9.122359,8.4822645,10.536663],"faces":{"north":{"uv":[13.375,9.21875,13.90625,9.5625],"tintindex":0,"texture":"#0"},"east":{"uv":[2.5,10.5625,3.3125,10.90625],"tintindex":0,"texture":"#0"},"south":{"uv":[12.421875,13.375,12.953125,13.71875],"tintindex":0,"texture":"#0"},"west":{"uv":[10.890625,10.28125,11.703125,10.625],"tintindex":0,"texture":"#0"},"up":{"uv":[12.421875,10.046875,11.890625,9.234375],"tintindex":0,"texture":"#0"},"down":{"uv":[7.4375,11.90625,6.90625,12.71875],"tintindex":0,"texture":"#0"}},"rotation":{"angle":22.5,"axis":"x","origin":[9.04384,8.503454,9.697523]}},{"from":[7.8752933,8.421089,8.904333],"to":[7.8752933,8.855252,10.992014],"faces":{"north":{"uv":[0.0,0.0,0.0,0.1875],"tintindex":0,"texture":"#0"},"east":{"uv":[13.625,11.21875,14.515625,11.40625],"tintindex":0,"texture":"#0"},"south":{"uv":[0.0,0.0,0.0,0.1875],"tintindex":0,"texture":"#0"},"west":{"uv":[13.625,11.40625,14.515625,11.59375],"tintindex":0,"texture":"#0"},"up":{"uv":[0.0,0.890625,0.0,0.0],"tintindex":0,"texture":"#0"},"down":{"uv":[0.0,0.0,0.0,0.890625],"tintindex":0,"texture":"#0"}},"rotation":{"angle":22.5,"axis":"x","origin":[9.04384,9.245943,10.005073]}},{"from":[9.122359,8.421089,8.904333],"to":[9.122359,8.855252,10.992014],"faces":{"north":{"uv":[0.0,0.0,0.0,0.1875],"tintindex":0,"texture":"#0"},"east":{"uv":[13.625,11.59375,14.515625,11.78125],"tintindex":0,"texture":"#0"},"south":{"uv":[0.0,0.0,0.0,0.1875],"tintindex":0,"texture":"#0"},"west":{"uv":[13.65625,5.78125,14.546875,5.96875],"tintindex":0,"texture":"#0"},"up":{"uv":[0.0,0.890625,0.0,0.0],"tintindex":0,"texture":"#0"},"down":{"uv":[0.0,0.0,0.0,0.890625],"tintindex":0,"texture":"#0"}},"rotation":{"angle":22.5,"axis":"x","origin":[7.9538126,9.245943,10.005073]}},{"from":[7.8752933,8.953826,8.803571],"to":[9.122359,9.424939,8.803571],"faces":{"north":{"uv":[13.953125,10.3125,14.484375,10.515625],"tintindex":0,"texture":"#0"},"east":{"uv":[0.0,0.0,0.0,0.203125],"tintindex":0,"texture":"#0"},"south":{"uv":[14.171875,8.3125,14.703125,8.515625],"tintindex":0,"texture":"#0"},"west":{"uv":[0.0,0.0,0.0,0.203125],"tintindex":0,"texture":"#0"},"up":{"uv":[0.53125,0.0,0.0,0.0],"tintindex":0,"texture":"#0"},"down":{"uv":[0.53125,0.0,0.0,0.0],"tintindex":0,"texture":"#0"}},"rotation":{"angle":45.0,"axis":"x","origin":[8.498826,9.08542,8.678755]}},{"from":[7.8752933,8.7385845,9.542106],"to":[9.122359,8.7385845,10.34577],"faces":{"north":{"uv":[0.0,0.0,0.53125,0.0],"tintindex":0,"texture":"#0"},"east":{"uv":[0.0,0.0,0.34375,0.0],"tintindex":0,"texture":"#0"},"south":{"uv":[0.0,0.0,0.53125,0.0],"tintindex":0,"texture":"#0"},"west":{"uv":[0.0,0.0,0.34375,0.0],"tintindex":0,"texture":"#0"},"up":{"uv":[6.1875,13.734375,5.65625,13.390625],"tintindex":0,"texture":"#0"},"down":{"uv":[13.9375,0.515625,13.40625,0.859375],"tintindex":0,"texture":"#0"}}},{"from":[7.8752933,8.821357,8.916969],"to":[9.122359,8.821357,9.7206335],"faces":{"north":{"uv":[0.0,0.0,0.53125,0.0],"tintindex":0,"texture":"#0"},"east":{"uv":[0.0,0.0,0.34375,0.0],"tintindex":0,"texture":"#0"},"south":{"uv":[0.0,0.0,0.53125,0.0],"tintindex":0,"texture":"#0"},"west":{"uv":[0.0,0.0,0.34375,0.0],"tintindex":0,"texture":"#0"},"up":{"uv":[13.9375,10.875,13.40625,10.53125],"tintindex":0,"texture":"#0"},"down":{"uv":[13.9375,10.875,13.40625,11.21875],"tintindex":0,"texture":"#0"}}},{"from":[8.060044,7.4088073,8.422746],"to":[8.937609,8.157046,9.974649],"faces":{"north":{"uv":[14.171875,6.921875,14.546875,7.234375],"tintindex":0,"texture":"#0"},"east":{"uv":[13.234375,5.15625,13.890625,5.46875],"tintindex":0,"texture":"#0"},"south":{"uv":[14.1875,2.0,14.5625,2.3125],"tintindex":0,"texture":"#0"},"west":{"uv":[13.234375,5.46875,13.890625,5.78125],"tintindex":0,"texture":"#0"},"up":{"uv":[13.28125,8.671875,12.90625,8.015625],"tintindex":0,"texture":"#0"},"down":{"uv":[0.375,12.921875,0.0,13.578125],"tintindex":0,"texture":"#0"}}}],"display":{"fixed":{"scale":[4,4,4]}}}