{"textures":{"0":"bettermodel:item/mf_ember_claw_mf_ember_claw","1":"bettermodel:item/mf_ember_claw_mf_ember_claw_e","particle":"bettermodel:item/mf_ember_claw_mf_ember_claw"},"elements":[{"from":[7.5104113,7.4272738,7.256379],"to":[8.489589,8.572726,8.189369],"faces":{"north":{"uv":[13.234375,5.78125,13.65625,6.265625],"tintindex":0,"texture":"#0"},"east":{"uv":[10.171875,13.28125,10.5625,13.765625],"tintindex":0,"texture":"#0"},"south":{"uv":[13.28125,7.890625,13.703125,8.375],"tintindex":0,"texture":"#0"},"west":{"uv":[10.5625,13.28125,10.953125,13.765625],"tintindex":0,"texture":"#0"},"up":{"uv":[11.375,14.0,10.953125,13.609375],"tintindex":0,"texture":"#0"},"down":{"uv":[2.09375,13.625,1.671875,14.015625],"tintindex":0,"texture":"#0"}}},{"from":[7.5104113,7.0577726,7.256379],"to":[7.5104113,7.4272738,8.152419],"faces":{"north":{"uv":[0.0,0.0,0.0,0.15625],"tintindex":0,"texture":"#0"},"east":{"uv":[12.359375,3.234375,12.734375,3.390625],"tintindex":0,"texture":"#0"},"south":{"uv":[0.0,0.0,0.0,0.15625],"tintindex":0,"texture":"#0"},"west":{"uv":[13.375,9.5625,13.75,9.71875],"tintindex":0,"texture":"#0"},"up":{"uv":[0.0,0.375,0.0,0.0],"tintindex":0,"texture":"#0"},"down":{"uv":[0.0,0.0,0.0,0.375],"tintindex":0,"texture":"#0"}},"rotation":{"angle":-22.5,"axis":"z","origin":[7.5104113,7.4272738,7.722874]}},{"from":[8.489589,7.0577726,7.256379],"to":[8.489589,7.4272738,8.152419],"faces":{"north":{"uv":[0.0,0.0,0.0,0.15625],"tintindex":0,"texture":"#0"},"east":{"uv":[13.453125,0.34375,13.828125,0.5],"tintindex":0,"texture":"#0"},"south":{"uv":[0.0,0.0,0.0,0.15625],"tintindex":0,"texture":"#0"},"west":{"uv":[14.625,7.46875,15.0,7.625],"tintindex":0,"texture":"#0"},"up":{"uv":[0.0,0.375,0.0,0.0],"tintindex":0,"texture":"#0"},"down":{"uv":[0.0,0.0,0.0,0.375],"tintindex":0,"texture":"#0"}},"rotation":{"angle":22.5,"axis":"z","origin":[8.489589,7.4272738,7.722874]}}],"display":{"fixed":{"scale":[4,4,4]}}}