{"textures":{"0":"bettermodel:item/mf_ember_claw_mf_ember_claw","1":"bettermodel:item/mf_ember_claw_mf_ember_claw_e","particle":"bettermodel:item/mf_ember_claw_mf_ember_claw"},"elements":[{"from":[7.4318924,7.7598243,7.732112],"to":[8.290982,8.868327,8.286364],"faces":{"north":{"uv":[0.0,13.578125,0.359375,14.046875],"tintindex":0,"texture":"#0"},"east":{"uv":[2.078125,14.21875,2.3125,14.6875],"tintindex":0,"texture":"#0"},"south":{"uv":[3.6875,13.59375,4.046875,14.0625],"tintindex":0,"texture":"#0"},"west":{"uv":[13.90625,14.21875,14.140625,14.6875],"tintindex":0,"texture":"#0"},"up":{"uv":[13.078125,14.671875,12.71875,14.4375],"tintindex":0,"texture":"#0"},"down":{"uv":[13.4375,14.4375,13.078125,14.671875],"tintindex":0,"texture":"#0"}}},{"from":[8.290982,7.3903236,8.286364],"to":[8.290982,8.683577,8.729764],"faces":{"north":{"uv":[0.0,0.0,0.0,0.546875],"tintindex":0,"texture":"#0"},"east":{"uv":[0.546875,14.296875,0.734375,14.84375],"tintindex":0,"texture":"#0"},"south":{"uv":[0.0,0.0,0.0,0.546875],"tintindex":0,"texture":"#0"},"west":{"uv":[5.0,14.3125,5.1875,14.859375],"tintindex":0,"texture":"#0"},"up":{"uv":[0.0,0.1875,0.0,0.0],"tintindex":0,"texture":"#0"},"down":{"uv":[0.0,0.0,0.0,0.1875],"tintindex":0,"texture":"#0"}}},{"from":[7.4975467,8.480556,8.471347],"to":[8.245786,9.127183,8.471347],"faces":{"north":{"uv":[0.921875,14.453125,1.234375,14.71875],"tintindex":0,"texture":"#0"},"east":{"uv":[0.0,0.0,0.0,0.265625],"tintindex":0,"texture":"#0"},"south":{"uv":[14.453125,4.21875,14.765625,4.484375],"tintindex":0,"texture":"#0"},"west":{"uv":[0.0,0.0,0.0,0.265625],"tintindex":0,"texture":"#0"},"up":{"uv":[0.3125,0.0,0.0,0.0],"tintindex":0,"texture":"#0"},"down":{"uv":[0.3125,0.0,0.0,0.0],"tintindex":0,"texture":"#0"}},"rotation":{"angle":-45.0,"axis":"x","origin":[7.8716664,9.09947,8.3531065]}},{"from":[7.645347,8.831582,7.994691],"to":[8.097985,9.958559,8.475042],"faces":{"north":{"uv":[12.53125,14.390625,12.71875,14.859375],"tintindex":0,"texture":"#0"},"east":{"uv":[10.890625,14.34375,11.09375,14.8125],"tintindex":0,"texture":"#0"},"south":{"uv":[3.390625,14.40625,3.578125,14.875],"tintindex":0,"texture":"#0"},"west":{"uv":[11.09375,14.34375,11.296875,14.8125],"tintindex":0,"texture":"#0"},"up":{"uv":[12.140625,15.015625,11.953125,14.8125],"tintindex":0,"texture":"#0"},"down":{"uv":[13.875,14.8125,13.6875,15.015625],"tintindex":0,"texture":"#0"}},"rotation":{"angle":-45.0,"axis":"x","origin":[7.8716664,9.09947,8.3531065]}}],"display":{"fixed":{"scale":[4,4,4]}}}