{"textures":{"0":"bettermodel:item/mf_ember_claw_pet_mf_ember_claw","1":"bettermodel:item/mf_ember_claw_pet_mf_ember_claw_e","particle":"bettermodel:item/mf_ember_claw_pet_mf_ember_claw"},"elements":[{"from":[7.7979293,7.6411223,7.951503],"to":[8.189138,8.06143,8.119626],"faces":{"north":{"uv":[2.703125,12.96875,3.171875,13.484375],"tintindex":0,"texture":"#0"},"east":{"uv":[1.609375,14.296875,1.8125,14.8125],"tintindex":0,"texture":"#0"},"south":{"uv":[12.984375,0.0,13.453125,0.515625],"tintindex":0,"texture":"#0"},"west":{"uv":[1.8125,14.296875,2.015625,14.8125],"tintindex":0,"texture":"#0"},"up":{"uv":[14.796875,10.109375,14.328125,9.90625],"tintindex":0,"texture":"#0"},"down":{"uv":[14.796875,10.109375,14.328125,10.3125],"tintindex":0,"texture":"#0"}}},{"from":[7.7979293,7.7704477,7.822178],"to":[7.7979293,8.06143,7.951503],"faces":{"north":{"uv":[0.0,0.0,0.0,0.359375],"tintindex":0,"texture":"#0"},"east":{"uv":[0.921875,14.71875,1.078125,15.078125],"tintindex":0,"texture":"#0"},"south":{"uv":[0.0,0.0,0.0,0.359375],"tintindex":0,"texture":"#0"},"west":{"uv":[1.078125,14.71875,1.234375,15.078125],"tintindex":0,"texture":"#0"},"up":{"uv":[0.0,0.15625,0.0,0.0],"tintindex":0,"texture":"#0"},"down":{"uv":[0.0,0.0,0.0,0.15625],"tintindex":0,"texture":"#0"}}},{"from":[7.9243684,7.3750367,7.8817344],"to":[8.082792,7.7694793,8.049857],"faces":{"north":{"uv":[3.578125,14.40625,3.765625,14.875],"tintindex":0,"texture":"#0"},"east":{"uv":[11.953125,14.34375,12.15625,14.8125],"tintindex":0,"texture":"#0"},"south":{"uv":[5.546875,14.40625,5.734375,14.875],"tintindex":0,"texture":"#0"},"west":{"uv":[14.359375,0.71875,14.5625,1.1875],"tintindex":0,"texture":"#0"},"up":{"uv":[0.734375,15.046875,0.546875,14.84375],"tintindex":0,"texture":"#0"},"down":{"uv":[15.03125,1.09375,14.84375,1.296875],"tintindex":0,"texture":"#0"}},"rotation":{"angle":-45.0,"axis":"x","origin":[7.998673,7.6413765,8.034713]}},{"from":[7.872638,7.573737,7.6294847],"to":[8.134522,7.8000565,7.6294847],"faces":{"north":{"uv":[14.40625,6.46875,14.71875,6.75],"tintindex":0,"texture":"#0"},"east":{"uv":[0.0,0.0,0.0,0.28125],"tintindex":0,"texture":"#0"},"south":{"uv":[14.40625,10.828125,14.71875,11.109375],"tintindex":0,"texture":"#0"},"west":{"uv":[0.0,0.0,0.0,0.28125],"tintindex":0,"texture":"#0"},"up":{"uv":[0.3125,0.0,0.0,0.0],"tintindex":0,"texture":"#0"},"down":{"uv":[0.3125,0.0,0.0,0.0],"tintindex":0,"texture":"#0"}},"rotation":{"angle":-45.0,"axis":"x","origin":[7.998673,7.9435368,7.7811704]}}],"display":{"fixed":{"scale":[4,4,4]}}}