{"textures":{"0":"bettermodel:item/mf_ember_claw_mf_ember_claw","1":"bettermodel:item/mf_ember_claw_mf_ember_claw_e","particle":"bettermodel:item/mf_ember_claw_mf_ember_claw"},"elements":[{"from":[9.367153,9.367153,9.367153],"to":[6.632847,6.632847,6.632847],"faces":{"north":{"uv":[10.40625,2.5,11.5625,3.65625],"tintindex":0,"texture":"#0"},"east":{"uv":[7.078125,10.75,8.234375,11.90625],"tintindex":0,"texture":"#0"},"south":{"uv":[8.234375,10.75,9.390625,11.90625],"tintindex":0,"texture":"#0"},"west":{"uv":[9.390625,10.78125,10.546875,11.9375],"tintindex":0,"texture":"#0"},"up":{"uv":[11.703125,11.9375,10.546875,10.78125],"tintindex":0,"texture":"#0"},"down":{"uv":[11.953125,3.65625,10.796875,4.8125],"tintindex":0,"texture":"#0"}}},{"from":[9.514954,9.514954,9.514954],"to":[6.4850464,6.4850464,6.4850464],"faces":{"north":{"uv":[9.125,3.15625,10.40625,4.4375],"tintindex":0,"texture":"#0"},"east":{"uv":[7.078125,9.46875,8.359375,10.75],"tintindex":0,"texture":"#0"},"south":{"uv":[8.359375,9.46875,9.640625,10.75],"tintindex":0,"texture":"#0"},"west":{"uv":[9.515625,4.4375,10.796875,5.71875],"tintindex":0,"texture":"#0"},"up":{"uv":[10.921875,7.0,9.640625,5.71875],"tintindex":0,"texture":"#0"},"down":{"uv":[10.921875,7.0,9.640625,8.28125],"tintindex":0,"texture":"#0"}}},{"from":[9.4780035,9.4780035,9.4780035],"to":[6.5219965,6.5219965,6.5219965],"faces":{"north":{"uv":[9.640625,8.28125,10.890625,9.53125],"tintindex":0,"texture":"#0"},"east":{"uv":[9.640625,9.53125,10.890625,10.78125],"tintindex":0,"texture":"#0"},"south":{"uv":[0.0,9.78125,1.25,11.03125],"tintindex":0,"texture":"#0"},"west":{"uv":[1.25,9.78125,2.5,11.03125],"tintindex":0,"texture":"#0"},"up":{"uv":[11.484375,1.25,10.234375,0.0],"tintindex":0,"texture":"#0"},"down":{"uv":[11.484375,1.25,10.234375,2.5],"tintindex":0,"texture":"#0"}}},{"from":[6.817597,6.817597,6.817597],"to":[9.182403,9.182403,9.182403],"faces":{"north":{"uv":[10.890625,8.28125,11.890625,9.28125],"tintindex":0,"texture":"#0"},"east":{"uv":[10.890625,9.28125,11.890625,10.28125],"tintindex":0,"texture":"#0"},"south":{"uv":[10.921875,4.8125,11.921875,5.8125],"tintindex":0,"texture":"#0"},"west":{"uv":[10.921875,5.8125,11.921875,6.8125],"tintindex":0,"texture":"#0"},"up":{"uv":[11.921875,7.8125,10.921875,6.8125],"tintindex":0,"texture":"#0"},"down":{"uv":[3.5,10.984375,2.5,11.984375],"tintindex":0,"texture":"#0"}}}],"display":{"fixed":{"scale":[4,4,4]}}}