{"textures":{"0":"bettermodel:item/mf_ember_claw_mf_ember_claw","1":"bettermodel:item/mf_ember_claw_mf_ember_claw_e","particle":"bettermodel:item/mf_ember_claw_mf_ember_claw"},"elements":[{"from":[7.4226546,6.974635,7.8614373],"to":[8.540395,8.175513,8.341788],"faces":{"north":{"uv":[2.703125,12.96875,3.171875,13.484375],"tintindex":0,"texture":"#0"},"east":{"uv":[1.609375,14.296875,1.8125,14.8125],"tintindex":0,"texture":"#0"},"south":{"uv":[12.984375,0.0,13.453125,0.515625],"tintindex":0,"texture":"#0"},"west":{"uv":[1.8125,14.296875,2.015625,14.8125],"tintindex":0,"texture":"#0"},"up":{"uv":[14.796875,10.109375,14.328125,9.90625],"tintindex":0,"texture":"#0"},"down":{"uv":[14.796875,10.109375,14.328125,10.3125],"tintindex":0,"texture":"#0"}}},{"from":[7.4226546,7.3441358,7.491936],"to":[7.4226546,8.175513,7.8614373],"faces":{"north":{"uv":[0.0,0.0,0.0,0.359375],"tintindex":0,"texture":"#0"},"east":{"uv":[0.921875,14.71875,1.078125,15.078125],"tintindex":0,"texture":"#0"},"south":{"uv":[0.0,0.0,0.0,0.359375],"tintindex":0,"texture":"#0"},"west":{"uv":[1.078125,14.71875,1.234375,15.078125],"tintindex":0,"texture":"#0"},"up":{"uv":[0.0,0.15625,0.0,0.0],"tintindex":0,"texture":"#0"},"down":{"uv":[0.0,0.0,0.0,0.15625],"tintindex":0,"texture":"#0"}}},{"from":[7.78391,6.214391,7.662098],"to":[8.236548,7.341369,8.142449],"faces":{"north":{"uv":[3.578125,14.40625,3.765625,14.875],"tintindex":0,"texture":"#0"},"east":{"uv":[11.953125,14.34375,12.15625,14.8125],"tintindex":0,"texture":"#0"},"south":{"uv":[5.546875,14.40625,5.734375,14.875],"tintindex":0,"texture":"#0"},"west":{"uv":[14.359375,0.71875,14.5625,1.1875],"tintindex":0,"texture":"#0"},"up":{"uv":[0.734375,15.046875,0.546875,14.84375],"tintindex":0,"texture":"#0"},"down":{"uv":[15.03125,1.09375,14.84375,1.296875],"tintindex":0,"texture":"#0"}},"rotation":{"angle":-45.0,"axis":"x","origin":[7.996209,6.9753613,8.09918]}},{"from":[7.6361094,6.7821054,6.9413853],"to":[8.384349,7.428732,6.9413853],"faces":{"north":{"uv":[14.40625,6.46875,14.71875,6.75],"tintindex":0,"texture":"#0"},"east":{"uv":[0.0,0.0,0.0,0.28125],"tintindex":0,"texture":"#0"},"south":{"uv":[14.40625,10.828125,14.71875,11.109375],"tintindex":0,"texture":"#0"},"west":{"uv":[0.0,0.0,0.0,0.28125],"tintindex":0,"texture":"#0"},"up":{"uv":[0.3125,0.0,0.0,0.0],"tintindex":0,"texture":"#0"},"down":{"uv":[0.3125,0.0,0.0,0.0],"tintindex":0,"texture":"#0"}},"rotation":{"angle":-45.0,"axis":"x","origin":[7.996209,7.8386765,7.3747725]}}],"display":{"fixed":{"scale":[4,4,4]}}}