{"textures":{"0":"bettermodel:item/mf_ember_claw_pet_mf_ember_claw","1":"bettermodel:item/mf_ember_claw_pet_mf_ember_claw_e","particle":"bettermodel:item/mf_ember_claw_pet_mf_ember_claw"},"elements":[{"from":[7.966052,7.631426,7.94104],"to":[8.383126,8.190758,8.484206],"faces":{"north":{"uv":[9.21875,12.328125,9.71875,13.0],"tintindex":0,"texture":"#0"},"east":{"uv":[4.515625,11.8125,5.171875,12.484375],"tintindex":0,"texture":"#0"},"south":{"uv":[9.71875,12.328125,10.21875,13.0],"tintindex":0,"texture":"#0"},"west":{"uv":[1.796875,11.84375,2.453125,12.515625],"tintindex":0,"texture":"#0"},"up":{"uv":[12.84375,4.0625,12.34375,3.40625],"tintindex":0,"texture":"#0"},"down":{"uv":[12.84375,4.0625,12.34375,4.71875],"tintindex":0,"texture":"#0"}}},{"from":[7.9013896,7.7478185,7.856979],"to":[8.447789,8.203691,8.523005],"faces":{"north":{"uv":[0.78125,12.25,1.4375,12.796875],"tintindex":0,"texture":"#0"},"east":{"uv":[6.09375,11.796875,6.90625,12.34375],"tintindex":0,"texture":"#0"},"south":{"uv":[3.234375,12.25,3.890625,12.796875],"tintindex":0,"texture":"#0"},"west":{"uv":[11.890625,8.6875,12.703125,9.234375],"tintindex":0,"texture":"#0"},"up":{"uv":[6.984375,11.796875,6.328125,10.984375],"tintindex":0,"texture":"#0"},"down":{"uv":[2.46875,11.03125,1.8125,11.84375],"tintindex":0,"texture":"#0"}},"rotation":{"angle":22.5,"axis":"x","origin":[8.187522,8.1762085,8.251421]}},{"from":[7.9013896,8.168989,8.031433],"to":[7.9013896,8.417941,8.697459],"faces":{"north":{"uv":[0.0,0.0,0.0,0.296875],"tintindex":0,"texture":"#0"},"east":{"uv":[12.984375,7.59375,13.796875,7.890625],"tintindex":0,"texture":"#0"},"south":{"uv":[0.0,0.0,0.0,0.296875],"tintindex":0,"texture":"#0"},"west":{"uv":[10.21875,12.984375,11.03125,13.28125],"tintindex":0,"texture":"#0"},"up":{"uv":[0.0,0.8125,0.0,0.0],"tintindex":0,"texture":"#0"},"down":{"uv":[0.0,0.0,0.0,0.8125],"tintindex":0,"texture":"#0"}},"rotation":{"angle":22.5,"axis":"x","origin":[8.187522,8.59738,8.425876]}},{"from":[8.447789,8.168989,8.031433],"to":[8.447789,8.417941,8.697459],"faces":{"north":{"uv":[0.0,0.0,0.0,0.296875],"tintindex":0,"texture":"#0"},"east":{"uv":[9.15625,13.0,9.96875,13.296875],"tintindex":0,"texture":"#0"},"south":{"uv":[0.0,0.0,0.0,0.296875],"tintindex":0,"texture":"#0"},"west":{"uv":[13.0,9.734375,13.8125,10.03125],"tintindex":0,"texture":"#0"},"up":{"uv":[0.0,0.8125,0.0,0.0],"tintindex":0,"texture":"#0"},"down":{"uv":[0.0,0.0,0.0,0.8125],"tintindex":0,"texture":"#0"}},"rotation":{"angle":22.5,"axis":"x","origin":[8.161656,8.59738,8.425876]}},{"from":[7.9013896,8.352422,7.8981395],"to":[8.447789,8.484981,7.8981395],"faces":{"north":{"uv":[10.890625,10.625,11.546875,10.78125],"tintindex":0,"texture":"#0"},"east":{"uv":[0.0,0.0,0.0,0.15625],"tintindex":0,"texture":"#0"},"west":{"uv":[0.0,0.0,0.0,0.15625],"tintindex":0,"texture":"#0"},"up":{"uv":[0.65625,0.0,0.0,0.0],"tintindex":0,"texture":"#0"},"down":{"uv":[0.65625,0.0,0.0,0.0],"tintindex":0,"texture":"#0"}},"rotation":{"angle":45.0,"axis":"x","origin":[8.174589,8.354038,7.8981395]}},{"from":[7.9563527,7.88751,8.208875],"to":[8.392826,8.168793,8.887833],"faces":{"north":{"uv":[13.375,9.21875,13.90625,9.5625],"tintindex":0,"texture":"#0"},"east":{"uv":[2.5,10.5625,3.3125,10.90625],"tintindex":0,"texture":"#0"},"south":{"uv":[12.421875,13.375,12.953125,13.71875],"tintindex":0,"texture":"#0"},"west":{"uv":[10.890625,10.28125,11.703125,10.625],"tintindex":0,"texture":"#0"},"up":{"uv":[12.421875,10.046875,11.890625,9.234375],"tintindex":0,"texture":"#0"},"down":{"uv":[7.4375,11.90625,6.90625,12.71875],"tintindex":0,"texture":"#0"}},"rotation":{"angle":22.5,"axis":"x","origin":[8.365344,8.1762085,8.594133]}},{"from":[7.9563527,8.147381,8.316517],"to":[7.9563527,8.299338,9.047205],"faces":{"north":{"uv":[0.0,0.0,0.0,0.1875],"tintindex":0,"texture":"#0"},"east":{"uv":[13.625,11.21875,14.515625,11.40625],"tintindex":0,"texture":"#0"},"south":{"uv":[0.0,0.0,0.0,0.1875],"tintindex":0,"texture":"#0"},"west":{"uv":[13.625,11.40625,14.515625,11.59375],"tintindex":0,"texture":"#0"},"up":{"uv":[0.0,0.890625,0.0,0.0],"tintindex":0,"texture":"#0"},"down":{"uv":[0.0,0.0,0.0,0.890625],"tintindex":0,"texture":"#0"}},"rotation":{"angle":22.5,"axis":"x","origin":[8.365344,8.43608,8.701776]}},{"from":[8.392826,8.147381,8.316517],"to":[8.392826,8.299338,9.047205],"faces":{"north":{"uv":[0.0,0.0,0.0,0.1875],"tintindex":0,"texture":"#0"},"east":{"uv":[13.625,11.59375,14.515625,11.78125],"tintindex":0,"texture":"#0"},"south":{"uv":[0.0,0.0,0.0,0.1875],"tintindex":0,"texture":"#0"},"west":{"uv":[13.65625,5.78125,14.546875,5.96875],"tintindex":0,"texture":"#0"},"up":{"uv":[0.0,0.890625,0.0,0.0],"tintindex":0,"texture":"#0"},"down":{"uv":[0.0,0.0,0.0,0.890625],"tintindex":0,"texture":"#0"}},"rotation":{"angle":22.5,"axis":"x","origin":[7.9838343,8.43608,8.701776]}},{"from":[7.9563527,8.333838,8.28125],"to":[8.392826,8.498729,8.28125],"faces":{"north":{"uv":[13.953125,10.3125,14.484375,10.515625],"tintindex":0,"texture":"#0"},"east":{"uv":[0.0,0.0,0.0,0.203125],"tintindex":0,"texture":"#0"},"south":{"uv":[14.171875,8.3125,14.703125,8.515625],"tintindex":0,"texture":"#0"},"west":{"uv":[0.0,0.0,0.0,0.203125],"tintindex":0,"texture":"#0"},"up":{"uv":[0.53125,0.0,0.0,0.0],"tintindex":0,"texture":"#0"},"down":{"uv":[0.53125,0.0,0.0,0.0],"tintindex":0,"texture":"#0"}},"rotation":{"angle":45.0,"axis":"x","origin":[8.174589,8.379897,8.237564]}},{"from":[7.9563527,8.258504,8.539737],"to":[8.392826,8.258504,8.821019],"faces":{"north":{"uv":[0.0,0.0,0.53125,0.0],"tintindex":0,"texture":"#0"},"east":{"uv":[0.0,0.0,0.34375,0.0],"tintindex":0,"texture":"#0"},"south":{"uv":[0.0,0.0,0.53125,0.0],"tintindex":0,"texture":"#0"},"west":{"uv":[0.0,0.0,0.34375,0.0],"tintindex":0,"texture":"#0"},"up":{"uv":[6.1875,13.734375,5.65625,13.390625],"tintindex":0,"texture":"#0"},"down":{"uv":[13.9375,0.515625,13.40625,0.859375],"tintindex":0,"texture":"#0"}}},{"from":[7.9563527,8.287475,8.320939],"to":[8.392826,8.287475,8.6022215],"faces":{"north":{"uv":[0.0,0.0,0.53125,0.0],"tintindex":0,"texture":"#0"},"east":{"uv":[0.0,0.0,0.34375,0.0],"tintindex":0,"texture":"#0"},"south":{"uv":[0.0,0.0,0.53125,0.0],"tintindex":0,"texture":"#0"},"west":{"uv":[0.0,0.0,0.34375,0.0],"tintindex":0,"texture":"#0"},"up":{"uv":[13.9375,10.875,13.40625,10.53125],"tintindex":0,"texture":"#0"},"down":{"uv":[13.9375,10.875,13.40625,11.21875],"tintindex":0,"texture":"#0"}}},{"from":[8.021015,7.793082,8.147961],"to":[8.328163,8.054966,8.691127],"faces":{"north":{"uv":[14.171875,6.921875,14.546875,7.234375],"tintindex":0,"texture":"#0"},"east":{"uv":[13.234375,5.15625,13.890625,5.46875],"tintindex":0,"texture":"#0"},"south":{"uv":[14.1875,2.0,14.5625,2.3125],"tintindex":0,"texture":"#0"},"west":{"uv":[13.234375,5.46875,13.890625,5.78125],"tintindex":0,"texture":"#0"},"up":{"uv":[13.28125,8.671875,12.90625,8.015625],"tintindex":0,"texture":"#0"},"down":{"uv":[0.375,12.921875,0.0,13.578125],"tintindex":0,"texture":"#0"}}}],"display":{"fixed":{"scale":[4,4,4]}}}