{"textures":{"0":"bettermodel:item/protgodzilla_sculkdemon","1":"bettermodel:item/protgodzilla_spinvfx","particle":"bettermodel:item/protgodzilla_sculkdemon"},"elements":[{"from":[8.15131,8.200123,8.177888],"to":[9.134727,8.370093,8.371876],"faces":{"north":{"uv":[8.25,3.875,9.9140625,4.1640625],"tintindex":0,"texture":"#0"},"east":{"uv":[8.25,3.875,9.9140625,4.1640625],"tintindex":0,"texture":"#0"},"south":{"uv":[8.25,3.875,9.9140625,4.1640625],"tintindex":0,"texture":"#0"},"west":{"uv":[8.25,3.875,9.9140625,4.1640625],"tintindex":0,"texture":"#0"},"up":{"uv":[9.9140625,4.1640625,8.25,3.875],"tintindex":0,"texture":"#0"},"down":{"uv":[9.9140625,3.875,8.25,4.1640625],"tintindex":0,"texture":"#0"}},"rotation":{"angle":22.5,"axis":"z","origin":[8.643018,8.266633,8.256407]}},{"from":[8.15131,8.200123,7.9192376],"to":[9.134727,8.370093,8.113225],"faces":{"north":{"uv":[8.25,3.875,9.9140625,4.1640625],"tintindex":0,"texture":"#0"},"east":{"uv":[8.25,3.875,9.9140625,4.1640625],"tintindex":0,"texture":"#0"},"south":{"uv":[8.25,3.875,9.9140625,4.1640625],"tintindex":0,"texture":"#0"},"west":{"uv":[8.25,3.875,9.9140625,4.1640625],"tintindex":0,"texture":"#0"},"up":{"uv":[9.9140625,4.1640625,8.25,3.875],"tintindex":0,"texture":"#0"},"down":{"uv":[9.9140625,3.875,8.25,4.1640625],"tintindex":0,"texture":"#0"}},"rotation":{"angle":22.5,"axis":"z","origin":[8.643018,8.266633,7.9977565]}},{"from":[7.723988,7.9150147,7.9427276],"to":[8.253842,8.0036955,8.094223],"faces":{"north":{"uv":[10.625,8.3125,11.5234375,8.4609375],"tintindex":0,"texture":"#0"},"east":{"uv":[10.625,8.3125,11.5234375,8.4609375],"tintindex":0,"texture":"#0"},"south":{"uv":[10.625,8.3125,11.5234375,8.4609375],"tintindex":0,"texture":"#0"},"west":{"uv":[10.625,8.3125,11.5234375,8.4609375],"tintindex":0,"texture":"#0"},"up":{"uv":[11.5234375,8.4609375,10.625,8.3125],"tintindex":0,"texture":"#0"},"down":{"uv":[11.5234375,8.3125,10.625,8.4609375],"tintindex":0,"texture":"#0"}},"rotation":{"angle":45.0,"axis":"z","origin":[8.0,8.0,8.0]}},{"from":[8.15131,8.200123,8.399589],"to":[9.134727,8.370093,8.593576],"faces":{"north":{"uv":[8.25,3.875,9.9140625,4.1640625],"tintindex":0,"texture":"#0"},"east":{"uv":[8.25,3.875,9.9140625,4.1640625],"tintindex":0,"texture":"#0"},"south":{"uv":[8.25,3.875,9.9140625,4.1640625],"tintindex":0,"texture":"#0"},"west":{"uv":[8.25,3.875,9.9140625,4.1640625],"tintindex":0,"texture":"#0"},"up":{"uv":[9.9140625,4.1640625,8.25,3.875],"tintindex":0,"texture":"#0"},"down":{"uv":[9.9140625,3.875,8.25,4.1640625],"tintindex":0,"texture":"#0"}},"rotation":{"angle":22.5,"axis":"z","origin":[8.643018,8.266633,8.515058]}},{"from":[7.723988,7.9150147,8.201378],"to":[8.253842,8.0036955,8.352874],"faces":{"north":{"uv":[10.625,8.3125,11.5234375,8.4609375],"tintindex":0,"texture":"#0"},"east":{"uv":[10.625,8.3125,11.5234375,8.4609375],"tintindex":0,"texture":"#0"},"south":{"uv":[10.625,8.3125,11.5234375,8.4609375],"tintindex":0,"texture":"#0"},"west":{"uv":[10.625,8.3125,11.5234375,8.4609375],"tintindex":0,"texture":"#0"},"up":{"uv":[11.5234375,8.4609375,10.625,8.3125],"tintindex":0,"texture":"#0"},"down":{"uv":[11.5234375,8.3125,10.625,8.4609375],"tintindex":0,"texture":"#0"}},"rotation":{"angle":45.0,"axis":"z","origin":[8.0,8.0,8.0]}},{"from":[7.723988,7.9150147,8.423079],"to":[8.253842,8.0036955,8.5745735],"faces":{"north":{"uv":[10.625,8.3125,11.5234375,8.4609375],"tintindex":0,"texture":"#0"},"east":{"uv":[10.625,8.3125,11.5234375,8.4609375],"tintindex":0,"texture":"#0"},"south":{"uv":[10.625,8.3125,11.5234375,8.4609375],"tintindex":0,"texture":"#0"},"west":{"uv":[10.625,8.3125,11.5234375,8.4609375],"tintindex":0,"texture":"#0"},"up":{"uv":[11.5234375,8.4609375,10.625,8.3125],"tintindex":0,"texture":"#0"},"down":{"uv":[11.5234375,8.3125,10.625,8.4609375],"tintindex":0,"texture":"#0"}},"rotation":{"angle":45.0,"axis":"z","origin":[8.0,8.0,8.0]}}],"display":{"fixed":{"scale":[4,4,4]}}}