{"textures":{"0":"bettermodel:item/protgodzilla_sculkdemon","1":"bettermodel:item/protgodzilla_spinvfx","particle":"bettermodel:item/protgodzilla_sculkdemon"},"elements":[{"from":[7.231438,7.3570685,7.8595896],"to":[8.11824,8.243871,8.273431],"faces":{"north":{"uv":[8.875,0.875,9.5,1.5],"tintindex":0,"texture":"#0"},"east":{"uv":[4.9375,7.9375,5.109375,8.5625],"tintindex":0,"texture":"#0"},"south":{"uv":[8.875,3.125,9.5,3.75],"tintindex":0,"texture":"#0"},"west":{"uv":[2.6875,9.0,2.859375,9.625],"tintindex":0,"texture":"#0"},"up":{"uv":[11.3125,7.109375,10.6875,6.9375],"tintindex":0,"texture":"#0"},"down":{"uv":[11.3125,7.75,10.6875,7.921875],"tintindex":0,"texture":"#0"}}},{"from":[7.5861588,7.268388,7.8595896],"to":[8.472961,8.15519,8.273431],"faces":{"north":{"uv":[9.0625,5.6875,9.6875,6.3125],"tintindex":0,"texture":"#0"},"east":{"uv":[6.875,9.1875,7.046875,9.8125],"tintindex":0,"texture":"#0"},"south":{"uv":[8.9375,0.0,9.5625,0.625],"tintindex":0,"texture":"#0"},"west":{"uv":[0.75,10.625,0.921875,11.25],"tintindex":0,"texture":"#0"},"up":{"uv":[11.3125,9.234375,10.6875,9.0625],"tintindex":0,"texture":"#0"},"down":{"uv":[11.3125,9.25,10.6875,9.421875],"tintindex":0,"texture":"#0"}},"rotation":{"angle":45.0,"axis":"z","origin":[8.295601,6.4702663,8.06651]}},{"from":[6.6402364,7.7930794,7.8965397],"to":[7.3053384,8.642932,8.413841],"faces":{"north":{"uv":[3.40625,9.0703125,3.921875,9.4453125],"tintindex":0,"texture":"#0"},"east":{"uv":[4.0625,10.625,4.234375,11.25],"tintindex":0,"texture":"#0"},"south":{"uv":[2.0625,9.0,2.6875,9.625],"tintindex":0,"texture":"#0"},"west":{"uv":[7.0,10.6875,7.171875,11.3125],"tintindex":0,"texture":"#0"},"up":{"uv":[11.375,1.484375,10.75,1.3125],"tintindex":0,"texture":"#0"},"down":{"uv":[11.375,5.0,10.75,5.171875],"tintindex":0,"texture":"#0"}}},{"from":[9.248913,7.645279,7.379238],"to":[10.1357155,8.532082,7.8965397],"faces":{"north":{"uv":[2.0625,9.0,2.6875,9.625],"tintindex":0,"texture":"#0"},"east":{"uv":[7.171875,10.6875,7.0,11.3125],"tintindex":0,"texture":"#0"},"south":{"uv":[2.6875,9.0,2.0625,9.625],"tintindex":0,"texture":"#0"},"west":{"uv":[4.234375,10.625,4.0625,11.25],"tintindex":0,"texture":"#0"},"up":{"uv":[10.75,1.484375,11.375,1.3125],"tintindex":0,"texture":"#0"},"down":{"uv":[10.75,5.0,11.375,5.171875],"tintindex":0,"texture":"#0"}}}],"display":{"fixed":{"scale":[4,4,4]}}}