{"textures":{"0":"bettermodel:item/protgodzilla_sculkdemon","1":"bettermodel:item/protgodzilla_spinvfx","particle":"bettermodel:item/protgodzilla_sculkdemon"},"elements":[{"from":[7.80169,7.6993637,7.0490413],"to":[7.80169,7.773264,7.7141433],"faces":{"north":{"uv":[0.0,0.0,0.0,0.125],"tintindex":0,"texture":"#0"},"east":{"uv":[10.3125,0.5,11.4375,0.625],"tintindex":0,"texture":"#0"},"south":{"uv":[0.0,0.0,0.0,0.125],"tintindex":0,"texture":"#0"},"west":{"uv":[10.375,2.0,11.5,2.125],"tintindex":0,"texture":"#0"},"up":{"uv":[0.0,1.125,0.0,0.0],"tintindex":0,"texture":"#0"},"down":{"uv":[0.0,0.0,0.0,1.125],"tintindex":0,"texture":"#0"}}},{"from":[7.76474,7.6993637,7.0490413],"to":[7.76474,7.773264,7.7141433],"faces":{"north":{"uv":[0.0,0.0,0.0,0.125],"tintindex":0,"texture":"#0"},"east":{"uv":[10.3125,0.5,11.4375,0.625],"tintindex":0,"texture":"#0"},"south":{"uv":[0.0,0.0,0.0,0.125],"tintindex":0,"texture":"#0"},"west":{"uv":[10.375,2.0,11.5,2.125],"tintindex":0,"texture":"#0"},"up":{"uv":[0.0,1.125,0.0,0.0],"tintindex":0,"texture":"#0"},"down":{"uv":[0.0,0.0,0.0,1.125],"tintindex":0,"texture":"#0"}}},{"from":[7.72779,7.514613,7.0120916],"to":[7.83864,7.6993637,7.8619432],"faces":{"north":{"uv":[8.9375,6.3125,9.125,6.625],"tintindex":0,"texture":"#0"},"east":{"uv":[8.4375,2.5,9.875,2.8125],"tintindex":0,"texture":"#0"},"south":{"uv":[7.1875,9.8125,7.375,10.125],"tintindex":0,"texture":"#0"},"west":{"uv":[8.4375,2.8125,9.875,3.125],"tintindex":0,"texture":"#0"},"up":{"uv":[3.0625,10.4375,2.875,9.0],"tintindex":0,"texture":"#0"},"down":{"uv":[8.5625,9.75,8.375,11.1875],"tintindex":0,"texture":"#0"}}}],"display":{"fixed":{"scale":[4,4,4],"rotation":[-44.999977,-4.999992,-2.4425493E-5]}}}