{"textures":{"0":"bettermodel:item/protgodzilla_sculkdemon","1":"bettermodel:item/protgodzilla_spinvfx","particle":"bettermodel:item/protgodzilla_sculkdemon"},"elements":[{"from":[8.0080185,7.8891497,7.6364193],"to":[8.118869,8.11085,7.7472696],"faces":{"north":{"uv":[1.5,11.0,1.6875,11.375],"tintindex":0,"texture":"#0"},"east":{"uv":[1.6875,11.0,1.875,11.375],"tintindex":0,"texture":"#0"},"south":{"uv":[11.0,2.125,11.1875,2.5],"tintindex":0,"texture":"#0"},"west":{"uv":[2.875,11.0,3.0625,11.375],"tintindex":0,"texture":"#0"},"up":{"uv":[7.8125,6.8125,7.625,6.625],"tintindex":0,"texture":"#0"},"down":{"uv":[11.0625,1.8125,10.875,2.0],"tintindex":0,"texture":"#0"}}},{"from":[8.02136,7.846219,7.6020727],"to":[8.095261,8.06792,7.675973],"faces":{"north":{"uv":[6.875,11.0625,7.0,11.4375],"tintindex":0,"texture":"#0"},"east":{"uv":[2.625,11.125,2.75,11.5],"tintindex":0,"texture":"#0"},"south":{"uv":[11.1875,1.5,11.3125,1.875],"tintindex":0,"texture":"#0"},"west":{"uv":[11.1875,2.125,11.3125,2.5],"tintindex":0,"texture":"#0"},"up":{"uv":[9.0625,6.3125,8.9375,6.1875],"tintindex":0,"texture":"#0"},"down":{"uv":[4.0,9.5,3.875,9.625],"tintindex":0,"texture":"#0"}},"rotation":{"angle":22.5,"axis":"x","origin":[8.0583105,7.9570694,7.639023]}},{"from":[7.967229,7.879348,7.7376413],"to":[8.151979,8.174949,8.033242],"faces":{"north":{"uv":[10.375,0.0,10.6875,0.5],"tintindex":0,"texture":"#0"},"east":{"uv":[3.375,6.0625,3.875,6.5625],"tintindex":0,"texture":"#0"},"south":{"uv":[10.375,6.6875,10.6875,7.1875],"tintindex":0,"texture":"#0"},"west":{"uv":[4.8125,9.9375,5.3125,10.4375],"tintindex":0,"texture":"#0"},"up":{"uv":[5.125,10.9375,4.8125,10.4375],"tintindex":0,"texture":"#0"},"down":{"uv":[7.5,10.4375,7.1875,10.9375],"tintindex":0,"texture":"#0"}}}],"display":{"fixed":{"scale":[4,4,4]}}}