{"textures":{"0":"bettermodel:item/protgodzilla_sculkdemon","1":"bettermodel:item/protgodzilla_spinvfx","particle":"bettermodel:item/protgodzilla_sculkdemon"},"elements":[{"from":[9.961711,7.649909,8.040167],"to":[10.514464,7.9244013,8.303173],"faces":{"north":{"uv":[3.875,10.125,4.3125,10.5859375],"tintindex":0,"texture":"#0"},"east":{"uv":[3.875,10.125,4.3125,10.5859375],"tintindex":0,"texture":"#0"},"south":{"uv":[3.875,10.125,4.3125,10.5859375],"tintindex":0,"texture":"#0"},"west":{"uv":[3.875,10.125,4.3125,10.5859375],"tintindex":0,"texture":"#0"},"up":{"uv":[4.3125,10.5859375,3.875,10.125],"tintindex":0,"texture":"#0"},"down":{"uv":[4.3125,10.125,3.875,10.5859375],"tintindex":0,"texture":"#0"}},"rotation":{"angle":45.0,"axis":"z","origin":[10.238088,7.787155,8.17167]}},{"from":[10.055163,7.9385853,8.274809],"to":[10.315953,8.543411,8.566696],"faces":{"north":{"uv":[5.8125,8.375,6.25,9.3984375],"tintindex":0,"texture":"#0"},"east":{"uv":[5.8125,8.375,6.25,9.3984375],"tintindex":0,"texture":"#0"},"south":{"uv":[5.8125,8.375,6.25,9.3984375],"tintindex":0,"texture":"#0"},"west":{"uv":[5.8125,8.375,6.25,9.3984375],"tintindex":0,"texture":"#0"},"up":{"uv":[6.25,9.3984375,5.8125,8.375],"tintindex":0,"texture":"#0"},"down":{"uv":[6.25,8.375,5.8125,9.3984375],"tintindex":0,"texture":"#0"}},"rotation":{"angle":-45.0,"axis":"x","origin":[10.185558,8.240997,8.494653]}},{"from":[8.669191,8.273376,7.6159453],"to":[9.972711,9.010456,8.297657],"faces":{"north":{"uv":[4.0,3.25,6.203125,4.5],"tintindex":0,"texture":"#0"},"east":{"uv":[4.0,2.0625,7.203125,3.2265625],"tintindex":0,"texture":"#0"},"south":{"uv":[4.0,4.5,6.203125,5.75],"tintindex":0,"texture":"#0"},"west":{"uv":[4.0,2.0625,7.203125,3.2265625],"tintindex":0,"texture":"#0"},"up":{"uv":[6.203125,5.75,4.0,4.5],"tintindex":0,"texture":"#0"},"down":{"uv":[6.203125,3.25,4.0,4.5],"tintindex":0,"texture":"#0"}},"rotation":{"angle":-22.5,"axis":"z","origin":[9.3209505,8.641916,7.956801]}},{"from":[9.9259205,8.194255,7.6089168],"to":[10.810496,8.53778,8.323684],"faces":{"north":{"uv":[6.75,1.25,8.25,1.828125],"tintindex":0,"texture":"#0"},"east":{"uv":[6.75,1.25,8.25,1.828125],"tintindex":0,"texture":"#0"},"south":{"uv":[6.75,1.25,8.25,1.828125],"tintindex":0,"texture":"#0"},"west":{"uv":[6.75,1.25,8.25,1.828125],"tintindex":0,"texture":"#0"},"up":{"uv":[8.25,1.828125,6.75,1.25],"tintindex":0,"texture":"#0"},"down":{"uv":[8.25,1.25,6.75,1.828125],"tintindex":0,"texture":"#0"}},"rotation":{"angle":-22.5,"axis":"z","origin":[10.368208,8.366017,7.9663005]}}],"display":{"fixed":{"scale":[4,4,4]}}}