{"textures":{"0":"bettermodel:item/protgodzilla_sculkdemon","1":"bettermodel:item/protgodzilla_spinvfx","particle":"bettermodel:item/protgodzilla_sculkdemon"},"elements":[{"from":[8.212777,7.5287585,7.266987],"to":[8.286677,7.787409,8.116839],"faces":{"north":{"uv":[6.4375,5.3125,6.5625,5.75],"tintindex":0,"texture":"#0"},"east":{"uv":[7.5,0.0,8.9375,0.4375],"tintindex":0,"texture":"#0"},"south":{"uv":[9.375,11.0,9.5,11.4375],"tintindex":0,"texture":"#0"},"west":{"uv":[7.5,0.4375,8.9375,0.875],"tintindex":0,"texture":"#0"},"up":{"uv":[4.4375,11.5625,4.3125,10.125],"tintindex":0,"texture":"#0"},"down":{"uv":[4.5625,10.125,4.4375,11.5625],"tintindex":0,"texture":"#0"}}},{"from":[8.246033,7.417908,7.340887],"to":[8.246033,7.5657086,8.1537895],"faces":{"north":{"uv":[0.0,0.0,0.0,0.25],"tintindex":0,"texture":"#0"},"east":{"uv":[8.9375,7.6875,10.3125,7.9375],"tintindex":0,"texture":"#0"},"south":{"uv":[0.0,0.0,0.0,0.25],"tintindex":0,"texture":"#0"},"west":{"uv":[9.375,5.0,10.75,5.25],"tintindex":0,"texture":"#0"},"up":{"uv":[0.0,1.375,0.0,0.0],"tintindex":0,"texture":"#0"},"down":{"uv":[0.0,0.0,0.0,1.375],"tintindex":0,"texture":"#0"}}},{"from":[8.282983,7.417908,7.303937],"to":[8.282983,7.5657086,8.116839],"faces":{"north":{"uv":[0.0,0.0,0.0,0.25],"tintindex":0,"texture":"#0"},"east":{"uv":[8.9375,7.6875,10.3125,7.9375],"tintindex":0,"texture":"#0"},"south":{"uv":[0.0,0.0,0.0,0.25],"tintindex":0,"texture":"#0"},"west":{"uv":[9.375,5.0,10.75,5.25],"tintindex":0,"texture":"#0"},"up":{"uv":[0.0,1.375,0.0,0.0],"tintindex":0,"texture":"#0"},"down":{"uv":[0.0,0.0,0.0,1.375],"tintindex":0,"texture":"#0"}}}],"display":{"fixed":{"scale":[4,4,4],"rotation":[-0.0,5.0000005,-0.0]}}}