{"textures":{"0":"bettermodel:item/protgodzilla_sculkdemon","1":"bettermodel:item/protgodzilla_spinvfx","particle":"bettermodel:item/protgodzilla_sculkdemon"},"elements":[{"from":[7.8811316,7.8891497,7.6364193],"to":[7.991982,8.11085,7.7472696],"faces":{"north":{"uv":[11.0,2.875,11.1875,3.25],"tintindex":0,"texture":"#0"},"east":{"uv":[3.0625,11.0,3.25,11.375],"tintindex":0,"texture":"#0"},"south":{"uv":[3.25,11.0,3.4375,11.375],"tintindex":0,"texture":"#0"},"west":{"uv":[11.0,3.25,11.1875,3.625],"tintindex":0,"texture":"#0"},"up":{"uv":[11.125,0.8125,10.9375,0.625],"tintindex":0,"texture":"#0"},"down":{"uv":[11.3125,0.625,11.125,0.8125],"tintindex":0,"texture":"#0"}}},{"from":[7.9047394,7.846219,7.6020727],"to":[7.9786396,8.06792,7.675973],"faces":{"north":{"uv":[11.1875,2.875,11.3125,3.25],"tintindex":0,"texture":"#0"},"east":{"uv":[11.1875,3.25,11.3125,3.625],"tintindex":0,"texture":"#0"},"south":{"uv":[6.0,11.1875,6.125,11.5625],"tintindex":0,"texture":"#0"},"west":{"uv":[6.125,11.1875,6.25,11.5625],"tintindex":0,"texture":"#0"},"up":{"uv":[9.875,8.0625,9.75,7.9375],"tintindex":0,"texture":"#0"},"down":{"uv":[5.25,9.8125,5.125,9.9375],"tintindex":0,"texture":"#0"}},"rotation":{"angle":22.5,"axis":"x","origin":[7.9416895,7.9570694,7.639023]}},{"from":[7.8480206,7.879348,7.7376413],"to":[8.032771,8.174949,8.033242],"faces":{"north":{"uv":[7.5,10.4375,7.8125,10.9375],"tintindex":0,"texture":"#0"},"east":{"uv":[10.0,0.8125,10.5,1.3125],"tintindex":0,"texture":"#0"},"south":{"uv":[10.4375,10.0625,10.75,10.5625],"tintindex":0,"texture":"#0"},"west":{"uv":[10.0,2.875,10.5,3.375],"tintindex":0,"texture":"#0"},"up":{"uv":[10.8125,1.3125,10.5,0.8125],"tintindex":0,"texture":"#0"},"down":{"uv":[3.1875,10.5,2.875,11.0],"tintindex":0,"texture":"#0"}}}],"display":{"fixed":{"scale":[4,4,4]}}}