{"textures":{"0":"bettermodel:item/protgodzilla_sculkdemon","1":"bettermodel:item/protgodzilla_spinvfx","particle":"bettermodel:item/protgodzilla_sculkdemon"},"elements":[{"from":[7.713322,7.5287585,7.266987],"to":[7.7872224,7.787409,8.116839],"faces":{"north":{"uv":[6.625,11.0625,6.75,11.5],"tintindex":0,"texture":"#0"},"east":{"uv":[0.6875,7.5,2.125,7.9375],"tintindex":0,"texture":"#0"},"south":{"uv":[6.75,11.0625,6.875,11.5],"tintindex":0,"texture":"#0"},"west":{"uv":[7.625,5.75,9.0625,6.1875],"tintindex":0,"texture":"#0"},"up":{"uv":[7.9375,11.5625,7.8125,10.125],"tintindex":0,"texture":"#0"},"down":{"uv":[8.0625,10.125,7.9375,11.5625],"tintindex":0,"texture":"#0"}}},{"from":[7.7539673,7.417908,7.340887],"to":[7.7539673,7.5657086,8.1537895],"faces":{"north":{"uv":[0.0,0.0,0.0,0.25],"tintindex":0,"texture":"#0"},"east":{"uv":[9.375,5.25,10.75,5.5],"tintindex":0,"texture":"#0"},"south":{"uv":[0.0,0.0,0.0,0.25],"tintindex":0,"texture":"#0"},"west":{"uv":[8.875,9.4375,10.25,9.6875],"tintindex":0,"texture":"#0"},"up":{"uv":[0.0,1.375,0.0,0.0],"tintindex":0,"texture":"#0"},"down":{"uv":[0.0,0.0,0.0,1.375],"tintindex":0,"texture":"#0"}}},{"from":[7.717017,7.417908,7.303937],"to":[7.717017,7.5657086,8.116839],"faces":{"north":{"uv":[0.0,0.0,0.0,0.25],"tintindex":0,"texture":"#0"},"east":{"uv":[9.375,5.25,10.75,5.5],"tintindex":0,"texture":"#0"},"south":{"uv":[0.0,0.0,0.0,0.25],"tintindex":0,"texture":"#0"},"west":{"uv":[8.875,9.4375,10.25,9.6875],"tintindex":0,"texture":"#0"},"up":{"uv":[0.0,1.375,0.0,0.0],"tintindex":0,"texture":"#0"},"down":{"uv":[0.0,0.0,0.0,1.375],"tintindex":0,"texture":"#0"}}}],"display":{"fixed":{"scale":[4,4,4],"rotation":[0.0,-5.0000005,0.0]}}}