{"textures":{"0":"bettermodel:item/protgodzilla_sculkdemon","1":"bettermodel:item/protgodzilla_spinvfx","particle":"bettermodel:item/protgodzilla_sculkdemon"},"elements":[{"from":[8.16136,7.514613,7.0120916],"to":[8.27221,7.6993637,7.8619432],"faces":{"north":{"uv":[11.0625,4.0625,11.25,4.375],"tintindex":0,"texture":"#0"},"east":{"uv":[8.4375,8.0625,9.875,8.375],"tintindex":0,"texture":"#0"},"south":{"uv":[11.0625,6.5625,11.25,6.875],"tintindex":0,"texture":"#0"},"west":{"uv":[8.4375,8.375,9.875,8.6875],"tintindex":0,"texture":"#0"},"up":{"uv":[8.75,11.1875,8.5625,9.75],"tintindex":0,"texture":"#0"},"down":{"uv":[4.8125,9.8125,4.625,11.25],"tintindex":0,"texture":"#0"}}},{"from":[8.19831,7.6993637,7.0490413],"to":[8.19831,7.773264,7.7141433],"faces":{"north":{"uv":[0.0,0.0,0.0,0.125],"tintindex":0,"texture":"#0"},"east":{"uv":[10.4375,5.8125,11.5625,5.9375],"tintindex":0,"texture":"#0"},"south":{"uv":[0.0,0.0,0.0,0.125],"tintindex":0,"texture":"#0"},"west":{"uv":[10.5,3.6875,11.625,3.8125],"tintindex":0,"texture":"#0"},"up":{"uv":[0.0,1.125,0.0,0.0],"tintindex":0,"texture":"#0"},"down":{"uv":[0.0,0.0,0.0,1.125],"tintindex":0,"texture":"#0"}}},{"from":[8.23526,7.6993637,7.0490413],"to":[8.23526,7.773264,7.7141433],"faces":{"north":{"uv":[0.0,0.0,0.0,0.125],"tintindex":0,"texture":"#0"},"east":{"uv":[10.4375,5.8125,11.5625,5.9375],"tintindex":0,"texture":"#0"},"south":{"uv":[0.0,0.0,0.0,0.125],"tintindex":0,"texture":"#0"},"west":{"uv":[10.5,3.6875,11.625,3.8125],"tintindex":0,"texture":"#0"},"up":{"uv":[0.0,1.125,0.0,0.0],"tintindex":0,"texture":"#0"},"down":{"uv":[0.0,0.0,0.0,1.125],"tintindex":0,"texture":"#0"}}}],"display":{"fixed":{"scale":[4,4,4],"rotation":[-44.999977,4.999992,2.4425493E-5]}}}