{"textures":{"0":"bettermodel:item/protgodzilla_sculkdemon","1":"bettermodel:item/protgodzilla_spinvfx","particle":"bettermodel:item/protgodzilla_sculkdemon"},"elements":[{"from":[7.496034,7.9968247,7.4014916],"to":[8.021954,8.205419,7.5658445],"faces":{"north":{"uv":[8.875,9.6875,9.765625,10.0390625],"tintindex":0,"texture":"#0"},"east":{"uv":[8.875,9.6875,9.765625,10.0390625],"tintindex":0,"texture":"#0"},"south":{"uv":[8.875,9.6875,9.765625,10.0390625],"tintindex":0,"texture":"#0"},"west":{"uv":[8.875,9.6875,9.765625,10.0390625],"tintindex":0,"texture":"#0"},"up":{"uv":[9.765625,10.0390625,8.875,9.6875],"tintindex":0,"texture":"#0"},"down":{"uv":[9.765625,9.6875,8.875,10.0390625],"tintindex":0,"texture":"#0"}}},{"from":[7.55053,7.9296303,7.453468],"to":[8.076449,8.286024,7.747146],"faces":{"north":{"uv":[8.875,9.6875,9.765625,10.0390625],"tintindex":0,"texture":"#0"},"east":{"uv":[8.875,9.6875,9.765625,10.0390625],"tintindex":0,"texture":"#0"},"south":{"uv":[8.875,9.6875,9.765625,10.0390625],"tintindex":0,"texture":"#0"},"west":{"uv":[8.875,9.6875,9.765625,10.0390625],"tintindex":0,"texture":"#0"},"up":{"uv":[9.765625,10.0390625,8.875,9.6875],"tintindex":0,"texture":"#0"},"down":{"uv":[9.765625,9.6875,8.875,10.0390625],"tintindex":0,"texture":"#0"}},"rotation":{"angle":-45.0,"axis":"y","origin":[7.9046736,8.070138,7.99633]}},{"from":[8.025984,7.689926,7.8235517],"to":[8.330203,8.748372,8.19113],"faces":{"north":{"uv":[8.875,9.6875,9.765625,10.0390625],"tintindex":0,"texture":"#0"},"east":{"uv":[8.875,9.6875,9.765625,10.0390625],"tintindex":0,"texture":"#0"},"south":{"uv":[8.875,9.6875,9.765625,10.0390625],"tintindex":0,"texture":"#0"},"west":{"uv":[8.875,9.6875,9.765625,10.0390625],"tintindex":0,"texture":"#0"},"up":{"uv":[9.765625,10.0390625,8.875,9.6875],"tintindex":0,"texture":"#0"},"down":{"uv":[9.765625,9.6875,8.875,10.0390625],"tintindex":0,"texture":"#0"}},"rotation":{"angle":-22.5,"axis":"z","origin":[7.9046736,8.070138,7.99633]}},{"from":[7.9120936,7.2453074,7.860502],"to":[8.142412,7.7125516,8.15418],"faces":{"north":{"uv":[8.875,9.6875,9.765625,10.0390625],"tintindex":0,"texture":"#0"},"east":{"uv":[8.875,9.6875,9.765625,10.0390625],"tintindex":0,"texture":"#0"},"south":{"uv":[8.875,9.6875,9.765625,10.0390625],"tintindex":0,"texture":"#0"},"west":{"uv":[8.875,9.6875,9.765625,10.0390625],"tintindex":0,"texture":"#0"},"up":{"uv":[9.765625,10.0390625,8.875,9.6875],"tintindex":0,"texture":"#0"},"down":{"uv":[9.765625,9.6875,8.875,10.0390625],"tintindex":0,"texture":"#0"}}},{"from":[7.55053,7.9296303,8.245513],"to":[8.076449,8.286024,8.539191],"faces":{"north":{"uv":[8.875,9.6875,9.765625,10.0390625],"tintindex":0,"texture":"#0"},"east":{"uv":[8.875,9.6875,9.765625,10.0390625],"tintindex":0,"texture":"#0"},"south":{"uv":[8.875,9.6875,9.765625,10.0390625],"tintindex":0,"texture":"#0"},"west":{"uv":[8.875,9.6875,9.765625,10.0390625],"tintindex":0,"texture":"#0"},"up":{"uv":[9.765625,10.0390625,8.875,9.6875],"tintindex":0,"texture":"#0"},"down":{"uv":[9.765625,9.6875,8.875,10.0390625],"tintindex":0,"texture":"#0"}},"rotation":{"angle":45.0,"axis":"y","origin":[7.9046736,8.070138,7.99633]}},{"from":[7.496034,7.9968247,8.426815],"to":[8.021954,8.205419,8.591167],"faces":{"north":{"uv":[8.875,9.6875,9.765625,10.0390625],"tintindex":0,"texture":"#0"},"east":{"uv":[8.875,9.6875,9.765625,10.0390625],"tintindex":0,"texture":"#0"},"south":{"uv":[8.875,9.6875,9.765625,10.0390625],"tintindex":0,"texture":"#0"},"west":{"uv":[8.875,9.6875,9.765625,10.0390625],"tintindex":0,"texture":"#0"},"up":{"uv":[9.765625,10.0390625,8.875,9.6875],"tintindex":0,"texture":"#0"},"down":{"uv":[9.765625,9.6875,8.875,10.0390625],"tintindex":0,"texture":"#0"}}}],"display":{"fixed":{"scale":[4,4,4]}}}