{"textures":{"0":"bettermodel:item/protgodzilla_sculkdemon","1":"bettermodel:item/protgodzilla_spinvfx","particle":"bettermodel:item/protgodzilla_sculkdemon"},"elements":[{"from":[6.364534,7.615649,7.7130685],"to":[8.2576065,8.304594,8.302347],"faces":{"north":{"uv":[4.0,2.0625,7.203125,3.2265625],"tintindex":0,"texture":"#0"},"east":{"uv":[4.0,2.0625,7.203125,3.2265625],"tintindex":0,"texture":"#0"},"south":{"uv":[4.0,2.0625,7.203125,3.2265625],"tintindex":0,"texture":"#0"},"west":{"uv":[4.0,2.0625,7.203125,3.2265625],"tintindex":0,"texture":"#0"},"up":{"uv":[7.203125,3.2265625,4.0,2.0625],"tintindex":0,"texture":"#0"},"down":{"uv":[7.203125,2.0625,4.0,3.2265625],"tintindex":0,"texture":"#0"}},"rotation":{"angle":22.5,"axis":"z","origin":[7.8233776,8.387836,7.996697]}},{"from":[7.4147387,8.252556,8.427182],"to":[7.9406576,8.461149,8.591535],"faces":{"north":{"uv":[9.6875,5.9375,10.578125,6.2890625],"tintindex":0,"texture":"#0"},"east":{"uv":[9.6875,5.9375,10.578125,6.2890625],"tintindex":0,"texture":"#0"},"south":{"uv":[9.6875,5.9375,10.578125,6.2890625],"tintindex":0,"texture":"#0"},"west":{"uv":[9.6875,5.9375,10.578125,6.2890625],"tintindex":0,"texture":"#0"},"up":{"uv":[10.578125,6.2890625,9.6875,5.9375],"tintindex":0,"texture":"#0"},"down":{"uv":[10.578125,5.9375,9.6875,6.2890625],"tintindex":0,"texture":"#0"}}},{"from":[7.469234,8.171949,8.245881],"to":[7.9951534,8.528343,8.539558],"faces":{"north":{"uv":[9.6875,5.9375,10.578125,6.2890625],"tintindex":0,"texture":"#0"},"east":{"uv":[9.6875,5.9375,10.578125,6.2890625],"tintindex":0,"texture":"#0"},"south":{"uv":[9.6875,5.9375,10.578125,6.2890625],"tintindex":0,"texture":"#0"},"west":{"uv":[9.6875,5.9375,10.578125,6.2890625],"tintindex":0,"texture":"#0"},"up":{"uv":[10.578125,6.2890625,9.6875,5.9375],"tintindex":0,"texture":"#0"},"down":{"uv":[10.578125,5.9375,9.6875,6.2890625],"tintindex":0,"texture":"#0"}},"rotation":{"angle":45.0,"axis":"y","origin":[7.8233776,8.387836,7.996697]}},{"from":[7.4147387,8.252556,7.401859],"to":[7.9406576,8.461149,7.5662117],"faces":{"north":{"uv":[9.6875,5.9375,10.578125,6.2890625],"tintindex":0,"texture":"#0"},"east":{"uv":[9.6875,5.9375,10.578125,6.2890625],"tintindex":0,"texture":"#0"},"south":{"uv":[9.6875,5.9375,10.578125,6.2890625],"tintindex":0,"texture":"#0"},"west":{"uv":[9.6875,5.9375,10.578125,6.2890625],"tintindex":0,"texture":"#0"},"up":{"uv":[10.578125,6.2890625,9.6875,5.9375],"tintindex":0,"texture":"#0"},"down":{"uv":[10.578125,5.9375,9.6875,6.2890625],"tintindex":0,"texture":"#0"}}},{"from":[7.4692345,8.171949,7.453835],"to":[7.9951534,8.528343,7.7475133],"faces":{"north":{"uv":[9.6875,5.9375,10.578125,6.2890625],"tintindex":0,"texture":"#0"},"east":{"uv":[9.6875,5.9375,10.578125,6.2890625],"tintindex":0,"texture":"#0"},"south":{"uv":[9.6875,5.9375,10.578125,6.2890625],"tintindex":0,"texture":"#0"},"west":{"uv":[9.6875,5.9375,10.578125,6.2890625],"tintindex":0,"texture":"#0"},"up":{"uv":[10.578125,6.2890625,9.6875,5.9375],"tintindex":0,"texture":"#0"},"down":{"uv":[10.578125,5.9375,9.6875,6.2890625],"tintindex":0,"texture":"#0"}},"rotation":{"angle":-45.0,"axis":"y","origin":[7.8233776,8.387836,7.996697]}},{"from":[7.9446883,7.7096024,7.823919],"to":[8.248907,8.768048,8.191497],"faces":{"north":{"uv":[9.6875,5.9375,10.578125,6.2890625],"tintindex":0,"texture":"#0"},"east":{"uv":[9.6875,5.9375,10.578125,6.2890625],"tintindex":0,"texture":"#0"},"south":{"uv":[9.6875,5.9375,10.578125,6.2890625],"tintindex":0,"texture":"#0"},"west":{"uv":[9.6875,5.9375,10.578125,6.2890625],"tintindex":0,"texture":"#0"},"up":{"uv":[10.578125,6.2890625,9.6875,5.9375],"tintindex":0,"texture":"#0"},"down":{"uv":[10.578125,5.9375,9.6875,6.2890625],"tintindex":0,"texture":"#0"}},"rotation":{"angle":22.5,"axis":"z","origin":[7.8233776,8.387836,7.996697]}},{"from":[7.830798,8.745422,7.860869],"to":[8.061116,9.2126665,8.154547],"faces":{"north":{"uv":[9.6875,5.9375,10.578125,6.2890625],"tintindex":0,"texture":"#0"},"east":{"uv":[9.6875,5.9375,10.578125,6.2890625],"tintindex":0,"texture":"#0"},"south":{"uv":[9.6875,5.9375,10.578125,6.2890625],"tintindex":0,"texture":"#0"},"west":{"uv":[9.6875,5.9375,10.578125,6.2890625],"tintindex":0,"texture":"#0"},"up":{"uv":[10.578125,6.2890625,9.6875,5.9375],"tintindex":0,"texture":"#0"},"down":{"uv":[10.578125,5.9375,9.6875,6.2890625],"tintindex":0,"texture":"#0"}}}],"display":{"fixed":{"scale":[4,4,4]}}}