{"textures":{"0":"bettermodel:item/shark_shark","particle":"bettermodel:item/shark_shark"},"elements":[{"from":[8.469332,7.9693055,7.9834366],"to":[8.653344,8.035077,8.167448],"faces":{"north":{"uv":[12.5,8.375,11.875,8.625],"tintindex":0,"texture":"#0"},"east":{"uv":[5.125,12.0,4.5,12.25],"tintindex":0,"texture":"#0"},"south":{"uv":[12.5,8.875,11.875,9.125],"tintindex":0,"texture":"#0"},"west":{"uv":[12.5,8.625,11.875,8.875],"tintindex":0,"texture":"#0"},"up":{"uv":[11.75,7.375,12.375,6.75],"tintindex":0,"texture":"#0"},"down":{"uv":[11.75,6.75,12.375,7.375],"tintindex":0,"texture":"#0"}},"rotation":{"angle":-45.0,"axis":"y","origin":[8.545868,7.997818,8.0595045]}},{"from":[8.132695,7.968935,7.8661833],"to":[8.502196,8.035445,8.013984],"faces":{"north":{"uv":[7.625,4.875,6.375,5.0],"tintindex":0,"texture":"#0"},"east":{"uv":[4.5,6.5,4.0,6.625],"tintindex":0,"texture":"#0"},"south":{"uv":[9.75,6.625,8.5,6.75],"tintindex":0,"texture":"#0"},"west":{"uv":[4.5,6.375,4.0,6.5],"tintindex":0,"texture":"#0"},"up":{"uv":[11.375,6.25,12.625,5.75],"tintindex":0,"texture":"#0"},"down":{"uv":[11.375,5.75,12.625,6.25],"tintindex":0,"texture":"#0"}},"rotation":{"angle":-22.5,"axis":"y","origin":[8.308289,7.9967194,8.00648]}},{"from":[8.027517,7.9698997,7.9508057],"to":[8.544818,8.034562,8.209456],"faces":{"north":{"uv":[12.375,7.625,10.625,7.875],"tintindex":0,"texture":"#0"},"east":{"uv":[12.75,8.125,11.875,8.375],"tintindex":0,"texture":"#0"},"south":{"uv":[13.375,2.125,11.625,2.375],"tintindex":0,"texture":"#0"},"west":{"uv":[2.375,5.0,1.5,5.25],"tintindex":0,"texture":"#0"},"up":{"uv":[10.375,11.25,12.125,10.375],"tintindex":0,"texture":"#0"},"down":{"uv":[10.375,10.375,12.125,11.25],"tintindex":0,"texture":"#0"}}},{"from":[7.9551253,7.944179,7.8652444],"to":[8.139875,8.055029,8.308645],"faces":{"north":{"uv":[10.375,6.375,9.75,6.75],"tintindex":0,"texture":"#0"},"east":{"uv":[13.125,9.875,11.625,10.25],"tintindex":0,"texture":"#0"},"south":{"uv":[2.75,11.875,2.125,12.25],"tintindex":0,"texture":"#0"},"west":{"uv":[13.125,9.5,11.625,9.875],"tintindex":0,"texture":"#0"},"up":{"uv":[9.625,12.25,10.25,10.75],"tintindex":0,"texture":"#0"},"down":{"uv":[9.625,10.75,10.25,12.25],"tintindex":0,"texture":"#0"}},"rotation":{"angle":-22.5,"axis":"y","origin":[8.308289,7.9967194,8.00648]}}],"display":{"fixed":{"scale":[4,4,4]}}}