{"textures":{"0":"bettermodel:item/shark_hammer_shark_hammer","particle":"bettermodel:item/shark_hammer_shark_hammer"},"elements":[{"from":[7.7782993,7.939467,7.604755],"to":[8.184751,8.050318,8.048156],"faces":{"north":{"uv":[12.0,10.375,13.375,10.75],"tintindex":0,"texture":"#0"},"east":{"uv":[11.5,7.625,13.0,8.0],"tintindex":0,"texture":"#0"},"south":{"uv":[12.0,10.75,13.375,11.125],"tintindex":0,"texture":"#0"},"west":{"uv":[11.75,4.75,13.25,5.125],"tintindex":0,"texture":"#0"},"up":{"uv":[5.875,10.75,4.5,9.25],"tintindex":0,"texture":"#0"},"down":{"uv":[10.625,9.125,9.25,10.625],"tintindex":0,"texture":"#0"}}},{"from":[7.7967744,8.050318,7.62323],"to":[8.166275,8.124218,7.992731],"faces":{"north":{"uv":[12.25,1.875,13.5,2.125],"tintindex":0,"texture":"#0"},"east":{"uv":[12.25,2.125,13.5,2.375],"tintindex":0,"texture":"#0"},"west":{"uv":[12.25,2.375,13.5,2.625],"tintindex":0,"texture":"#0"}}}],"display":{"fixed":{"scale":[4,4,4]}}}