{"textures":{"0":"bettermodel:item/shark_shark","particle":"bettermodel:item/shark_shark"},"elements":[{"from":[7.7782993,7.939467,7.604755],"to":[8.184751,8.050318,8.048156],"faces":{"north":{"uv":[7.0,11.625,8.375,12.0],"tintindex":0,"texture":"#0"},"east":{"uv":[2.875,9.5,4.375,9.875],"tintindex":0,"texture":"#0"},"south":{"uv":[11.75,4.625,13.125,5.0],"tintindex":0,"texture":"#0"},"west":{"uv":[4.375,9.5,2.875,9.875],"tintindex":0,"texture":"#0"},"up":{"uv":[10.25,9.375,8.875,7.875],"tintindex":0,"texture":"#0"},"down":{"uv":[2.875,9.125,1.5,10.625],"tintindex":0,"texture":"#0"}}},{"from":[7.7967744,8.050318,7.62323],"to":[8.166275,8.124218,7.992731],"faces":{"north":{"uv":[11.75,7.375,13.0,7.625],"tintindex":0,"texture":"#0"},"east":{"uv":[11.0,11.75,12.25,12.0],"tintindex":0,"texture":"#0"},"west":{"uv":[12.25,11.75,11.0,12.0],"tintindex":0,"texture":"#0"}}}],"display":{"fixed":{"scale":[4,4,4]}}}