{"textures":{"0":"bettermodel:item/shark_shark","particle":"bettermodel:item/shark_shark"},"elements":[{"from":[7.3466563,7.9693055,7.9834366],"to":[7.530668,8.035077,8.167448],"faces":{"north":{"uv":[11.875,8.375,12.5,8.625],"tintindex":0,"texture":"#0"},"east":{"uv":[11.875,8.625,12.5,8.875],"tintindex":0,"texture":"#0"},"south":{"uv":[11.875,8.875,12.5,9.125],"tintindex":0,"texture":"#0"},"west":{"uv":[4.5,12.0,5.125,12.25],"tintindex":0,"texture":"#0"},"up":{"uv":[12.375,7.375,11.75,6.75],"tintindex":0,"texture":"#0"},"down":{"uv":[12.375,6.75,11.75,7.375],"tintindex":0,"texture":"#0"}},"rotation":{"angle":45.0,"axis":"y","origin":[7.454132,7.997818,8.0595045]}},{"from":[7.4978037,7.968935,7.8661833],"to":[7.867305,8.035445,8.013984],"faces":{"north":{"uv":[6.375,4.875,7.625,5.0],"tintindex":0,"texture":"#0"},"east":{"uv":[4.0,6.375,4.5,6.5],"tintindex":0,"texture":"#0"},"south":{"uv":[8.5,6.625,9.75,6.75],"tintindex":0,"texture":"#0"},"west":{"uv":[4.0,6.5,4.5,6.625],"tintindex":0,"texture":"#0"},"up":{"uv":[12.625,6.25,11.375,5.75],"tintindex":0,"texture":"#0"},"down":{"uv":[12.625,5.75,11.375,6.25],"tintindex":0,"texture":"#0"}},"rotation":{"angle":22.5,"axis":"y","origin":[7.6917114,7.9967194,8.00648]}},{"from":[7.455182,7.9698997,7.9508057],"to":[7.972483,8.034562,8.209456],"faces":{"north":{"uv":[10.625,7.625,12.375,7.875],"tintindex":0,"texture":"#0"},"east":{"uv":[1.5,5.0,2.375,5.25],"tintindex":0,"texture":"#0"},"south":{"uv":[11.625,2.125,13.375,2.375],"tintindex":0,"texture":"#0"},"west":{"uv":[11.875,8.125,12.75,8.375],"tintindex":0,"texture":"#0"},"up":{"uv":[12.125,11.25,10.375,10.375],"tintindex":0,"texture":"#0"},"down":{"uv":[12.125,10.375,10.375,11.25],"tintindex":0,"texture":"#0"}}},{"from":[7.860124,7.944179,7.8652444],"to":[8.044874,8.055029,8.308645],"faces":{"north":{"uv":[9.75,6.375,10.375,6.75],"tintindex":0,"texture":"#0"},"east":{"uv":[11.625,9.5,13.125,9.875],"tintindex":0,"texture":"#0"},"south":{"uv":[2.125,11.875,2.75,12.25],"tintindex":0,"texture":"#0"},"west":{"uv":[11.625,9.875,13.125,10.25],"tintindex":0,"texture":"#0"},"up":{"uv":[10.25,12.25,9.625,10.75],"tintindex":0,"texture":"#0"},"down":{"uv":[10.25,10.75,9.625,12.25],"tintindex":0,"texture":"#0"}},"rotation":{"angle":22.5,"axis":"y","origin":[7.6917114,7.9967194,8.00648]}}],"display":{"fixed":{"scale":[4,4,4]}}}