{"textures":{"0":"bettermodel:item/sylkabe_golem_golem_texture","particle":"bettermodel:item/sylkabe_golem_golem_texture"},"elements":[{"from":[8.332939,7.8156385,7.925176],"to":[8.445638,8.186988,8.037874],"faces":{"north":{"uv":[4.15625,9.84375,4.25,10.15625],"tintindex":0,"texture":"#0"},"east":{"uv":[4.0625,9.84375,4.15625,10.15625],"tintindex":0,"texture":"#0"},"south":{"uv":[4.34375,9.84375,4.4375,10.15625],"tintindex":0,"texture":"#0"},"west":{"uv":[4.25,9.84375,4.34375,10.15625],"tintindex":0,"texture":"#0"},"up":{"uv":[4.25,9.84375,4.15625,9.75],"tintindex":0,"texture":"#0"},"down":{"uv":[4.34375,9.75,4.25,9.84375],"tintindex":0,"texture":"#0"}}},{"from":[7.8156385,8.332939,7.925176],"to":[8.186988,8.445638,8.037874],"faces":{"north":{"uv":[4.78125,9.71875,5.09375,9.8125],"tintindex":0,"texture":"#0"},"east":{"uv":[4.6875,9.71875,4.78125,9.8125],"tintindex":0,"texture":"#0"},"south":{"uv":[5.1875,9.71875,5.5,9.8125],"tintindex":0,"texture":"#0"},"west":{"uv":[5.09375,9.71875,5.1875,9.8125],"tintindex":0,"texture":"#0"},"up":{"uv":[5.09375,9.71875,4.78125,9.625],"tintindex":0,"texture":"#0"},"down":{"uv":[5.40625,9.625,5.09375,9.71875],"tintindex":0,"texture":"#0"}}}],"display":{"fixed":{"scale":[4,4,4]}}}