{"textures":{"0":"bettermodel:item/leviathan_meg","1":"bettermodel:item/leviathan_meg_e","particle":"bettermodel:item/leviathan_meg"},"elements":[{"from":[7.6664,7.674168,8.278507],"to":[8.289933,8.484761,10.585579],"faces":{"north":{"uv":[13.71875,5.59375,13.984375,5.9375],"tintindex":-2,"texture":"#0"},"east":{"uv":[10.0,7.078125,10.96875,7.421875],"tintindex":-2,"texture":"#0"},"south":{"uv":[13.6875,13.71875,13.953125,14.0625],"tintindex":-2,"texture":"#0"},"west":{"uv":[10.015625,5.609375,10.984375,5.953125],"tintindex":-2,"texture":"#0"},"up":{"uv":[10.78125,12.21875,10.515625,11.25],"tintindex":-2,"texture":"#0"},"down":{"uv":[8.296875,11.28125,8.03125,12.25],"tintindex":-2,"texture":"#0"}},"rotation":{"angle":-22.5,"axis":"x","origin":[7.9781666,7.5806384,9.400866]}},{"from":[7.8222833,5.180037,9.151453],"to":[8.134049,8.1106415,10.460872],"faces":{"north":{"uv":[10.09375,12.296875,10.21875,13.53125],"tintindex":-2,"texture":"#0"},"east":{"uv":[0.984375,3.15625,1.53125,4.390625],"tintindex":-2,"texture":"#0"},"south":{"uv":[8.359375,12.5625,8.484375,13.796875],"tintindex":-2,"texture":"#0"},"west":{"uv":[1.46875,6.15625,2.015625,7.390625],"tintindex":-2,"texture":"#0"},"up":{"uv":[3.828125,6.765625,3.703125,6.21875],"tintindex":-2,"texture":"#0"},"down":{"uv":[6.75,13.859375,6.625,14.40625],"tintindex":-2,"texture":"#0"}}},{"from":[7.492573,8.025721,10.400128],"to":[7.992646,8.775207,11.149614],"faces":{"north":{"uv":[4.53125,8.5,4.75,8.8125],"tintindex":-2,"texture":"#0"},"east":{"uv":[13.6875,0.0,14.0,0.3125],"tintindex":-2,"texture":"#0"},"south":{"uv":[14.125,4.25,14.34375,4.5625],"tintindex":-2,"texture":"#0"},"west":{"uv":[4.78125,13.6875,5.09375,14.0],"tintindex":-2,"texture":"#0"},"up":{"uv":[6.171875,14.4375,5.953125,14.125],"tintindex":-2,"texture":"#0"},"down":{"uv":[6.390625,14.125,6.171875,14.4375],"tintindex":-2,"texture":"#0"}},"rotation":{"angle":22.5,"axis":"x","origin":[7.7426095,8.204368,10.578775]}},{"from":[7.493751,7.822237,10.04036],"to":[7.9914684,8.195249,11.036905],"faces":{"north":{"uv":[6.8125,7.234375,7.015625,7.390625],"tintindex":-2,"texture":"#0"},"east":{"uv":[14.0,6.125,14.421875,6.28125],"tintindex":-2,"texture":"#0"},"south":{"uv":[12.359375,9.375,12.5625,9.53125],"tintindex":-2,"texture":"#0"},"west":{"uv":[14.0625,7.875,14.484375,8.03125],"tintindex":-2,"texture":"#0"},"up":{"uv":[6.8125,8.703125,6.609375,8.28125],"tintindex":-2,"texture":"#0"},"down":{"uv":[2.203125,13.75,2.0,14.171875],"tintindex":-2,"texture":"#0"}}},{"from":[7.4931965,7.6653986,10.196091],"to":[7.9920225,8.663051,10.570211],"faces":{"north":{"uv":[7.375,5.890625,7.59375,6.3125],"tintindex":-2,"texture":"#0"},"east":{"uv":[11.390625,0.0,11.546875,0.421875],"tintindex":-2,"texture":"#0"},"south":{"uv":[3.21875,8.765625,3.4375,9.1875],"tintindex":-2,"texture":"#0"},"west":{"uv":[10.5625,14.078125,10.71875,14.5],"tintindex":-2,"texture":"#0"},"up":{"uv":[5.765625,12.359375,5.546875,12.203125],"tintindex":-2,"texture":"#0"},"down":{"uv":[14.71875,12.125,14.5,12.28125],"tintindex":-2,"texture":"#0"}},"rotation":{"angle":45.0,"axis":"x","origin":[7.7426095,8.204368,10.578775]}},{"from":[7.616099,7.2981806,10.366905],"to":[8.052571,7.797007,10.9904375],"faces":{"north":{"uv":[7.703125,12.3125,7.890625,12.53125],"tintindex":-2,"texture":"#0"},"east":{"uv":[7.890625,5.671875,8.15625,5.890625],"tintindex":-2,"texture":"#0"},"south":{"uv":[6.765625,14.453125,6.953125,14.671875],"tintindex":-2,"texture":"#0"},"west":{"uv":[5.15625,11.609375,5.421875,11.828125],"tintindex":-2,"texture":"#0"},"up":{"uv":[4.53125,2.53125,4.34375,2.265625],"tintindex":-2,"texture":"#0"},"down":{"uv":[7.703125,12.84375,7.515625,13.109375],"tintindex":-2,"texture":"#0"}},"rotation":{"angle":22.5,"axis":"x","origin":[7.8534503,8.454613,10.725394]}},{"from":[7.678452,7.2720313,10.611616],"to":[7.990218,7.646151,10.985736],"faces":{"north":{"uv":[1.875,14.0,2.0,14.15625],"tintindex":-2,"texture":"#0"},"east":{"uv":[14.609375,1.671875,14.765625,1.828125],"tintindex":-2,"texture":"#0"},"south":{"uv":[3.765625,14.609375,3.890625,14.765625],"tintindex":-2,"texture":"#0"},"west":{"uv":[14.609375,4.34375,14.765625,4.5],"tintindex":-2,"texture":"#0"},"up":{"uv":[2.71875,14.8125,2.59375,14.65625],"tintindex":-2,"texture":"#0"},"down":{"uv":[3.671875,14.703125,3.546875,14.859375],"tintindex":-2,"texture":"#0"}},"rotation":{"angle":45.0,"axis":"x","origin":[7.8343353,7.5699415,10.743251]}},{"from":[7.3666854,7.3828816,9.870305],"to":[7.8031588,7.7570014,10.244425],"faces":{"north":{"uv":[5.671875,14.5625,5.859375,14.71875],"tintindex":-2,"texture":"#0"},"east":{"uv":[14.609375,4.5,14.765625,4.65625],"tintindex":-2,"texture":"#0"},"south":{"uv":[8.8125,14.5625,9.0,14.71875],"tintindex":-2,"texture":"#0"},"west":{"uv":[14.609375,9.578125,14.765625,9.734375],"tintindex":-2,"texture":"#0"},"up":{"uv":[10.421875,14.71875,10.234375,14.5625],"tintindex":-2,"texture":"#0"},"down":{"uv":[14.75,10.640625,14.5625,10.796875],"tintindex":-2,"texture":"#0"}},"rotation":{"angle":22.5,"axis":"z","origin":[7.5537453,7.7570014,10.306778]}},{"from":[7.8456964,5.374485,8.954809],"to":[8.09511,7.55685,9.890108],"faces":{"north":{"uv":[8.234375,12.828125,8.34375,13.75],"tintindex":-2,"texture":"#0"},"east":{"uv":[3.15625,4.0,3.546875,4.921875],"tintindex":-2,"texture":"#0"},"south":{"uv":[5.28125,13.21875,5.390625,14.140625],"tintindex":-2,"texture":"#0"},"west":{"uv":[2.828125,9.8125,3.21875,10.734375],"tintindex":-2,"texture":"#0"},"up":{"uv":[11.59375,9.28125,11.484375,8.890625],"tintindex":-2,"texture":"#0"},"down":{"uv":[5.9375,12.828125,5.828125,13.21875],"tintindex":-2,"texture":"#0"}},"rotation":{"angle":-22.5,"axis":"x","origin":[7.9727974,5.7867475,9.486446]}},{"from":[7.855731,4.6722255,8.829832],"to":[8.073967,5.5763483,9.733954],"faces":{"north":{"uv":[13.109375,13.234375,13.203125,13.609375],"tintindex":-2,"texture":"#0"},"east":{"uv":[12.984375,3.96875,13.359375,4.34375],"tintindex":-2,"texture":"#0"},"south":{"uv":[12.046875,14.375,12.140625,14.75],"tintindex":-2,"texture":"#0"},"west":{"uv":[8.984375,12.984375,9.359375,13.359375],"tintindex":-2,"texture":"#0"},"up":{"uv":[1.390625,14.78125,1.296875,14.40625],"tintindex":-2,"texture":"#0"},"down":{"uv":[13.984375,14.453125,13.890625,14.828125],"tintindex":-2,"texture":"#0"}},"rotation":{"angle":-45.0,"axis":"x","origin":[7.9727974,5.7867475,9.486446]}}],"display":{"fixed":{"scale":[4,4,4]}}}