{"textures":{"0":"bettermodel:item/leviathan_meg","1":"bettermodel:item/leviathan_meg_e","particle":"bettermodel:item/leviathan_meg"},"elements":[{"from":[7.928482,8.338136,6.11362],"to":[8.115541,9.7099085,8.981871],"faces":{"north":{"uv":[10.78125,11.25,10.859375,11.828125],"tintindex":-2,"texture":"#0"},"east":{"uv":[5.640625,0.0,6.859375,0.578125],"tintindex":-2,"texture":"#0"},"south":{"uv":[10.21875,12.296875,10.296875,12.875],"tintindex":-2,"texture":"#0"},"west":{"uv":[5.8125,4.96875,7.03125,5.546875],"tintindex":-2,"texture":"#0"},"up":{"uv":[3.0625,8.75,2.984375,7.53125],"tintindex":-2,"texture":"#0"},"down":{"uv":[1.875,13.265625,1.796875,14.484375],"tintindex":-2,"texture":"#0"}},"rotation":{"angle":45.0,"axis":"x","origin":[7.2567897,8.619383,8.361297]}},{"from":[7.9440703,6.2309833,4.761057],"to":[8.099954,8.475701,7.2551885],"faces":{"north":{"uv":[6.171875,1.953125,6.234375,2.90625],"tintindex":-2,"texture":"#0"},"east":{"uv":[3.6875,1.3125,4.75,2.265625],"tintindex":-2,"texture":"#0"},"south":{"uv":[1.375,6.421875,1.4375,7.375],"tintindex":-2,"texture":"#0"},"west":{"uv":[4.328125,3.6875,5.390625,4.640625],"tintindex":-2,"texture":"#0"},"up":{"uv":[7.171875,9.84375,7.109375,8.78125],"tintindex":-2,"texture":"#0"},"down":{"uv":[2.109375,8.84375,2.046875,9.90625],"tintindex":-2,"texture":"#0"}},"rotation":{"angle":22.5,"axis":"x","origin":[7.284886,4.6805296,9.53737]}},{"from":[8.022012,8.187818,7.55535],"to":[8.022012,11.929015,11.296546],"faces":{"east":{"uv":[0.0,0.0,1.578125,1.578125],"tintindex":-2,"texture":"#0"},"west":{"uv":[0.0,1.578125,1.578125,3.15625],"tintindex":-2,"texture":"#0"}}},{"from":[7.975247,7.3862967,7.3197966],"to":[8.068777,8.633363,8.7539215],"faces":{"north":{"uv":[2.9375,7.53125,2.984375,8.0625],"tintindex":-2,"texture":"#0"},"east":{"uv":[0.359375,10.0625,0.96875,10.59375],"tintindex":-2,"texture":"#0"},"south":{"uv":[0.75,7.578125,0.796875,8.109375],"tintindex":-2,"texture":"#0"},"west":{"uv":[5.953125,10.375,6.5625,10.90625],"tintindex":-2,"texture":"#0"},"up":{"uv":[1.578125,3.765625,1.53125,3.15625],"tintindex":-2,"texture":"#0"},"down":{"uv":[1.578125,3.765625,1.53125,4.375],"tintindex":-2,"texture":"#0"}},"rotation":{"angle":22.5,"axis":"x","origin":[7.284886,4.6805296,9.53737]}}],"display":{"fixed":{"scale":[4,4,4]}}}