{"textures":{"0":"bettermodel:item/leviathan_meg","1":"bettermodel:item/leviathan_meg_e","particle":"bettermodel:item/leviathan_meg"},"elements":[{"from":[7.828724,6.171163,7.166305],"to":[9.075789,8.041761,9.036903],"faces":{"north":{"uv":[8.578125,2.015625,9.109375,2.8125],"tintindex":-2,"texture":"#0"},"east":{"uv":[6.78125,1.953125,7.578125,2.75],"tintindex":-2,"texture":"#0"},"south":{"uv":[8.578125,2.8125,9.109375,3.609375],"tintindex":-2,"texture":"#0"},"west":{"uv":[3.703125,6.796875,4.5,7.59375],"tintindex":-2,"texture":"#0"},"up":{"uv":[9.109375,4.40625,8.578125,3.609375],"tintindex":-2,"texture":"#0"},"down":{"uv":[9.109375,4.40625,8.578125,5.203125],"tintindex":-2,"texture":"#0"}}},{"from":[8.098922,8.587122,7.5973377],"to":[8.722454,9.210654,8.096164],"faces":{"north":{"uv":[13.5625,14.0625,13.828125,14.328125],"tintindex":-2,"texture":"#0"},"east":{"uv":[10.71875,14.203125,10.9375,14.46875],"tintindex":-2,"texture":"#0"},"south":{"uv":[0.34375,14.078125,0.609375,14.34375],"tintindex":-2,"texture":"#0"},"west":{"uv":[1.078125,14.21875,1.296875,14.484375],"tintindex":-2,"texture":"#0"},"up":{"uv":[14.484375,7.78125,14.21875,7.5625],"tintindex":-2,"texture":"#0"},"down":{"uv":[14.515625,12.96875,14.25,13.1875],"tintindex":-2,"texture":"#0"}},"rotation":{"angle":22.5,"axis":"x","origin":[8.452256,8.711828,9.467936]}},{"from":[8.078137,8.478611,7.41912],"to":[8.826376,9.351557,8.2297125],"faces":{"north":{"uv":[2.0,13.375,2.3125,13.75],"tintindex":-2,"texture":"#0"},"east":{"uv":[4.453125,13.109375,4.796875,13.484375],"tintindex":-2,"texture":"#0"},"south":{"uv":[13.375,5.96875,13.6875,6.34375],"tintindex":-2,"texture":"#0"},"west":{"uv":[7.515625,13.109375,7.859375,13.484375],"tintindex":-2,"texture":"#0"},"up":{"uv":[9.609375,13.859375,9.296875,13.515625],"tintindex":-2,"texture":"#0"},"down":{"uv":[13.84375,3.484375,13.53125,3.828125],"tintindex":-2,"texture":"#0"}}},{"from":[8.667968,7.334016,7.377551],"to":[9.416207,8.206962,8.188144],"faces":{"north":{"uv":[7.15625,13.375,7.46875,13.75],"tintindex":-2,"texture":"#0"},"east":{"uv":[7.859375,13.109375,8.203125,13.484375],"tintindex":-2,"texture":"#0"},"south":{"uv":[13.375,11.0,13.6875,11.375],"tintindex":-2,"texture":"#0"},"west":{"uv":[13.109375,12.078125,13.453125,12.453125],"tintindex":-2,"texture":"#0"},"up":{"uv":[13.84375,7.890625,13.53125,7.546875],"tintindex":-2,"texture":"#0"},"down":{"uv":[13.84375,10.09375,13.53125,10.4375],"tintindex":-2,"texture":"#0"}},"rotation":{"angle":-22.5,"axis":"z","origin":[9.208363,7.72892,7.7828474]}},{"from":[8.855028,7.4009576,7.5557685],"to":[9.47856,8.02449,8.054595],"faces":{"north":{"uv":[1.46875,14.078125,1.734375,14.34375],"tintindex":-2,"texture":"#0"},"east":{"uv":[10.9375,14.21875,11.15625,14.484375],"tintindex":-2,"texture":"#0"},"south":{"uv":[5.6875,14.078125,5.953125,14.34375],"tintindex":-2,"texture":"#0"},"west":{"uv":[14.25,14.171875,14.46875,14.4375],"tintindex":-2,"texture":"#0"},"up":{"uv":[14.53125,1.640625,14.265625,1.421875],"tintindex":-2,"texture":"#0"},"down":{"uv":[14.53125,5.859375,14.265625,6.078125],"tintindex":-2,"texture":"#0"}},"rotation":{"angle":22.5,"axis":"x","origin":[9.208363,7.525664,9.426367]}},{"from":[8.853603,6.7357984,7.23206],"to":[9.477136,7.359331,7.7308865],"faces":{"north":{"uv":[8.90625,14.078125,9.171875,14.34375],"tintindex":-2,"texture":"#0"},"east":{"uv":[14.265625,10.875,14.484375,11.140625],"tintindex":-2,"texture":"#0"},"south":{"uv":[10.296875,14.078125,10.5625,14.34375],"tintindex":-2,"texture":"#0"},"west":{"uv":[2.3125,14.28125,2.53125,14.546875],"tintindex":-2,"texture":"#0"},"up":{"uv":[4.34375,14.5,4.078125,14.28125],"tintindex":-2,"texture":"#0"},"down":{"uv":[4.609375,14.28125,4.34375,14.5],"tintindex":-2,"texture":"#0"}},"rotation":{"angle":-45.0,"axis":"z","origin":[9.0822315,7.1307025,7.481473]}},{"from":[9.041149,7.2246175,8.49991],"to":[9.290562,7.5987372,8.87403],"faces":{"north":{"uv":[0.15625,14.71875,0.265625,14.875],"tintindex":-2,"texture":"#0"},"east":{"uv":[14.671875,8.015625,14.828125,8.171875],"tintindex":-2,"texture":"#0"},"south":{"uv":[14.71875,0.15625,14.828125,0.3125],"tintindex":-2,"texture":"#0"},"west":{"uv":[14.671875,8.171875,14.828125,8.328125],"tintindex":-2,"texture":"#0"},"up":{"uv":[0.375,14.875,0.265625,14.71875],"tintindex":-2,"texture":"#0"},"down":{"uv":[14.828125,1.0625,14.71875,1.21875],"tintindex":-2,"texture":"#0"}},"rotation":{"angle":22.5,"axis":"z","origin":[9.512262,7.2315454,8.416772]}},{"from":[8.015783,7.485562,7.3247705],"to":[8.88873,8.732628,8.447129],"faces":{"north":{"uv":[9.71875,12.296875,10.09375,12.828125],"tintindex":-2,"texture":"#0"},"east":{"uv":[11.5,3.296875,11.96875,3.828125],"tintindex":-2,"texture":"#0"},"south":{"uv":[7.328125,12.3125,7.703125,12.84375],"tintindex":-2,"texture":"#0"},"west":{"uv":[2.625,11.515625,3.09375,12.046875],"tintindex":-2,"texture":"#0"},"up":{"uv":[12.9375,2.71875,12.5625,2.25],"tintindex":-2,"texture":"#0"},"down":{"uv":[12.9375,4.359375,12.5625,4.828125],"tintindex":-2,"texture":"#0"}},"rotation":{"angle":-22.5,"axis":"x","origin":[8.452256,8.233802,7.948303]}},{"from":[7.766371,8.535147,6.4962387],"to":[8.389903,9.15868,6.9950647],"faces":{"north":{"uv":[9.484375,14.09375,9.75,14.359375],"tintindex":-2,"texture":"#0"},"east":{"uv":[14.28125,6.890625,14.5,7.15625],"tintindex":-2,"texture":"#0"},"south":{"uv":[0.609375,14.109375,0.875,14.375],"tintindex":-2,"texture":"#0"},"west":{"uv":[14.28125,12.03125,14.5,12.296875],"tintindex":-2,"texture":"#0"},"up":{"uv":[14.546875,12.515625,14.28125,12.296875],"tintindex":-2,"texture":"#0"},"down":{"uv":[14.546875,12.515625,14.28125,12.734375],"tintindex":-2,"texture":"#0"}}},{"from":[7.745586,7.832569,6.401156],"to":[8.493826,8.705515,7.2117486],"faces":{"north":{"uv":[13.40625,6.34375,13.71875,6.71875],"tintindex":-2,"texture":"#0"},"east":{"uv":[12.5,13.125,12.84375,13.5],"tintindex":-2,"texture":"#0"},"south":{"uv":[8.484375,13.40625,8.796875,13.78125],"tintindex":-2,"texture":"#0"},"west":{"uv":[10.75,13.1875,11.09375,13.5625],"tintindex":-2,"texture":"#0"},"up":{"uv":[1.046875,13.890625,0.734375,13.546875],"tintindex":-2,"texture":"#0"},"down":{"uv":[13.875,8.625,13.5625,8.96875],"tintindex":-2,"texture":"#0"}},"rotation":{"angle":-22.5,"axis":"x","origin":[8.098922,8.153846,6.9151144]}},{"from":[7.683233,6.8767843,6.0890155],"to":[8.556179,8.12385,7.2113743],"faces":{"north":{"uv":[12.34375,3.53125,12.71875,4.0625],"tintindex":-2,"texture":"#0"},"east":{"uv":[1.3125,11.5625,1.78125,12.09375],"tintindex":-2,"texture":"#0"},"south":{"uv":[12.34375,10.671875,12.71875,11.203125],"tintindex":-2,"texture":"#0"},"west":{"uv":[11.5625,5.953125,12.03125,6.484375],"tintindex":-2,"texture":"#0"},"up":{"uv":[12.9375,5.296875,12.5625,4.828125],"tintindex":-2,"texture":"#0"},"down":{"uv":[12.9375,5.296875,12.5625,5.765625],"tintindex":-2,"texture":"#0"}},"rotation":{"angle":-45.0,"axis":"x","origin":[8.098922,8.153846,6.9151144]}},{"from":[8.389903,7.7351775,7.048883],"to":[9.138143,8.35871,7.6724157],"faces":{"north":{"uv":[6.3125,13.859375,6.625,14.125],"tintindex":-2,"texture":"#0"},"east":{"uv":[14.109375,3.40625,14.375,3.671875],"tintindex":-2,"texture":"#0"},"south":{"uv":[9.171875,13.859375,9.484375,14.125],"tintindex":-2,"texture":"#0"},"west":{"uv":[11.90625,14.109375,12.171875,14.375],"tintindex":-2,"texture":"#0"},"up":{"uv":[14.171875,9.625,13.859375,9.359375],"tintindex":-2,"texture":"#0"},"down":{"uv":[14.171875,9.625,13.859375,9.890625],"tintindex":-2,"texture":"#0"}},"rotation":{"angle":45.0,"axis":"x","origin":[8.810788,8.209717,7.0126534]}},{"from":[8.389903,6.4660773,5.696633],"to":[9.138143,7.08961,6.3201656],"faces":{"north":{"uv":[13.875,2.796875,14.1875,3.0625],"tintindex":-2,"texture":"#0"},"east":{"uv":[12.359375,14.109375,12.625,14.375],"tintindex":-2,"texture":"#0"},"south":{"uv":[13.875,8.046875,14.1875,8.3125],"tintindex":-2,"texture":"#0"},"west":{"uv":[14.109375,13.640625,14.375,13.90625],"tintindex":-2,"texture":"#0"},