{"textures":{"0":"bettermodel:item/leviathan_meg","1":"bettermodel:item/leviathan_meg_e","particle":"bettermodel:item/leviathan_meg"},"elements":[{"from":[7.7100673,7.674168,8.278507],"to":[8.3336,8.484761,10.585579],"faces":{"north":{"uv":[1.53125,13.734375,1.796875,14.078125],"tintindex":-2,"texture":"#0"},"east":{"uv":[10.03125,6.578125,11.0,6.921875],"tintindex":-2,"texture":"#0"},"south":{"uv":[8.90625,13.734375,9.171875,14.078125],"tintindex":-2,"texture":"#0"},"west":{"uv":[9.59375,10.046875,10.5625,10.390625],"tintindex":-2,"texture":"#0"},"up":{"uv":[8.5625,12.25,8.296875,11.28125],"tintindex":-2,"texture":"#0"},"down":{"uv":[8.828125,11.28125,8.5625,12.25],"tintindex":-2,"texture":"#0"}},"rotation":{"angle":-22.5,"axis":"x","origin":[8.021833,7.5806384,9.400866]}},{"from":[7.8659506,5.180037,9.151453],"to":[8.177717,8.1106415,10.460872],"faces":{"north":{"uv":[5.40625,12.71875,5.53125,13.953125],"tintindex":-2,"texture":"#0"},"east":{"uv":[3.15625,6.21875,3.703125,7.453125],"tintindex":-2,"texture":"#0"},"south":{"uv":[1.875,12.765625,2.0,14.0],"tintindex":-2,"texture":"#0"},"west":{"uv":[6.234375,1.953125,6.78125,3.1875],"tintindex":-2,"texture":"#0"},"up":{"uv":[5.515625,14.5,5.390625,13.953125],"tintindex":-2,"texture":"#0"},"down":{"uv":[7.875,13.984375,7.75,14.53125],"tintindex":-2,"texture":"#0"}}},{"from":[8.007354,8.025721,10.400128],"to":[8.507426,8.775207,11.149614],"faces":{"north":{"uv":[6.390625,14.125,6.609375,14.4375],"tintindex":-2,"texture":"#0"},"east":{"uv":[13.6875,5.96875,14.0,6.28125],"tintindex":-2,"texture":"#0"},"south":{"uv":[9.171875,14.125,9.390625,14.4375],"tintindex":-2,"texture":"#0"},"west":{"uv":[13.6875,10.9375,14.0,11.25],"tintindex":-2,"texture":"#0"},"up":{"uv":[12.84375,14.4375,12.625,14.125],"tintindex":-2,"texture":"#0"},"down":{"uv":[13.0625,14.125,12.84375,14.4375],"tintindex":-2,"texture":"#0"}},"rotation":{"angle":22.5,"axis":"x","origin":[8.25739,8.204368,10.578775]}},{"from":[8.008532,7.822237,10.04036],"to":[8.506249,8.195249,11.036905],"faces":{"north":{"uv":[14.546875,2.484375,14.75,2.640625],"tintindex":-2,"texture":"#0"},"east":{"uv":[14.125,2.5,14.546875,2.65625],"tintindex":-2,"texture":"#0"},"south":{"uv":[0.21875,14.5625,0.421875,14.71875],"tintindex":-2,"texture":"#0"},"west":{"uv":[14.140625,11.140625,14.5625,11.296875],"tintindex":-2,"texture":"#0"},"up":{"uv":[7.359375,14.171875,7.15625,13.75],"tintindex":-2,"texture":"#0"},"down":{"uv":[8.296875,13.75,8.09375,14.171875],"tintindex":-2,"texture":"#0"}}},{"from":[8.0079775,7.6653986,10.196091],"to":[8.5068035,8.663051,10.570211],"faces":{"north":{"uv":[12.8125,13.703125,13.03125,14.125],"tintindex":-2,"texture":"#0"},"east":{"uv":[11.1875,14.109375,11.34375,14.53125],"tintindex":-2,"texture":"#0"},"south":{"uv":[13.71875,6.28125,13.9375,6.703125],"tintindex":-2,"texture":"#0"},"west":{"uv":[4.609375,14.125,4.765625,14.546875],"tintindex":-2,"texture":"#0"},"up":{"uv":[14.734375,6.84375,14.515625,6.6875],"tintindex":-2,"texture":"#0"},"down":{"uv":[14.75,5.234375,14.53125,5.390625],"tintindex":-2,"texture":"#0"}},"rotation":{"angle":45.0,"axis":"x","origin":[8.25739,8.204368,10.578775]}},{"from":[7.947428,7.2981806,10.366905],"to":[8.383902,7.797007,10.9904375],"faces":{"north":{"uv":[3.90625,14.5,4.09375,14.71875],"tintindex":-2,"texture":"#0"},"east":{"uv":[0.0,14.203125,0.265625,14.421875],"tintindex":-2,"texture":"#0"},"south":{"uv":[4.09375,14.5,4.28125,14.71875],"tintindex":-2,"texture":"#0"},"west":{"uv":[14.203125,0.484375,14.46875,0.703125],"tintindex":-2,"texture":"#0"},"up":{"uv":[2.921875,14.59375,2.734375,14.328125],"tintindex":-2,"texture":"#0"},"down":{"uv":[3.109375,14.328125,2.921875,14.59375],"tintindex":-2,"texture":"#0"}},"rotation":{"angle":22.5,"axis":"x","origin":[8.146549,8.454613,10.725394]}},{"from":[8.009782,7.2720313,10.611616],"to":[8.321548,7.646151,10.985736],"faces":{"north":{"uv":[10.875,14.703125,11.0,14.859375],"tintindex":-2,"texture":"#0"},"east":{"uv":[6.640625,14.671875,6.796875,14.828125],"tintindex":-2,"texture":"#0"},"south":{"uv":[11.53125,14.703125,11.65625,14.859375],"tintindex":-2,"texture":"#0"},"west":{"uv":[6.796875,14.671875,6.953125,14.828125],"tintindex":-2,"texture":"#0"},"up":{"uv":[14.828125,12.4375,14.703125,12.28125],"tintindex":-2,"texture":"#0"},"down":{"uv":[14.828125,12.4375,14.703125,12.59375],"tintindex":-2,"texture":"#0"}},"rotation":{"angle":45.0,"axis":"x","origin":[8.165665,7.5699415,10.743251]}},{"from":[8.196841,7.3828816,9.870305],"to":[8.633314,7.7570014,10.244425],"faces":{"north":{"uv":[14.578125,7.203125,14.765625,7.359375],"tintindex":-2,"texture":"#0"},"east":{"uv":[7.328125,14.671875,7.484375,14.828125],"tintindex":-2,"texture":"#0"},"south":{"uv":[13.1875,14.578125,13.375,14.734375],"tintindex":-2,"texture":"#0"},"west":{"uv":[14.671875,7.515625,14.828125,7.671875],"tintindex":-2,"texture":"#0"},"up":{"uv":[0.609375,14.75,0.421875,14.59375],"tintindex":-2,"texture":"#0"},"down":{"uv":[2.921875,14.59375,2.734375,14.75],"tintindex":-2,"texture":"#0"}},"rotation":{"angle":-22.5,"axis":"z","origin":[8.446255,7.7570014,10.306778]}},{"from":[7.9048905,5.374485,8.954809],"to":[8.154304,7.55685,9.890108],"faces":{"north":{"uv":[8.796875,13.40625,8.90625,14.328125],"tintindex":-2,"texture":"#0"},"east":{"uv":[6.71875,9.828125,7.109375,10.75],"tintindex":-2,"texture":"#0"},"south":{"uv":[7.046875,13.421875,7.15625,14.34375],"tintindex":-2,"texture":"#0"},"west":{"uv":[7.109375,9.9375,7.5,10.859375],"tintindex":-2,"texture":"#0"},"up":{"uv":[10.078125,13.21875,9.96875,12.828125],"tintindex":-2,"texture":"#0"},"down":{"uv":[11.65625,14.3125,11.546875,14.703125],"tintindex":-2,"texture":"#0"}},"rotation":{"angle":-22.5,"axis":"x","origin":[8.027203,5.7867475,9.486446]}},{"from":[7.9260325,4.6722255,8.829832],"to":[8.144269,5.5763483,9.733954],"faces":{"north":{"uv":[5.171875,14.46875,5.265625,14.84375],"tintindex":-2,"texture":"#0"},"east":{"uv":[1.15625,13.0,1.53125,13.375],"tintindex":-2,"texture":"#0"},"south":{"uv":[2.1875,14.484375,2.28125,14.859375],"tintindex":-2,"texture":"#0"},"west":{"uv":[13.0,6.03125,13.375,6.40625],"tintindex":-2,"texture":"#0"},"up":{"uv":[3.765625,14.859375,3.671875,14.484375],"tintindex":-2,"texture":"#0"},"down":{"uv":[7.328125,14.484375,7.234375,14.859375],"tintindex":-2,"texture":"#0"}},"rotation":{"angle":-45.0,"axis":"x","origin":[8.027203,5.7867475,9.486446]}}],"display":{"fixed":{"scale":[4,4,4]}}}