{"textures":{"0":"bettermodel:item/leviathan_meg","1":"bettermodel:item/leviathan_meg_e","particle":"bettermodel:item/leviathan_meg"},"elements":[{"from":[7.833327,7.795619,8.227524],"to":[8.394506,8.606212,9.038116],"faces":{"north":{"uv":[1.078125,13.875,1.3125,14.21875],"tintindex":-2,"texture":"#0"},"east":{"uv":[13.21875,8.625,13.5625,8.96875],"tintindex":-2,"texture":"#0"},"south":{"uv":[13.890625,1.65625,14.125,2.0],"tintindex":-2,"texture":"#0"},"west":{"uv":[13.328125,6.78125,13.671875,7.125],"tintindex":-2,"texture":"#0"},"up":{"uv":[14.125,2.34375,13.890625,2.0],"tintindex":-2,"texture":"#0"},"down":{"uv":[14.125,4.25,13.890625,4.59375],"tintindex":-2,"texture":"#0"}},"rotation":{"angle":45.0,"axis":"x","origin":[7.9794855,8.870796,7.8853965]}},{"from":[7.8645034,7.018135,7.839416],"to":[8.36333,7.7663746,8.462949],"faces":{"north":{"uv":[6.75,14.140625,6.953125,14.453125],"tintindex":-2,"texture":"#0"},"east":{"uv":[0.4375,13.765625,0.703125,14.078125],"tintindex":-2,"texture":"#0"},"south":{"uv":[13.0625,14.140625,13.265625,14.453125],"tintindex":-2,"texture":"#0"},"west":{"uv":[10.453125,13.765625,10.71875,14.078125],"tintindex":-2,"texture":"#0"},"up":{"uv":[14.515625,4.046875,14.3125,3.78125],"tintindex":-2,"texture":"#0"},"down":{"uv":[14.515625,4.75,14.3125,5.015625],"tintindex":-2,"texture":"#0"}},"rotation":{"angle":22.5,"axis":"x","origin":[8.010662,8.694435,7.753125]}},{"from":[7.9268565,6.2366676,7.0414176],"to":[8.238623,6.5484343,7.3531837],"faces":{"north":{"uv":[8.53125,12.25,8.65625,12.375],"tintindex":-2,"texture":"#0"},"east":{"uv":[8.65625,12.25,8.78125,12.375],"tintindex":-2,"texture":"#0"},"south":{"uv":[2.15625,12.421875,2.28125,12.546875],"tintindex":-2,"texture":"#0"},"west":{"uv":[4.15625,12.453125,4.28125,12.578125],"tintindex":-2,"texture":"#0"},"up":{"uv":[12.84375,11.1875,12.71875,11.0625],"tintindex":-2,"texture":"#0"},"down":{"uv":[0.125,13.34375,0.0,13.46875],"tintindex":-2,"texture":"#0"}},"rotation":{"angle":-22.5,"axis":"x","origin":[8.010662,7.603932,7.1349473]}},{"from":[7.89568,6.575918,7.306002],"to":[8.2698,7.0747447,7.742475],"faces":{"north":{"uv":[14.515625,12.9375,14.671875,13.15625],"tintindex":-2,"texture":"#0"},"east":{"uv":[1.6875,14.484375,1.875,14.703125],"tintindex":-2,"texture":"#0"},"south":{"uv":[14.53125,1.296875,14.6875,1.515625],"tintindex":-2,"texture":"#0"},"west":{"uv":[1.875,14.484375,2.0625,14.703125],"tintindex":-2,"texture":"#0"},"up":{"uv":[14.734375,1.0625,14.578125,0.875],"tintindex":-2,"texture":"#0"},"down":{"uv":[14.734375,1.859375,14.578125,2.046875],"tintindex":-2,"texture":"#0"}}}],"display":{"fixed":{"scale":[4,4,4]}}}