{"textures":{"0":"bettermodel:item/leviathan_meg","1":"bettermodel:item/leviathan_meg_e","particle":"bettermodel:item/leviathan_meg"},"elements":[{"from":[7.6054935,7.795619,8.227524],"to":[8.166674,8.606212,9.038116],"faces":{"north":{"uv":[13.90625,11.25,14.140625,11.59375],"tintindex":-2,"texture":"#0"},"east":{"uv":[2.734375,13.359375,3.078125,13.703125],"tintindex":-2,"texture":"#0"},"south":{"uv":[13.9375,6.28125,14.171875,6.625],"tintindex":-2,"texture":"#0"},"west":{"uv":[3.65625,13.359375,4.0,13.703125],"tintindex":-2,"texture":"#0"},"up":{"uv":[14.1875,3.40625,13.953125,3.0625],"tintindex":-2,"texture":"#0"},"down":{"uv":[14.1875,5.109375,13.953125,5.453125],"tintindex":-2,"texture":"#0"}},"rotation":{"angle":45.0,"axis":"x","origin":[8.0205145,8.870796,7.8853965]}},{"from":[7.63667,7.018135,7.839416],"to":[8.135496,7.7663746,8.462949],"faces":{"north":{"uv":[14.171875,6.28125,14.375,6.59375],"tintindex":-2,"texture":"#0"},"east":{"uv":[11.640625,13.828125,11.90625,14.140625],"tintindex":-2,"texture":"#0"},"south":{"uv":[7.15625,14.171875,7.359375,14.484375],"tintindex":-2,"texture":"#0"},"west":{"uv":[13.84375,3.484375,14.109375,3.796875],"tintindex":-2,"texture":"#0"},"up":{"uv":[14.515625,11.734375,14.3125,11.46875],"tintindex":-2,"texture":"#0"},"down":{"uv":[13.46875,14.3125,13.265625,14.578125],"tintindex":-2,"texture":"#0"}},"rotation":{"angle":22.5,"axis":"x","origin":[7.989338,8.694435,7.753125]}},{"from":[7.761377,6.2366676,7.0414176],"to":[8.073143,6.5484343,7.3531837],"faces":{"north":{"uv":[5.65625,14.71875,5.78125,14.84375],"tintindex":-2,"texture":"#0"},"east":{"uv":[14.71875,7.859375,14.84375,7.984375],"tintindex":-2,"texture":"#0"},"south":{"uv":[8.8125,14.71875,8.9375,14.84375],"tintindex":-2,"texture":"#0"},"west":{"uv":[10.234375,14.71875,10.359375,14.84375],"tintindex":-2,"texture":"#0"},"up":{"uv":[10.484375,14.84375,10.359375,14.71875],"tintindex":-2,"texture":"#0"},"down":{"uv":[10.609375,14.71875,10.484375,14.84375],"tintindex":-2,"texture":"#0"}},"rotation":{"angle":-22.5,"axis":"x","origin":[7.989338,7.603932,7.1349473]}},{"from":[7.7302003,6.575918,7.306002],"to":[8.10432,7.0747447,7.742475],"faces":{"north":{"uv":[8.65625,14.546875,8.8125,14.765625],"tintindex":-2,"texture":"#0"},"east":{"uv":[10.921875,14.484375,11.109375,14.703125],"tintindex":-2,"texture":"#0"},"south":{"uv":[12.140625,14.546875,12.296875,14.765625],"tintindex":-2,"texture":"#0"},"west":{"uv":[14.46875,14.484375,14.65625,14.703125],"tintindex":-2,"texture":"#0"},"up":{"uv":[14.734375,10.171875,14.578125,9.984375],"tintindex":-2,"texture":"#0"},"down":{"uv":[11.421875,14.578125,11.265625,14.765625],"tintindex":-2,"texture":"#0"}}}],"display":{"fixed":{"scale":[4,4,4]}}}