{"textures":{"0":"bettermodel:item/leviathan_meg","1":"bettermodel:item/leviathan_meg_e","particle":"bettermodel:item/leviathan_meg"},"elements":[{"from":[7.4523554,7.308657,7.22197],"to":[8.200595,8.49337,8.406682],"faces":{"north":{"uv":[7.578125,2.234375,7.890625,2.734375],"tintindex":-2,"texture":"#0"},"east":{"uv":[11.140625,0.8125,11.640625,1.3125],"tintindex":-2,"texture":"#0"},"south":{"uv":[12.71875,3.46875,13.03125,3.96875],"tintindex":-2,"texture":"#0"},"west":{"uv":[11.28125,11.234375,11.78125,11.734375],"tintindex":-2,"texture":"#0"},"up":{"uv":[5.40625,13.21875,5.09375,12.71875],"tintindex":-2,"texture":"#0"},"down":{"uv":[13.03125,10.296875,12.71875,10.796875],"tintindex":-2,"texture":"#0"}},"rotation":{"angle":-45.0,"axis":"x","origin":[7.8264747,7.9010134,7.814326]}},{"from":[7.513877,6.4972334,7.3146687],"to":[8.139072,7.621255,7.939864],"faces":{"north":{"uv":[12.84375,13.234375,13.109375,13.703125],"tintindex":-2,"texture":"#0"},"east":{"uv":[13.25,1.0,13.515625,1.46875],"tintindex":-2,"texture":"#0"},"south":{"uv":[13.25,9.25,13.515625,9.71875],"tintindex":-2,"texture":"#0"},"west":{"uv":[1.53125,13.265625,1.796875,13.734375],"tintindex":-2,"texture":"#0"},"up":{"uv":[14.265625,11.140625,14.0,10.875],"tintindex":-2,"texture":"#0"},"down":{"uv":[2.578125,14.015625,2.3125,14.28125],"tintindex":-2,"texture":"#0"}}},{"from":[7.523646,6.563283,7.614916],"to":[8.129304,7.8091016,8.112495],"faces":{"north":{"uv":[6.859375,0.0,7.109375,0.53125],"tintindex":-2,"texture":"#0"},"east":{"uv":[7.828125,11.359375,8.03125,11.890625],"tintindex":-2,"texture":"#0"},"south":{"uv":[9.359375,12.984375,9.609375,13.515625],"tintindex":-2,"texture":"#0"},"west":{"uv":[1.328125,13.375,1.53125,13.90625],"tintindex":-2,"texture":"#0"},"up":{"uv":[14.5625,4.25,14.3125,4.046875],"tintindex":-2,"texture":"#0"},"down":{"uv":[14.5625,10.65625,14.3125,10.859375],"tintindex":-2,"texture":"#0"}},"rotation":{"angle":22.5,"axis":"x","origin":[7.7641215,6.9679556,7.863705]}},{"from":[7.639415,5.526987,7.015117],"to":[7.9511814,5.8387537,7.326884],"faces":{"north":{"uv":[13.421875,5.59375,13.546875,5.71875],"tintindex":-2,"texture":"#0"},"east":{"uv":[13.546875,5.59375,13.671875,5.71875],"tintindex":-2,"texture":"#0"},"south":{"uv":[13.671875,6.984375,13.796875,7.109375],"tintindex":-2,"texture":"#0"},"west":{"uv":[13.6875,11.25,13.8125,11.375],"tintindex":-2,"texture":"#0"},"up":{"uv":[9.296875,13.859375,9.171875,13.734375],"tintindex":-2,"texture":"#0"},"down":{"uv":[13.921875,6.984375,13.796875,7.109375],"tintindex":-2,"texture":"#0"}}},{"from":[7.608238,5.7249827,6.9810452],"to":[7.982358,6.2238092,7.417518],"faces":{"north":{"uv":[14.53125,5.8125,14.6875,6.03125],"tintindex":-2,"texture":"#0"},"east":{"uv":[3.109375,14.484375,3.296875,14.703125],"tintindex":-2,"texture":"#0"},"south":{"uv":[7.671875,14.53125,7.828125,14.75],"tintindex":-2,"texture":"#0"},"west":{"uv":[3.296875,14.484375,3.484375,14.703125],"tintindex":-2,"texture":"#0"},"up":{"uv":[14.734375,2.234375,14.578125,2.046875],"tintindex":-2,"texture":"#0"},"down":{"uv":[14.734375,7.015625,14.578125,7.203125],"tintindex":-2,"texture":"#0"}},"rotation":{"angle":22.5,"axis":"x","origin":[7.8108864,6.0729,7.314388]}},{"from":[7.5770617,6.0759625,6.8282194],"to":[8.075888,6.824202,7.4517517],"faces":{"north":{"uv":[13.828125,14.140625,14.03125,14.453125],"tintindex":-2,"texture":"#0"},"east":{"uv":[13.78125,4.796875,14.046875,5.109375],"tintindex":-2,"texture":"#0"},"south":{"uv":[5.09375,14.15625,5.296875,14.46875],"tintindex":-2,"texture":"#0"},"west":{"uv":[9.609375,13.78125,9.875,14.09375],"tintindex":-2,"texture":"#0"},"up":{"uv":[14.515625,6.859375,14.3125,6.59375],"tintindex":-2,"texture":"#0"},"down":{"uv":[8.65625,14.3125,8.453125,14.578125],"tintindex":-2,"texture":"#0"}},"rotation":{"angle":45.0,"axis":"x","origin":[7.8108864,6.0729,7.314388]}},{"from":[7.649807,6.256355,6.730728],"to":[8.003142,6.6304746,7.104848],"faces":{"north":{"uv":[14.640625,6.03125,14.796875,6.1875],"tintindex":-2,"texture":"#0"},"east":{"uv":[12.765625,14.640625,12.921875,14.796875],"tintindex":-2,"texture":"#0"},"south":{"uv":[13.984375,14.640625,14.140625,14.796875],"tintindex":-2,"texture":"#0"},"west":{"uv":[14.140625,14.640625,14.296875,14.796875],"tintindex":-2,"texture":"#0"},"up":{"uv":[14.453125,14.796875,14.296875,14.640625],"tintindex":-2,"texture":"#0"},"down":{"uv":[0.765625,14.65625,0.609375,14.8125],"tintindex":-2,"texture":"#0"}},"rotation":{"angle":-45.0,"axis":"x","origin":[7.8264747,6.5619507,6.9555655]}},{"from":[7.7121606,6.5612135,6.7892222],"to":[7.940789,6.8106265,7.1009884],"faces":{"north":{"uv":[4.0,8.390625,4.09375,8.5],"tintindex":-2,"texture":"#0"},"east":{"uv":[3.875,9.1875,4.0,9.296875],"tintindex":-2,"texture":"#0"},"south":{"uv":[11.53125,12.640625,11.625,12.75],"tintindex":-2,"texture":"#0"},"west":{"uv":[7.359375,11.25,7.484375,11.359375],"tintindex":-2,"texture":"#0"},"up":{"uv":[4.328125,5.734375,4.234375,5.609375],"tintindex":-2,"texture":"#0"},"down":{"uv":[9.6875,9.875,9.59375,10.0],"tintindex":-2,"texture":"#0"}},"rotation":{"angle":-22.5,"axis":"x","origin":[7.8264747,6.5619507,6.9555655]}}],"display":{"fixed":{"scale":[4,4,4]}}}