{"textures":{"0":"bettermodel:item/mf_ember_claw_mf_ember_claw","1":"bettermodel:item/mf_ember_claw_mf_ember_claw_e","particle":"bettermodel:item/mf_ember_claw_mf_ember_claw"},"elements":[{"from":[7.4596047,6.974635,7.8614373],"to":[8.577345,8.175513,8.341788],"faces":{"north":{"uv":[12.90625,9.21875,13.375,9.734375],"tintindex":-2,"texture":"#0"},"east":{"uv":[14.28125,14.21875,14.484375,14.734375],"tintindex":-2,"texture":"#0"},"south":{"uv":[2.234375,12.96875,2.703125,13.484375],"tintindex":-2,"texture":"#0"},"west":{"uv":[0.34375,14.296875,0.546875,14.8125],"tintindex":-2,"texture":"#0"},"up":{"uv":[14.796875,3.078125,14.328125,2.875],"tintindex":-2,"texture":"#0"},"down":{"uv":[14.796875,3.078125,14.328125,3.28125],"tintindex":-2,"texture":"#0"}}},{"from":[8.577345,7.3441358,7.491936],"to":[8.577345,8.175513,7.8614373],"faces":{"north":{"uv":[0.0,0.0,0.0,0.359375],"tintindex":-2,"texture":"#0"},"east":{"uv":[7.4375,14.671875,7.59375,15.03125],"tintindex":-2,"texture":"#0"},"south":{"uv":[0.0,0.0,0.0,0.359375],"tintindex":-2,"texture":"#0"},"west":{"uv":[2.015625,14.6875,2.171875,15.046875],"tintindex":-2,"texture":"#0"},"up":{"uv":[0.0,0.15625,0.0,0.0],"tintindex":-2,"texture":"#0"},"down":{"uv":[0.0,0.0,0.0,0.15625],"tintindex":-2,"texture":"#0"}}},{"from":[7.7634516,6.214391,7.662098],"to":[8.21609,7.341369,8.142449],"faces":{"north":{"uv":[6.765625,14.390625,6.953125,14.859375],"tintindex":-2,"texture":"#0"},"east":{"uv":[0.5625,12.296875,0.765625,12.765625],"tintindex":-2,"texture":"#0"},"south":{"uv":[6.953125,14.390625,7.140625,14.859375],"tintindex":-2,"texture":"#0"},"west":{"uv":[5.34375,14.3125,5.546875,14.78125],"tintindex":-2,"texture":"#0"},"up":{"uv":[15.0,9.890625,14.8125,9.6875],"tintindex":-2,"texture":"#0"},"down":{"uv":[11.078125,14.8125,10.890625,15.015625],"tintindex":-2,"texture":"#0"}},"rotation":{"angle":-45.0,"axis":"x","origin":[8.003791,6.9753613,8.09918]}},{"from":[7.615651,6.7821054,6.9413853],"to":[8.363891,7.428732,6.9413853],"faces":{"north":{"uv":[14.390625,4.625,14.703125,4.90625],"tintindex":-2,"texture":"#0"},"east":{"uv":[0.0,0.0,0.0,0.28125],"tintindex":-2,"texture":"#0"},"south":{"uv":[14.390625,7.84375,14.703125,8.125],"tintindex":-2,"texture":"#0"},"west":{"uv":[0.0,0.0,0.0,0.28125],"tintindex":-2,"texture":"#0"},"up":{"uv":[0.3125,0.0,0.0,0.0],"tintindex":-2,"texture":"#0"},"down":{"uv":[0.3125,0.0,0.0,0.0],"tintindex":-2,"texture":"#0"}},"rotation":{"angle":-45.0,"axis":"x","origin":[8.003791,7.8386765,7.3747725]}}],"display":{"fixed":{"scale":[4,4,4]}}}