{"textures":{"0":"bettermodel:item/mf_ember_claw_pet_mf_ember_claw","1":"bettermodel:item/mf_ember_claw_pet_mf_ember_claw_e","particle":"bettermodel:item/mf_ember_claw_pet_mf_ember_claw"},"elements":[{"from":[7.8011622,7.9159384,7.906239],"to":[8.101844,8.303914,8.100227],"faces":{"north":{"uv":[0.0,13.578125,0.359375,14.046875],"tintindex":-2,"texture":"#0"},"east":{"uv":[2.078125,14.21875,2.3125,14.6875],"tintindex":-2,"texture":"#0"},"south":{"uv":[3.6875,13.59375,4.046875,14.0625],"tintindex":-2,"texture":"#0"},"west":{"uv":[13.90625,14.21875,14.140625,14.6875],"tintindex":-2,"texture":"#0"},"up":{"uv":[13.078125,14.671875,12.71875,14.4375],"tintindex":-2,"texture":"#0"},"down":{"uv":[13.4375,14.4375,13.078125,14.671875],"tintindex":-2,"texture":"#0"}}},{"from":[8.101844,7.7866135,8.100227],"to":[8.101844,8.239252,8.255418],"faces":{"north":{"uv":[0.0,0.0,0.0,0.546875],"tintindex":-2,"texture":"#0"},"east":{"uv":[0.546875,14.296875,0.734375,14.84375],"tintindex":-2,"texture":"#0"},"south":{"uv":[0.0,0.0,0.0,0.546875],"tintindex":-2,"texture":"#0"},"west":{"uv":[5.0,14.3125,5.1875,14.859375],"tintindex":-2,"texture":"#0"},"up":{"uv":[0.0,0.1875,0.0,0.0],"tintindex":-2,"texture":"#0"},"down":{"uv":[0.0,0.0,0.0,0.1875],"tintindex":-2,"texture":"#0"}}},{"from":[7.824141,8.168195,8.164971],"to":[8.086025,8.394514,8.164971],"faces":{"north":{"uv":[0.921875,14.453125,1.234375,14.71875],"tintindex":-2,"texture":"#0"},"east":{"uv":[0.0,0.0,0.0,0.265625],"tintindex":-2,"texture":"#0"},"south":{"uv":[14.453125,4.21875,14.765625,4.484375],"tintindex":-2,"texture":"#0"},"west":{"uv":[0.0,0.0,0.0,0.265625],"tintindex":-2,"texture":"#0"},"up":{"uv":[0.3125,0.0,0.0,0.0],"tintindex":-2,"texture":"#0"},"down":{"uv":[0.3125,0.0,0.0,0.0],"tintindex":-2,"texture":"#0"}},"rotation":{"angle":-45.0,"axis":"x","origin":[7.955083,8.384814,8.123588]}},{"from":[7.875871,8.291054,7.9981422],"to":[8.034295,8.685495,8.1662655],"faces":{"north":{"uv":[12.53125,14.390625,12.71875,14.859375],"tintindex":-2,"texture":"#0"},"east":{"uv":[10.890625,14.34375,11.09375,14.8125],"tintindex":-2,"texture":"#0"},"south":{"uv":[3.390625,14.40625,3.578125,14.875],"tintindex":-2,"texture":"#0"},"west":{"uv":[11.09375,14.34375,11.296875,14.8125],"tintindex":-2,"texture":"#0"},"up":{"uv":[12.140625,15.015625,11.953125,14.8125],"tintindex":-2,"texture":"#0"},"down":{"uv":[13.875,14.8125,13.6875,15.015625],"tintindex":-2,"texture":"#0"}},"rotation":{"angle":-45.0,"axis":"x","origin":[7.955083,8.384814,8.123588]}}],"display":{"fixed":{"scale":[4,4,4]}}}