{"textures":{"0":"bettermodel:item/mf_ember_claw_mf_ember_claw","1":"bettermodel:item/mf_ember_claw_mf_ember_claw_e","particle":"bettermodel:item/mf_ember_claw_mf_ember_claw"},"elements":[{"from":[6.937685,6.7390785,6.346483],"to":[8.803664,8.1986065,8.203225],"faces":{"north":{"uv":[7.078125,8.765625,7.875,9.390625],"tintindex":-2,"texture":"#0"},"east":{"uv":[5.3125,11.625,6.09375,12.25],"tintindex":-2,"texture":"#0"},"south":{"uv":[11.5625,2.78125,12.359375,3.40625],"tintindex":-2,"texture":"#0"},"west":{"uv":[0.0,11.671875,0.78125,12.296875],"tintindex":-2,"texture":"#0"},"up":{"uv":[3.296875,10.5625,2.5,9.78125],"tintindex":-2,"texture":"#0"},"down":{"uv":[1.8125,11.03125,1.015625,11.8125],"tintindex":-2,"texture":"#0"}},"rotation":{"angle":-22.5,"axis":"x","origin":[8.0,7.2979484,6.9838724]}},{"from":[6.937685,6.335633,6.268712],"to":[6.937685,6.723609,7.719003],"faces":{"north":{"uv":[0.0,0.0,0.0,0.171875],"tintindex":-2,"texture":"#0"},"east":{"uv":[14.203125,9.5625,14.8125,9.734375],"tintindex":-2,"texture":"#0"},"south":{"uv":[0.0,0.0,0.0,0.171875],"tintindex":-2,"texture":"#0"},"west":{"uv":[14.203125,9.734375,14.8125,9.90625],"tintindex":-2,"texture":"#0"},"up":{"uv":[0.0,0.609375,0.0,0.0],"tintindex":-2,"texture":"#0"},"down":{"uv":[0.0,0.0,0.0,0.609375],"tintindex":-2,"texture":"#0"}},"rotation":{"angle":-22.5,"axis":"x","origin":[8.0,7.4857044,6.906101]}},{"from":[8.803664,6.335633,6.268712],"to":[8.803664,6.723609,7.719003],"faces":{"north":{"uv":[0.0,0.0,0.0,0.171875],"tintindex":-2,"texture":"#0"},"east":{"uv":[14.21875,2.703125,14.828125,2.875],"tintindex":-2,"texture":"#0"},"south":{"uv":[0.0,0.0,0.0,0.171875],"tintindex":-2,"texture":"#0"},"west":{"uv":[14.265625,1.328125,14.875,1.5],"tintindex":-2,"texture":"#0"},"up":{"uv":[0.0,0.609375,0.0,0.0],"tintindex":-2,"texture":"#0"},"down":{"uv":[0.0,0.0,0.0,0.609375],"tintindex":-2,"texture":"#0"}},"rotation":{"angle":-22.5,"axis":"x","origin":[7.741349,7.4857044,6.906101]}},{"from":[6.937685,6.457552,6.871439],"to":[8.803664,6.457552,7.296365],"faces":{"north":{"uv":[0.0,0.0,0.796875,0.0],"tintindex":-2,"texture":"#0"},"east":{"uv":[0.0,0.0,0.1875,0.0],"tintindex":-2,"texture":"#0"},"south":{"uv":[0.0,0.0,0.796875,0.0],"tintindex":-2,"texture":"#0"},"west":{"uv":[0.0,0.0,0.1875,0.0],"tintindex":-2,"texture":"#0"},"up":{"uv":[14.71875,12.96875,13.921875,12.78125],"tintindex":-2,"texture":"#0"},"down":{"uv":[14.71875,12.96875,13.921875,13.15625],"tintindex":-2,"texture":"#0"}},"rotation":{"angle":22.5,"axis":"x","origin":[7.8706746,6.548675,7.3514223]}},{"from":[6.937685,6.69132,6.5452414],"to":[8.803664,7.208621,6.5452414],"faces":{"north":{"uv":[13.609375,6.484375,14.40625,6.703125],"tintindex":-2,"texture":"#0"},"east":{"uv":[0.0,0.0,0.0,0.21875],"tintindex":-2,"texture":"#0"},"south":{"uv":[13.609375,6.703125,14.40625,6.921875],"tintindex":-2,"texture":"#0"},"west":{"uv":[0.0,0.0,0.0,0.21875],"tintindex":-2,"texture":"#0"},"up":{"uv":[0.796875,0.0,0.0,0.0],"tintindex":-2,"texture":"#0"},"down":{"uv":[0.796875,0.0,0.0,0.0],"tintindex":-2,"texture":"#0"}},"rotation":{"angle":-45.0,"axis":"x","origin":[7.8706746,6.69132,6.5452414]}},{"from":[6.679034,7.7182555,6.0878325],"to":[9.062315,9.103884,7.593549],"faces":{"north":{"uv":[11.484375,0.0,12.5,0.59375],"tintindex":-2,"texture":"#0"},"east":{"uv":[12.140625,1.1875,12.78125,1.78125],"tintindex":-2,"texture":"#0"},"south":{"uv":[11.484375,0.59375,12.5,1.1875],"tintindex":-2,"texture":"#0"},"west":{"uv":[11.4375,12.1875,12.078125,12.78125],"tintindex":-2,"texture":"#0"},"up":{"uv":[6.328125,11.625,5.3125,10.984375],"tintindex":-2,"texture":"#0"},"down":{"uv":[1.015625,11.03125,0.0,11.671875],"tintindex":-2,"texture":"#0"}},"rotation":{"angle":-45.0,"axis":"x","origin":[7.9261,8.1478,6.7252216]}},{"from":[6.679034,9.054208,6.404266],"to":[9.062315,9.663884,6.404266],"faces":{"north":{"uv":[12.703125,8.6875,13.71875,8.953125],"tintindex":-2,"texture":"#0"},"east":{"uv":[0.0,0.0,0.0,0.265625],"tintindex":-2,"texture":"#0"},"south":{"uv":[12.703125,8.953125,13.71875,9.21875],"tintindex":-2,"texture":"#0"},"west":{"uv":[0.0,0.0,0.0,0.265625],"tintindex":-2,"texture":"#0"},"up":{"uv":[1.015625,0.0,0.0,0.0],"tintindex":-2,"texture":"#0"},"down":{"uv":[1.015625,0.0,0.0,0.0],"tintindex":-2,"texture":"#0"}}},{"from":[6.679034,8.777082,5.997815],"to":[9.062315,9.386759,5.997815],"faces":{"north":{"uv":[12.71875,11.84375,13.734375,12.109375],"tintindex":-2,"texture":"#0"},"east":{"uv":[0.0,0.0,0.0,0.265625],"tintindex":-2,"texture":"#0"},"south":{"uv":[12.75,7.328125,13.765625,7.59375],"tintindex":-2,"texture":"#0"},"west":{"uv":[0.0,0.0,0.0,0.265625],"tintindex":-2,"texture":"#0"},"up":{"uv":[1.015625,0.0,0.0,0.0],"tintindex":-2,"texture":"#0"},"down":{"uv":[1.015625,0.0,0.0,0.0],"tintindex":-2,"texture":"#0"}}},{"from":[6.679034,9.436052,6.663534],"to":[9.062315,9.436052,7.3932986],"faces":{"north":{"uv":[0.0,0.0,1.015625,0.0],"tintindex":-2,"texture":"#0"},"east":{"uv":[0.0,0.0,0.3125,0.0],"tintindex":-2,"texture":"#0"},"south":{"uv":[0.0,0.0,1.015625,0.0],"tintindex":-2,"texture":"#0"},"west":{"uv":[0.0,0.0,0.3125,0.0],"tintindex":-2,"texture":"#0"},"up":{"uv":[6.984375,5.140625,5.96875,4.828125],"tintindex":-2,"texture":"#0"},"down":{"uv":[6.75,12.34375,5.734375,12.65625],"tintindex":-2,"texture":"#0"}},"rotation":{"angle":-22.5,"axis":"x","origin":[7.8706746,9.436052,6.6589155]}},{"from":[6.8037405,7.6194882,6.6951666],"to":[8.937609,8.820366,8.635046],"faces":{"north":{"uv":[11.703125,10.28125,12.609375,10.796875],"tintindex":-2,"texture":"#0"},"east":{"uv":[11.921875,6.59375,12.75,7.109375],"tintindex":-2,"texture":"#0"},"south":{"uv":[11.703125,10.796875,12.609375,11.3125],"tintindex":-2,"texture":"#0"},"west":{"uv":[11.921875,7.109375,12.75,7.625],"tintindex":-2,"texture":"#0"},"up":{"uv":[4.40625,11.8125,3.5,10.984375],"tintindex":-2,"texture":"#0"},"down":{"uv":[5.3125,10.984375,4.40625,11.8125],"tintindex":-2,"texture":"#0"}},"rotation":{"angle":22.5,"axis":"x","origin":[7.8706746,8.644854,7.7020564]}},{"from":[6.8037405,8.40572,8.620942],"to":[8.937609,8.40572,9.082818],"faces":{"north":{"uv":[0.0,0.0,0.90625,0.0],"tintindex":-2,"texture":"#0"},"east":{"uv":[0.0,0.0,0.203125,0.0],"tintindex":-2,"texture":"#0"},"south":{"uv":[0.0,0.0,0.90625,0.0],"tintindex":-2,"texture":"#0"},"west":{"uv":[0.0,0.0,0.203125,0.0],"tintindex":-2,"texture":"#0"},"up":{"uv":[14.21875,2.90625,13.3125,2.703125],"tintindex":-2,"texture":"#0"},"down":{"uv":[8.734375,13.375,7.828125,13.578125],"tintindex":-2,"texture":"#0"}},"rotation":{"angle":45.0,"axis":"x","origin":[7.8706746,8.40572,8.630179]}},{"from":[6.6744156,9.061583,7.2329144],"to":[9.066934,9.061583,8.2490425],"faces":{"north":{"uv":[0.0,0.0,1.015625,0.0],"tintindex":-2,"texture":"#0"},"east":{"uv":[0.0,0.0,0.4375,0.0],"tintindex":-2,"texture":"#0"},"south":{"uv":[0.0,0.0,1.015625,0.0],"tintindex":-2,"texture":"#0"},"west":{"uv":[0.0,0.0,0.4375,0.0],"tintindex":-2,"texture":"#0"},"up":{"uv":[11.9375,8.25,10.921875,7.8125],"tintindex":-2,"texture":"#0"},"down":{"uv":[12.71875,11.3125,11.703125,11.75],"tintindex":-2,"texture":"#0"}}},{"from":[6.6744156,8.7290325,7.9349666],"to":[9.066934,8.7290325,8.951094],"faces":{"north":{"uv":[0.0,0.0,1.015625,0.0],"tintindex":-2,"texture":"#0"},"east":{"uv":[0.0,0.0,0.4375,0.0],"tintindex":-2,"texture":"#0"},"south":{"uv":[0.0,0.0,1.015625,0.0],"tintindex":-2,"texture":"#0"},"west":{"uv":[0.0,0.0,0.4375,0.0],"tintindex":-2,"texture":"#0"},"up":{"uv":[12.71875,12.1875,11.703125,11.75],"tintindex":-2,"texture":"#0"},"down":{"uv":[1.796875,11.8125,0.78125,12.25],"tintindex":-2,"texture":"#0"}}},{"from":[6.6744156,8.7290325,7.9349666],"to":[9.066934,8.7290325,8.951094],"faces":{"north":{"uv":[0.0,0.0,1.015625,0.0],"tintindex":-2,"texture":"#0"},"east":{"uv":[0.0,0.0,0.4375,0.0],"tintindex":-2,"texture":"#0"},"south":{"uv":[0.0,0.0,1.015625,0.0],"tintindex":-2,"texture":"#0"},"west":{"uv":[0.0,0.0,0.4375,0.0],"tintindex":-2,"texture":"#0"},