{"textures":{"0":"bettermodel:item/mf_ember_claw_pet_mf_ember_claw","1":"bettermodel:item/mf_ember_claw_pet_mf_ember_claw_e","particle":"bettermodel:item/mf_ember_claw_pet_mf_ember_claw"},"elements":[{"from":[7.6281896,7.558677,7.4212694],"to":[8.281282,8.069512,8.071129],"faces":{"north":{"uv":[7.078125,8.765625,7.875,9.390625],"tintindex":-2,"texture":"#0"},"east":{"uv":[5.3125,11.625,6.09375,12.25],"tintindex":-2,"texture":"#0"},"south":{"uv":[11.5625,2.78125,12.359375,3.40625],"tintindex":-2,"texture":"#0"},"west":{"uv":[0.0,11.671875,0.78125,12.296875],"tintindex":-2,"texture":"#0"},"up":{"uv":[3.296875,10.5625,2.5,9.78125],"tintindex":-2,"texture":"#0"},"down":{"uv":[1.8125,11.03125,1.015625,11.8125],"tintindex":-2,"texture":"#0"}},"rotation":{"angle":-22.5,"axis":"x","origin":[8.0,7.754282,7.6443553]}},{"from":[7.6281896,7.4174714,7.394049],"to":[7.6281896,7.553263,7.901651],"faces":{"north":{"uv":[0.0,0.0,0.0,0.171875],"tintindex":-2,"texture":"#0"},"east":{"uv":[14.203125,9.5625,14.8125,9.734375],"tintindex":-2,"texture":"#0"},"south":{"uv":[0.0,0.0,0.0,0.171875],"tintindex":-2,"texture":"#0"},"west":{"uv":[14.203125,9.734375,14.8125,9.90625],"tintindex":-2,"texture":"#0"},"up":{"uv":[0.0,0.609375,0.0,0.0],"tintindex":-2,"texture":"#0"},"down":{"uv":[0.0,0.0,0.0,0.609375],"tintindex":-2,"texture":"#0"}},"rotation":{"angle":-22.5,"axis":"x","origin":[8.0,7.8199964,7.6171355]}},{"from":[8.281282,7.4174714,7.394049],"to":[8.281282,7.553263,7.901651],"faces":{"north":{"uv":[0.0,0.0,0.0,0.171875],"tintindex":-2,"texture":"#0"},"east":{"uv":[14.21875,2.703125,14.828125,2.875],"tintindex":-2,"texture":"#0"},"south":{"uv":[0.0,0.0,0.0,0.171875],"tintindex":-2,"texture":"#0"},"west":{"uv":[14.265625,1.328125,14.875,1.5],"tintindex":-2,"texture":"#0"},"up":{"uv":[0.0,0.609375,0.0,0.0],"tintindex":-2,"texture":"#0"},"down":{"uv":[0.0,0.0,0.0,0.609375],"tintindex":-2,"texture":"#0"}},"rotation":{"angle":-22.5,"axis":"x","origin":[7.9094725,7.8199964,7.6171355]}},{"from":[7.6281896,7.460143,7.6050034],"to":[8.281282,7.460143,7.7537274],"faces":{"north":{"uv":[0.0,0.0,0.796875,0.0],"tintindex":-2,"texture":"#0"},"east":{"uv":[0.0,0.0,0.1875,0.0],"tintindex":-2,"texture":"#0"},"south":{"uv":[0.0,0.0,0.796875,0.0],"tintindex":-2,"texture":"#0"},"west":{"uv":[0.0,0.0,0.1875,0.0],"tintindex":-2,"texture":"#0"},"up":{"uv":[14.71875,12.96875,13.921875,12.78125],"tintindex":-2,"texture":"#0"},"down":{"uv":[14.71875,12.96875,13.921875,13.15625],"tintindex":-2,"texture":"#0"}},"rotation":{"angle":22.5,"axis":"x","origin":[7.954736,7.4920363,7.772998]}},{"from":[7.6281896,7.5419617,7.490834],"to":[8.281282,7.723017,7.490834],"faces":{"north":{"uv":[13.609375,6.484375,14.40625,6.703125],"tintindex":-2,"texture":"#0"},"east":{"uv":[0.0,0.0,0.0,0.21875],"tintindex":-2,"texture":"#0"},"south":{"uv":[13.609375,6.703125,14.40625,6.921875],"tintindex":-2,"texture":"#0"},"west":{"uv":[0.0,0.0,0.0,0.21875],"tintindex":-2,"texture":"#0"},"up":{"uv":[0.796875,0.0,0.0,0.0],"tintindex":-2,"texture":"#0"},"down":{"uv":[0.796875,0.0,0.0,0.0],"tintindex":-2,"texture":"#0"}},"rotation":{"angle":-45.0,"axis":"x","origin":[7.954736,7.5419617,7.490834]}},{"from":[7.537662,7.9013896,7.3307414],"to":[8.37181,8.386359,7.8577423],"faces":{"north":{"uv":[11.484375,0.0,12.5,0.59375],"tintindex":-2,"texture":"#0"},"east":{"uv":[12.140625,1.1875,12.78125,1.78125],"tintindex":-2,"texture":"#0"},"south":{"uv":[11.484375,0.59375,12.5,1.1875],"tintindex":-2,"texture":"#0"},"west":{"uv":[11.4375,12.1875,12.078125,12.78125],"tintindex":-2,"texture":"#0"},"up":{"uv":[6.328125,11.625,5.3125,10.984375],"tintindex":-2,"texture":"#0"},"down":{"uv":[1.015625,11.03125,0.0,11.671875],"tintindex":-2,"texture":"#0"}},"rotation":{"angle":-45.0,"axis":"x","origin":[7.974135,8.05173,7.553828]}},{"from":[7.537662,8.368973,7.441493],"to":[8.37181,8.582359,7.441493],"faces":{"north":{"uv":[12.703125,8.6875,13.71875,8.953125],"tintindex":-2,"texture":"#0"},"east":{"uv":[0.0,0.0,0.0,0.265625],"tintindex":-2,"texture":"#0"},"south":{"uv":[12.703125,8.953125,13.71875,9.21875],"tintindex":-2,"texture":"#0"},"west":{"uv":[0.0,0.0,0.0,0.265625],"tintindex":-2,"texture":"#0"},"up":{"uv":[1.015625,0.0,0.0,0.0],"tintindex":-2,"texture":"#0"},"down":{"uv":[1.015625,0.0,0.0,0.0],"tintindex":-2,"texture":"#0"}}},{"from":[7.537662,8.271978,7.2992353],"to":[8.37181,8.485365,7.2992353],"faces":{"north":{"uv":[12.71875,11.84375,13.734375,12.109375],"tintindex":-2,"texture":"#0"},"east":{"uv":[0.0,0.0,0.0,0.265625],"tintindex":-2,"texture":"#0"},"south":{"uv":[12.75,7.328125,13.765625,7.59375],"tintindex":-2,"texture":"#0"},"west":{"uv":[0.0,0.0,0.0,0.265625],"tintindex":-2,"texture":"#0"},"up":{"uv":[1.015625,0.0,0.0,0.0],"tintindex":-2,"texture":"#0"},"down":{"uv":[1.015625,0.0,0.0,0.0],"tintindex":-2,"texture":"#0"}}},{"from":[7.537662,8.502619,7.532237],"to":[8.37181,8.502619,7.7876544],"faces":{"north":{"uv":[0.0,0.0,1.015625,0.0],"tintindex":-2,"texture":"#0"},"east":{"uv":[0.0,0.0,0.3125,0.0],"tintindex":-2,"texture":"#0"},"south":{"uv":[0.0,0.0,1.015625,0.0],"tintindex":-2,"texture":"#0"},"west":{"uv":[0.0,0.0,0.3125,0.0],"tintindex":-2,"texture":"#0"},"up":{"uv":[6.984375,5.140625,5.96875,4.828125],"tintindex":-2,"texture":"#0"},"down":{"uv":[6.75,12.34375,5.734375,12.65625],"tintindex":-2,"texture":"#0"}},"rotation":{"angle":-22.5,"axis":"x","origin":[7.954736,8.502619,7.5306206]}},{"from":[7.5813093,7.866821,7.5433083],"to":[8.328163,8.287128,8.222266],"faces":{"north":{"uv":[11.703125,10.28125,12.609375,10.796875],"tintindex":-2,"texture":"#0"},"east":{"uv":[11.921875,6.59375,12.75,7.109375],"tintindex":-2,"texture":"#0"},"south":{"uv":[11.703125,10.796875,12.609375,11.3125],"tintindex":-2,"texture":"#0"},"west":{"uv":[11.921875,7.109375,12.75,7.625],"tintindex":-2,"texture":"#0"},"up":{"uv":[4.40625,11.8125,3.5,10.984375],"tintindex":-2,"texture":"#0"},"down":{"uv":[5.3125,10.984375,4.40625,11.8125],"tintindex":-2,"texture":"#0"}},"rotation":{"angle":22.5,"axis":"x","origin":[7.954736,8.225698,7.89572]}},{"from":[7.5813093,8.142002,8.21733],"to":[8.328163,8.142002,8.378986],"faces":{"north":{"uv":[0.0,0.0,0.90625,0.0],"tintindex":-2,"texture":"#0"},"east":{"uv":[0.0,0.0,0.203125,0.0],"tintindex":-2,"texture":"#0"},"south":{"uv":[0.0,0.0,0.90625,0.0],"tintindex":-2,"texture":"#0"},"west":{"uv":[0.0,0.0,0.203125,0.0],"tintindex":-2,"texture":"#0"},"up":{"uv":[14.21875,2.90625,13.3125,2.703125],"tintindex":-2,"texture":"#0"},"down":{"uv":[8.734375,13.375,7.828125,13.578125],"tintindex":-2,"texture":"#0"}},"rotation":{"angle":45.0,"axis":"x","origin":[7.954736,8.142002,8.220563]}},{"from":[7.5360456,8.371553,7.73152],"to":[8.373426,8.371553,8.087165],"faces":{"north":{"uv":[0.0,0.0,1.015625,0.0],"tintindex":-2,"texture":"#0"},"east":{"uv":[0.0,0.0,0.4375,0.0],"tintindex":-2,"texture":"#0"},"south":{"uv":[0.0,0.0,1.015625,0.0],"tintindex":-2,"texture":"#0"},"west":{"uv":[0.0,0.0,0.4375,0.0],"tintindex":-2,"texture":"#0"},"up":{"uv":[11.9375,8.25,10.921875,7.8125],"tintindex":-2,"texture":"#0"},"down":{"uv":[12.71875,11.3125,11.703125,11.75],"tintindex":-2,"texture":"#0"}}},{"from":[7.5360456,8.255161,7.977238],"to":[8.373426,8.255161,8.332883],"faces":{"north":{"uv":[0.0,0.0,1.015625,0.0],"tintindex":-2,"texture":"#0"},"east":{"uv":[0.0,0.0,0.4375,0.0],"tintindex":-2,"texture":"#0"},"south":{"uv":[0.0,0.0,1.015625,0.0],"tintindex":-2,"texture":"#0"},"west":{"uv":[0.0,0.0,0.4375,0.0],"tintindex":-2,"texture":"#0"},"up":{"uv":[12.71875,12.1875,11.703125,11.75],"tintindex":-2,"texture":"#0"},"down":{"uv":[1.796875,11.8125,0.78125,12.25],"tintindex":-2,"texture":"#0"}}},{"from":[7.5360456,8.255161,7.977238],"to":[8.373426,8.255161,8.332883],"faces":{"north":{"uv":[0.0,0.0,1.015625,0.0],"tintindex":-2,"texture":"#0"},"east":{"uv":[0.0,0.0,0.4375,0.0],"tintindex":-2,"texture":"#0"},"south":{"uv":[0.0,0.0,1.015625,0.0],"tintindex":-2,"texture":"#0"},"west":{"uv":[0.0,0.0,0.4375,0.0],"tintindex":-2,"texture":"#0"},