{"textures":{"0":"bettermodel:item/mf_ember_claw_pet_mf_ember_claw","1":"bettermodel:item/mf_ember_claw_pet_mf_ember_claw_e","particle":"bettermodel:item/mf_ember_claw_pet_mf_ember_claw"},"elements":[{"from":[7.8108616,7.6411223,7.951503],"to":[8.202071,8.06143,8.119626],"faces":{"north":{"uv":[12.90625,9.21875,13.375,9.734375],"tintindex":-2,"texture":"#0"},"east":{"uv":[14.28125,14.21875,14.484375,14.734375],"tintindex":-2,"texture":"#0"},"south":{"uv":[2.234375,12.96875,2.703125,13.484375],"tintindex":-2,"texture":"#0"},"west":{"uv":[0.34375,14.296875,0.546875,14.8125],"tintindex":-2,"texture":"#0"},"up":{"uv":[14.796875,3.078125,14.328125,2.875],"tintindex":-2,"texture":"#0"},"down":{"uv":[14.796875,3.078125,14.328125,3.28125],"tintindex":-2,"texture":"#0"}}},{"from":[8.202071,7.7704477,7.822178],"to":[8.202071,8.06143,7.951503],"faces":{"north":{"uv":[0.0,0.0,0.0,0.359375],"tintindex":-2,"texture":"#0"},"east":{"uv":[7.4375,14.671875,7.59375,15.03125],"tintindex":-2,"texture":"#0"},"south":{"uv":[0.0,0.0,0.0,0.359375],"tintindex":-2,"texture":"#0"},"west":{"uv":[2.015625,14.6875,2.171875,15.046875],"tintindex":-2,"texture":"#0"},"up":{"uv":[0.0,0.15625,0.0,0.0],"tintindex":-2,"texture":"#0"},"down":{"uv":[0.0,0.0,0.0,0.15625],"tintindex":-2,"texture":"#0"}}},{"from":[7.917208,7.3750367,7.8817344],"to":[8.075632,7.7694793,8.049857],"faces":{"north":{"uv":[6.765625,14.390625,6.953125,14.859375],"tintindex":-2,"texture":"#0"},"east":{"uv":[0.5625,12.296875,0.765625,12.765625],"tintindex":-2,"texture":"#0"},"south":{"uv":[6.953125,14.390625,7.140625,14.859375],"tintindex":-2,"texture":"#0"},"west":{"uv":[5.34375,14.3125,5.546875,14.78125],"tintindex":-2,"texture":"#0"},"up":{"uv":[15.0,9.890625,14.8125,9.6875],"tintindex":-2,"texture":"#0"},"down":{"uv":[11.078125,14.8125,10.890625,15.015625],"tintindex":-2,"texture":"#0"}},"rotation":{"angle":-45.0,"axis":"x","origin":[8.001327,7.6413765,8.034713]}},{"from":[7.865478,7.573737,7.6294847],"to":[8.127361,7.8000565,7.6294847],"faces":{"north":{"uv":[14.390625,4.625,14.703125,4.90625],"tintindex":-2,"texture":"#0"},"east":{"uv":[0.0,0.0,0.0,0.28125],"tintindex":-2,"texture":"#0"},"south":{"uv":[14.390625,7.84375,14.703125,8.125],"tintindex":-2,"texture":"#0"},"west":{"uv":[0.0,0.0,0.0,0.28125],"tintindex":-2,"texture":"#0"},"up":{"uv":[0.3125,0.0,0.0,0.0],"tintindex":-2,"texture":"#0"},"down":{"uv":[0.3125,0.0,0.0,0.0],"tintindex":-2,"texture":"#0"}},"rotation":{"angle":-45.0,"axis":"x","origin":[8.001327,7.9435368,7.7811704]}}],"display":{"fixed":{"scale":[4,4,4]}}}