{"textures":{"0":"bettermodel:item/mf_ember_claw_pet_mf_ember_claw","1":"bettermodel:item/mf_ember_claw_pet_mf_ember_claw_e","particle":"bettermodel:item/mf_ember_claw_pet_mf_ember_claw"},"elements":[{"from":[7.8965397,7.877141,7.35984],"to":[8.10346,8.05173,7.5958586],"faces":{"north":{"uv":[14.671875,13.421875,14.921875,13.640625],"tintindex":-2,"texture":"#0"},"east":{"uv":[14.5625,1.09375,14.84375,1.3125],"tintindex":-2,"texture":"#0"},"south":{"uv":[14.703125,7.828125,14.953125,8.046875],"tintindex":-2,"texture":"#0"},"west":{"uv":[9.640625,14.625,9.921875,14.84375],"tintindex":-2,"texture":"#0"},"up":{"uv":[11.953125,14.734375,11.703125,14.453125],"tintindex":-2,"texture":"#0"},"down":{"uv":[5.984375,14.515625,5.734375,14.796875],"tintindex":-2,"texture":"#0"}}},{"from":[7.8965397,7.877141,7.35984],"to":[7.8965397,8.05173,7.4923983],"faces":{"north":{"uv":[0.0,0.0,0.0,0.21875],"tintindex":-2,"texture":"#0"},"east":{"uv":[6.75,12.34375,6.90625,12.5625],"tintindex":-2,"texture":"#0"},"south":{"uv":[0.0,0.0,0.0,0.21875],"tintindex":-2,"texture":"#0"},"west":{"uv":[7.28125,12.71875,7.4375,12.9375],"tintindex":-2,"texture":"#0"},"up":{"uv":[0.0,0.15625,0.0,0.0],"tintindex":-2,"texture":"#0"},"down":{"uv":[0.0,0.0,0.0,0.15625],"tintindex":-2,"texture":"#0"}},"rotation":{"angle":-22.5,"axis":"y","origin":[7.8965397,7.9644356,7.3614564]}},{"from":[8.10346,7.877141,7.35984],"to":[8.10346,8.05173,7.4923983],"faces":{"north":{"uv":[0.0,0.0,0.0,0.21875],"tintindex":-2,"texture":"#0"},"east":{"uv":[8.578125,13.578125,8.734375,13.796875],"tintindex":-2,"texture":"#0"},"south":{"uv":[0.0,0.0,0.0,0.21875],"tintindex":-2,"texture":"#0"},"west":{"uv":[13.328125,13.65625,13.484375,13.875],"tintindex":-2,"texture":"#0"},"up":{"uv":[0.0,0.15625,0.0,0.0],"tintindex":-2,"texture":"#0"},"down":{"uv":[0.0,0.0,0.0,0.15625],"tintindex":-2,"texture":"#0"}},"rotation":{"angle":22.5,"axis":"y","origin":[8.10346,7.9644356,7.3614564]}},{"from":[7.8674417,7.877141,7.592625],"to":[8.132559,8.15519,7.7381163],"faces":{"north":{"uv":[7.984375,14.203125,8.3125,14.546875],"tintindex":-2,"texture":"#0"},"east":{"uv":[3.21875,14.578125,3.390625,14.921875],"tintindex":-2,"texture":"#0"},"south":{"uv":[9.171875,14.203125,9.5,14.546875],"tintindex":-2,"texture":"#0"},"west":{"uv":[4.0,14.640625,4.171875,14.984375],"tintindex":-2,"texture":"#0"},"up":{"uv":[13.046875,14.84375,12.71875,14.671875],"tintindex":-2,"texture":"#0"},"down":{"uv":[13.375,14.671875,13.046875,14.84375],"tintindex":-2,"texture":"#0"}}},{"from":[7.8166957,8.058196,7.6234393],"to":[7.8878245,8.129325,7.7430654],"faces":{"north":{"uv":[12.609375,11.21875,12.703125,11.3125],"tintindex":-2,"texture":"#0"},"east":{"uv":[7.390625,3.15625,7.53125,3.25],"tintindex":-2,"texture":"#0"},"south":{"uv":[12.90625,9.734375,13.0,9.828125],"tintindex":-2,"texture":"#0"},"west":{"uv":[5.953125,12.25,6.09375,12.34375],"tintindex":-2,"texture":"#0"},"up":{"uv":[7.078125,11.78125,6.984375,11.640625],"tintindex":-2,"texture":"#0"},"down":{"uv":[4.453125,12.875,4.359375,13.015625],"tintindex":-2,"texture":"#0"}},"rotation":{"angle":-22.5,"axis":"y","origin":[7.864208,8.0937605,7.7365]}},{"from":[8.112175,8.058196,7.6234393],"to":[8.183304,8.129325,7.7430654],"faces":{"north":{"uv":[4.359375,13.015625,4.453125,13.109375],"tintindex":-2,"texture":"#0"},"east":{"uv":[6.75,12.5625,6.890625,12.65625],"tintindex":-2,"texture":"#0"},"south":{"uv":[13.28125,0.515625,13.375,0.609375],"tintindex":-2,"texture":"#0"},"west":{"uv":[13.28125,8.59375,13.421875,8.6875],"tintindex":-2,"texture":"#0"},"up":{"uv":[4.9375,13.25,4.84375,13.109375],"tintindex":-2,"texture":"#0"},"down":{"uv":[4.9375,13.25,4.84375,13.390625],"tintindex":-2,"texture":"#0"}},"rotation":{"angle":22.5,"axis":"y","origin":[8.135792,8.0937605,7.7365]}},{"from":[7.932104,7.9927025,7.30805],"to":[8.067896,8.086463,7.405044],"faces":{"north":{"uv":[6.90625,11.796875,7.078125,11.90625],"tintindex":-2,"texture":"#0"},"east":{"uv":[7.9375,7.0625,8.0625,7.171875],"tintindex":-2,"texture":"#0"},"south":{"uv":[12.984375,0.515625,13.15625,0.625],"tintindex":-2,"texture":"#0"},"west":{"uv":[13.15625,0.515625,13.28125,0.625],"tintindex":-2,"texture":"#0"},"up":{"uv":[0.953125,11.796875,0.78125,11.671875],"tintindex":-2,"texture":"#0"},"down":{"uv":[13.15625,7.890625,12.984375,8.015625],"tintindex":-2,"texture":"#0"}},"rotation":{"angle":-45.0,"axis":"x","origin":[8.0,8.062831,7.40375]}},{"from":[7.906239,8.085372,7.3914165],"to":[8.0937605,8.085372,7.423748],"faces":{"north":{"uv":[0.0,0.0,0.234375,0.0],"tintindex":-2,"texture":"#0"},"east":{"uv":[0.0,0.0,0.046875,0.0],"tintindex":-2,"texture":"#0"},"south":{"uv":[0.0,0.0,0.234375,0.0],"tintindex":-2,"texture":"#0"},"west":{"uv":[0.0,0.0,0.046875,0.0],"tintindex":-2,"texture":"#0"},"up":{"uv":[6.203125,5.1875,5.96875,5.140625],"tintindex":-2,"texture":"#0"},"down":{"uv":[6.4375,5.140625,6.203125,5.1875],"tintindex":-2,"texture":"#0"}},"rotation":{"angle":-45.0,"axis":"x","origin":[8.0,8.062831,7.40375]}},{"from":[7.809245,7.825411,7.702552],"to":[8.190755,8.181055,8.0097],"faces":{"north":{"uv":[13.234375,4.28125,13.703125,4.71875],"tintindex":-2,"texture":"#0"},"east":{"uv":[12.953125,13.65625,13.328125,14.09375],"tintindex":-2,"texture":"#0"},"south":{"uv":[13.234375,4.71875,13.703125,5.15625],"tintindex":-2,"texture":"#0"},"west":{"uv":[13.703125,4.28125,14.078125,4.71875],"tintindex":-2,"texture":"#0"},"up":{"uv":[13.953125,13.890625,13.484375,13.515625],"tintindex":-2,"texture":"#0"},"down":{"uv":[0.84375,13.53125,0.375,13.90625],"tintindex":-2,"texture":"#0"}}},{"from":[8.190755,7.7219505,7.8939533],"to":[8.190755,7.825411,8.0097],"faces":{"north":{"uv":[0.0,0.0,0.0,0.125],"tintindex":-2,"texture":"#0"},"east":{"uv":[12.6875,2.40625,12.828125,2.53125],"tintindex":-2,"texture":"#0"},"south":{"uv":[0.0,0.0,0.0,0.125],"tintindex":-2,"texture":"#0"},"west":{"uv":[13.734375,11.96875,13.875,12.09375],"tintindex":-2,"texture":"#0"},"up":{"uv":[0.0,0.140625,0.0,0.0],"tintindex":-2,"texture":"#0"},"down":{"uv":[0.0,0.0,0.0,0.140625],"tintindex":-2,"texture":"#0"}},"rotation":{"angle":22.5,"axis":"z","origin":[8.190755,7.825411,7.914322]}},{"from":[7.809245,7.7219505,7.8939533],"to":[7.809245,7.825411,8.0097],"faces":{"north":{"uv":[0.0,0.0,0.0,0.125],"tintindex":-2,"texture":"#0"},"east":{"uv":[7.46875,13.921875,7.609375,14.046875],"tintindex":-2,"texture":"#0"},"south":{"uv":[0.0,0.0,0.0,0.125],"tintindex":-2,"texture":"#0"},"west":{"uv":[13.984375,6.921875,14.125,7.046875],"tintindex":-2,"texture":"#0"},"up":{"uv":[0.0,0.140625,0.0,0.0],"tintindex":-2,"texture":"#0"},"down":{"uv":[0.0,0.0,0.0,0.140625],"tintindex":-2,"texture":"#0"}},"rotation":{"angle":-22.5,"axis":"z","origin":[7.809245,7.825411,7.914322]}}],"display":{"fixed":{"scale":[4,4,4]}}}