{"textures":{"0":"bettermodel:item/mf_ember_claw_mf_ember_claw","1":"bettermodel:item/mf_ember_claw_mf_ember_claw_e","particle":"bettermodel:item/mf_ember_claw_mf_ember_claw"},"elements":[{"from":[7.4318924,6.7021284,7.454986],"to":[8.540395,8.568108,9.00689],"faces":{"north":{"uv":[12.078125,12.1875,12.546875,12.984375],"tintindex":-2,"texture":"#0"},"east":{"uv":[11.484375,1.1875,12.140625,1.984375],"tintindex":-2,"texture":"#0"},"south":{"uv":[12.21875,1.78125,12.6875,2.578125],"tintindex":-2,"texture":"#0"},"west":{"uv":[11.5625,1.984375,12.21875,2.78125],"tintindex":-2,"texture":"#0"},"up":{"uv":[12.828125,3.234375,12.359375,2.578125],"tintindex":-2,"texture":"#0"},"down":{"uv":[7.90625,12.390625,7.4375,13.046875],"tintindex":-2,"texture":"#0"}}},{"from":[7.4318924,8.568108,7.9353375],"to":[7.4318924,8.937609,8.674339],"faces":{"north":{"uv":[0.0,0.0,0.0,0.15625],"tintindex":-2,"texture":"#0"},"east":{"uv":[14.734375,2.09375,15.046875,2.25],"tintindex":-2,"texture":"#0"},"south":{"uv":[0.0,0.0,0.0,0.15625],"tintindex":-2,"texture":"#0"},"west":{"uv":[14.765625,14.296875,15.078125,14.453125],"tintindex":-2,"texture":"#0"},"up":{"uv":[0.0,0.3125,0.0,0.0],"tintindex":-2,"texture":"#0"},"down":{"uv":[0.0,0.0,0.0,0.3125],"tintindex":-2,"texture":"#0"}}},{"from":[8.540395,8.568108,7.9353375],"to":[8.540395,8.937609,8.674339],"faces":{"north":{"uv":[0.0,0.0,0.0,0.15625],"tintindex":-2,"texture":"#0"},"east":{"uv":[14.796875,3.09375,15.109375,3.25],"tintindex":-2,"texture":"#0"},"south":{"uv":[0.0,0.0,0.0,0.15625],"tintindex":-2,"texture":"#0"},"west":{"uv":[14.796875,14.6875,15.109375,14.84375],"tintindex":-2,"texture":"#0"},"up":{"uv":[0.0,0.3125,0.0,0.0],"tintindex":-2,"texture":"#0"},"down":{"uv":[0.0,0.0,0.0,0.3125],"tintindex":-2,"texture":"#0"}}}],"display":{"fixed":{"scale":[4,4,4]}}}