{"textures":{"0":"bettermodel:item/protgodzilla_sculkdemon","1":"bettermodel:item/protgodzilla_spinvfx","particle":"bettermodel:item/protgodzilla_sculkdemon"},"elements":[{"from":[7.9255137,7.142685,8.5722065],"to":[8.110264,7.586086,8.793907],"faces":{"north":{"uv":[8.875,10.0390625,9.765625,9.6875],"tintindex":-2,"texture":"#0"},"east":{"uv":[8.875,10.0390625,9.765625,9.6875],"tintindex":-2,"texture":"#0"},"south":{"uv":[8.875,10.0390625,9.765625,9.6875],"tintindex":-2,"texture":"#0"},"west":{"uv":[8.875,10.0390625,9.765625,9.6875],"tintindex":-2,"texture":"#0"},"up":{"uv":[8.875,10.0390625,9.765625,9.6875],"tintindex":-2,"texture":"#0"},"down":{"uv":[8.875,10.0390625,9.765625,9.6875],"tintindex":-2,"texture":"#0"}},"rotation":{"angle":-22.5,"axis":"x","origin":[8.017889,7.364385,8.683057]}},{"from":[7.9147763,7.49397,8.36202],"to":[8.099526,8.232972,8.58372],"faces":{"north":{"uv":[8.875,10.0390625,9.765625,9.6875],"tintindex":-2,"texture":"#0"},"east":{"uv":[8.875,10.0390625,9.765625,9.6875],"tintindex":-2,"texture":"#0"},"south":{"uv":[8.875,10.0390625,9.765625,9.6875],"tintindex":-2,"texture":"#0"},"west":{"uv":[8.875,10.0390625,9.765625,9.6875],"tintindex":-2,"texture":"#0"},"up":{"uv":[8.875,10.0390625,9.765625,9.6875],"tintindex":-2,"texture":"#0"},"down":{"uv":[8.875,10.0390625,9.765625,9.6875],"tintindex":-2,"texture":"#0"}},"rotation":{"angle":-22.5,"axis":"x","origin":[8.007152,7.863471,8.47287]}},{"from":[7.910171,8.094295,8.068431],"to":[8.094921,8.611596,8.290131],"faces":{"north":{"uv":[8.875,10.0390625,9.765625,9.6875],"tintindex":-2,"texture":"#0"},"east":{"uv":[8.875,10.0390625,9.765625,9.6875],"tintindex":-2,"texture":"#0"},"south":{"uv":[8.875,10.0390625,9.765625,9.6875],"tintindex":-2,"texture":"#0"},"west":{"uv":[8.875,10.0390625,9.765625,9.6875],"tintindex":-2,"texture":"#0"},"up":{"uv":[8.875,10.0390625,9.765625,9.6875],"tintindex":-2,"texture":"#0"},"down":{"uv":[8.875,10.0390625,9.765625,9.6875],"tintindex":-2,"texture":"#0"}},"rotation":{"angle":-45.0,"axis":"x","origin":[8.002546,8.352945,8.179281]}},{"from":[7.9147763,8.547604,7.7282114],"to":[8.099526,8.769304,8.245513],"faces":{"north":{"uv":[8.875,9.6875,9.765625,10.0390625],"tintindex":-2,"texture":"#0"},"east":{"uv":[8.875,9.6875,9.765625,10.0390625],"tintindex":-2,"texture":"#0"},"south":{"uv":[8.875,9.6875,9.765625,10.0390625],"tintindex":-2,"texture":"#0"},"west":{"uv":[8.875,9.6875,9.765625,10.0390625],"tintindex":-2,"texture":"#0"},"up":{"uv":[8.875,9.6875,9.765625,10.0390625],"tintindex":-2,"texture":"#0"},"down":{"uv":[8.875,9.6875,9.765625,10.0390625],"tintindex":-2,"texture":"#0"}},"rotation":{"angle":22.5,"axis":"x","origin":[7.997914,9.069447,7.7677093]}},{"from":[7.888001,8.605802,7.5455966],"to":[8.094921,9.123103,7.730347],"faces":{"north":{"uv":[8.875,9.6875,9.765625,10.0390625],"rotation":180.0,"tintindex":-2,"texture":"#0"},"east":{"uv":[8.875,9.6875,9.765625,10.0390625],"rotation":270.0,"tintindex":-2,"texture":"#0"},"south":{"uv":[8.875,9.6875,9.765625,10.0390625],"tintindex":-2,"texture":"#0"},"west":{"uv":[8.875,9.6875,9.765625,10.0390625],"rotation":90.0,"tintindex":-2,"texture":"#0"},"up":{"uv":[8.875,9.6875,9.765625,10.0390625],"rotation":180.0,"tintindex":-2,"texture":"#0"},"down":{"uv":[8.875,9.6875,9.765625,10.0390625],"tintindex":-2,"texture":"#0"}}},{"from":[7.9221663,8.936922,7.555427],"to":[8.066272,9.4172735,7.740177],"faces":{"north":{"uv":[8.875,9.6875,9.765625,10.0390625],"tintindex":-2,"texture":"#0"},"east":{"uv":[8.875,9.6875,9.765625,10.0390625],"tintindex":-2,"texture":"#0"},"south":{"uv":[8.875,9.6875,9.765625,10.0390625],"tintindex":-2,"texture":"#0"},"west":{"uv":[8.875,9.6875,9.765625,10.0390625],"tintindex":-2,"texture":"#0"},"up":{"uv":[8.875,9.6875,9.765625,10.0390625],"tintindex":-2,"texture":"#0"},"down":{"uv":[8.875,9.6875,9.765625,10.0390625],"tintindex":-2,"texture":"#0"}},"rotation":{"angle":22.5,"axis":"x","origin":[8.038559,9.069447,7.815745]}},{"from":[7.924951,9.582347,7.6800637],"to":[8.0690565,9.733843,8.32669],"faces":{"north":{"uv":[8.875,9.6875,9.765625,10.0390625],"rotation":180.0,"tintindex":-2,"texture":"#0"},"east":{"uv":[8.875,9.6875,9.765625,10.0390625],"rotation":270.0,"tintindex":-2,"texture":"#0"},"south":{"uv":[8.875,9.6875,9.765625,10.0390625],"tintindex":-2,"texture":"#0"},"west":{"uv":[8.875,9.6875,9.765625,10.0390625],"rotation":90.0,"tintindex":-2,"texture":"#0"},"up":{"uv":[8.875,9.6875,9.765625,10.0390625],"rotation":180.0,"tintindex":-2,"texture":"#0"},"down":{"uv":[8.875,9.6875,9.765625,10.0390625],"tintindex":-2,"texture":"#0"}},"rotation":{"angle":-45.0,"axis":"x","origin":[7.9970036,9.658094,8.003377]}}],"display":{"fixed":{"scale":[4,4,4]}}}