{"textures":{"0":"bettermodel:item/protgodzilla_sculkdemon","1":"bettermodel:item/protgodzilla_spinvfx","particle":"bettermodel:item/protgodzilla_sculkdemon"},"elements":[{"from":[7.8226395,7.8167396,7.141888],"to":[8.177361,8.348821,8.206051],"faces":{"north":{"uv":[8.4140625,8.0625,7.8125,8.9609375],"tintindex":-2,"texture":"#0"},"east":{"uv":[5.734375,5.75,3.9375,6.6484375],"tintindex":-2,"texture":"#0"},"south":{"uv":[8.8515625,0.875,8.25,1.7734375],"tintindex":-2,"texture":"#0"},"west":{"uv":[3.921875,5.125,2.125,6.0234375],"tintindex":-2,"texture":"#0"},"up":{"uv":[2.125,7.859375,2.7265625,6.0625],"tintindex":-2,"texture":"#0"},"down":{"uv":[2.75,6.0625,3.3515625,7.859375],"tintindex":-2,"texture":"#0"}}},{"from":[7.8521996,8.245538,7.704162],"to":[8.1478,8.541139,8.354484],"faces":{"north":{"uv":[0.5,10.0625,0.0,10.5625],"tintindex":-2,"texture":"#0"},"east":{"uv":[8.9140625,7.5625,7.8125,8.0625],"tintindex":-2,"texture":"#0"},"south":{"uv":[1.5,10.0625,1.0,10.5625],"tintindex":-2,"texture":"#0"},"west":{"uv":[8.9140625,7.0625,7.8125,7.5625],"tintindex":-2,"texture":"#0"},"up":{"uv":[3.9375,8.7265625,4.4375,7.625],"tintindex":-2,"texture":"#0"},"down":{"uv":[2.125,7.875,2.625,8.9765625],"tintindex":-2,"texture":"#0"}},"rotation":{"angle":-22.5,"axis":"x","origin":[8.0,8.393145,8.377194]}},{"from":[7.8521996,8.366361,7.3497114],"to":[8.1478,8.802372,7.763552],"faces":{"north":{"uv":[10.875,1.6875,10.375,1.984375],"tintindex":-2,"texture":"#0"},"east":{"uv":[10.640625,4.6875,9.9375,4.984375],"tintindex":-2,"texture":"#0"},"south":{"uv":[10.9375,5.5,10.4375,5.796875],"tintindex":-2,"texture":"#0"},"west":{"uv":[10.265625,7.375,9.5625,7.671875],"tintindex":-2,"texture":"#0"},"up":{"uv":[5.1875,7.390625,5.6875,6.6875],"tintindex":-2,"texture":"#0"},"down":{"uv":[5.25,9.1875,5.75,9.890625],"tintindex":-2,"texture":"#0"}},"rotation":{"angle":-45.0,"axis":"x","origin":[7.728777,8.5573,7.704432]}},{"from":[7.9113197,8.425482,7.763552],"to":[8.08868,8.484601,7.9409127],"faces":{"north":{"uv":[7.734375,9.625,7.4375,9.7265625],"tintindex":-2,"texture":"#0"},"east":{"uv":[11.109375,1.1875,10.8125,1.2890625],"tintindex":-2,"texture":"#0"},"south":{"uv":[5.109375,9.8125,4.8125,9.9140625],"tintindex":-2,"texture":"#0"},"west":{"uv":[8.046875,9.625,7.75,9.7265625],"tintindex":-2,"texture":"#0"},"up":{"uv":[3.0625,10.171875,3.359375,9.875],"tintindex":-2,"texture":"#0"},"down":{"uv":[10.8125,7.9375,11.109375,8.234375],"tintindex":-2,"texture":"#0"}},"rotation":{"angle":-45.0,"axis":"x","origin":[7.728777,8.5573,7.704432]}},{"from":[7.8521996,7.785448,7.787393],"to":[8.1478,8.081049,8.437715],"faces":{"north":{"uv":[2.0,10.0625,1.5,10.5625],"tintindex":-2,"texture":"#0"},"east":{"uv":[9.1015625,4.5625,8.0,5.0625],"tintindex":-2,"texture":"#0"},"south":{"uv":[2.5,10.0625,2.0,10.5625],"tintindex":-2,"texture":"#0"},"west":{"uv":[1.7890625,7.9375,0.6875,8.4375],"tintindex":-2,"texture":"#0"},"up":{"uv":[2.625,8.9765625,3.125,7.875],"tintindex":-2,"texture":"#0"},"down":{"uv":[4.4375,7.9375,4.9375,9.0390625],"tintindex":-2,"texture":"#0"}},"rotation":{"angle":22.5,"axis":"x","origin":[8.0,7.9332485,8.112554]}},{"from":[7.8521996,7.6967745,7.4616423],"to":[8.1478,7.9332547,7.8754835],"faces":{"north":{"uv":[10.5,3.375,10.0,3.7734375],"tintindex":-2,"texture":"#0"},"east":{"uv":[10.640625,4.25,9.9375,4.6484375],"tintindex":-2,"texture":"#0"},"south":{"uv":[6.25,10.125,5.75,10.5234375],"tintindex":-2,"texture":"#0"},"west":{"uv":[10.640625,3.8125,9.9375,4.2109375],"tintindex":-2,"texture":"#0"},"up":{"uv":[9.25,9.390625,9.75,8.6875],"tintindex":-2,"texture":"#0"},"down":{"uv":[0.0,9.3125,0.5,10.015625],"tintindex":-2,"texture":"#0"}},"rotation":{"angle":45.0,"axis":"x","origin":[8.0,7.8150144,7.668563]}},{"from":[7.9113197,7.5734196,7.7523336],"to":[8.08868,7.6916604,7.9296937],"faces":{"north":{"uv":[8.359375,9.0,8.0625,9.203125],"tintindex":-2,"texture":"#0"},"east":{"uv":[11.296875,3.8125,11.0,4.015625],"tintindex":-2,"texture":"#0"},"south":{"uv":[4.046875,11.0,3.75,11.203125],"tintindex":-2,"texture":"#0"},"west":{"uv":[3.734375,11.0,3.4375,11.203125],"tintindex":-2,"texture":"#0"},"up":{"uv":[10.875,1.796875,11.171875,1.5],"tintindex":-2,"texture":"#0"},"down":{"uv":[6.0,10.875,6.296875,11.171875],"tintindex":-2,"texture":"#0"}},"rotation":{"angle":45.0,"axis":"x","origin":[8.0,7.63254,7.841014]}},{"from":[7.9113197,7.7435274,7.198421],"to":[8.08868,7.861768,7.3757815],"faces":{"north":{"uv":[5.421875,11.0,5.125,11.203125],"tintindex":-2,"texture":"#0"},"east":{"uv":[9.359375,11.0,9.0625,11.203125],"tintindex":-2,"texture":"#0"},"south":{"uv":[9.046875,11.0,8.75,11.203125],"tintindex":-2,"texture":"#0"},"west":{"uv":[11.296875,5.9375,11.0,6.140625],"tintindex":-2,"texture":"#0"},"up":{"uv":[6.3125,11.171875,6.609375,10.875],"tintindex":-2,"texture":"#0"},"down":{"uv":[9.5,10.875,9.796875,11.171875],"tintindex":-2,"texture":"#0"}},"rotation":{"angle":45.0,"axis":"x","origin":[8.0,7.8026476,7.2871013]}},{"from":[7.97044,7.640865,7.300341],"to":[8.02956,7.699985,7.4185815],"faces":{"north":{"uv":[10.8515625,5.375,10.75,5.4765625],"tintindex":-2,"texture":"#0"},"east":{"uv":[2.015625,9.9375,1.8125,10.0390625],"tintindex":-2,"texture":"#0"},"south":{"uv":[11.1015625,6.1875,11.0,6.2890625],"tintindex":-2,"texture":"#0"},"west":{"uv":[7.578125,5.75,7.375,5.8515625],"tintindex":-2,"texture":"#0"},"up":{"uv":[8.75,9.953125,8.8515625,9.75],"tintindex":-2,"texture":"#0"},"down":{"uv":[9.875,2.875,9.9765625,3.078125],"tintindex":-2,"texture":"#0"}},"rotation":{"angle":45.0,"axis":"x","origin":[8.0,7.670425,7.3594613]}},{"from":[7.97044,7.4986362,7.890664],"to":[8.02956,7.5577564,8.008904],"faces":{"north":{"uv":[11.2265625,1.1875,11.125,1.2890625],"tintindex":-2,"texture":"#0"},"east":{"uv":[11.265625,1.875,11.0625,1.9765625],"tintindex":-2,"texture":"#0"},"south":{"uv":[11.2265625,6.4375,11.125,6.5390625],"tintindex":-2,"texture":"#0"},"west":{"uv":[11.140625,5.6875,10.9375,5.7890625],"tintindex":-2,"texture":"#0"},"up":{"uv":[10.25,6.890625,10.3515625,6.6875],"tintindex":-2,"texture":"#0"},"down":{"uv":[8.375,11.1875,8.4765625,11.390625],"tintindex":-2,"texture":"#0"}},"rotation":{"angle":45.0,"axis":"x","origin":[8.0,7.5281963,7.9497843]}},{"from":[7.9113197,7.660962,8.392177],"to":[8.08868,7.8383217,8.6877775],"faces":{"north":{"uv":[0.296875,10.9375,0.0,11.234375],"tintindex":-2,"texture":"#0"},"east":{"uv":[3.6875,10.5,3.1875,10.796875],"tintindex":-2,"texture":"#0"},"south":{"uv":[5.109375,10.9375,4.8125,11.234375],"tintindex":-2,"texture":"#0"},"west":{"uv":[11.0,2.875,10.5,3.171875],"tintindex":-2,"texture":"#0"},"up":{"uv":[10.5,3.6875,10.796875,3.1875],"tintindex":-2,"texture":"#0"},"down":{"uv":[5.125,10.5,5.421875,11.0],"tintindex":-2,"texture":"#0"}},"rotation":{"angle":22.5,"axis":"x","origin":[8.0,7.749642,8.539977]}},{"from":[7.97044,7.554295,8.629976],"to":[8.02956,7.6725354,9.043817],"faces":{"north":{"uv":[8.6015625,11.1875,8.5,11.390625],"tintindex":-2,"texture":"#0"},"east":{"uv":[1.640625,10.5625,0.9375,10.765625],"tintindex":-2,"texture":"#0"},"south":{"uv":[8.7265625,11.1875,8.625,11.390625],"tintindex":-2,"texture":"#0"},"west":{"uv":[10.953125,9.4375,10.25,9.640625],"tintindex":-2,"texture":"#0"},"up":{"uv":[6.4375,5.265625,6.5390625,4.5625],"tintindex":-2,"texture":"#0"},"down":{"uv":[8.25,10.125,8.3515625,10.828125],"tintindex":-2,"texture":"#0"}},"rotation":{"angle":22.5,"axis":"x","origin":[8.0,7.6134157,8.836896]}},{"from":[7.9113197,8.307955,8.3393345],"to":[8.08868,8.485315,8.516695],"faces":{"north":{"uv":[11.234375,5.375,10.9375,5.671875],"tintindex":-2,"texture":"#0"},"east":{"uv":[11.234375,9.875,10.9375,10.171875],"tintindex":-2,"texture":"#0"},"south":{"uv":[7.796875,10.9375,7.5,11.234375],"tintindex":-2,"texture":"#0"},"west":{"uv":[7.484375,10.9375,7.1875,11.234375],"tintindex":-2,"texture":"#0"},"up":{"uv":[10.9375,10.484375,11.234375,10.1875],"tintindex":-2,"texture":"#0"},"down":{"uv":[10.5625,10.9375,10.859375,11.234375],