{"textures":{"0":"bettermodel:item/protgodzilla_sculkdemon","1":"bettermodel:item/protgodzilla_spinvfx","particle":"bettermodel:item/protgodzilla_sculkdemon"},"elements":[{"from":[7.9403563,8.638645,7.880713],"to":[8.061479,8.946957,8.486325],"faces":{"north":{"uv":[2.4375,11.125,2.578125,11.4765625],"tintindex":-2,"texture":"#0"},"east":{"uv":[8.75,10.625,9.1015625,11.0],"tintindex":-2,"texture":"#0"},"south":{"uv":[11.0625,10.9375,11.203125,11.2890625],"tintindex":-2,"texture":"#0"},"west":{"uv":[9.125,10.625,9.4765625,11.0],"tintindex":-2,"texture":"#0"},"up":{"uv":[11.203125,7.75,11.0625,7.375],"tintindex":-2,"texture":"#0"},"down":{"uv":[11.203125,8.6875,11.0625,9.0625],"tintindex":-2,"texture":"#0"}}},{"from":[7.8853006,7.735733,7.7981296],"to":[8.105523,9.035046,7.9632964],"faces":{"north":{"uv":[1.8125,7.9375,2.0625,9.9140625],"tintindex":-2,"texture":"#0"},"east":{"uv":[8.875,1.5,10.8515625,1.6875],"tintindex":-2,"texture":"#0"},"south":{"uv":[3.125,7.875,3.375,9.8515625],"tintindex":-2,"texture":"#0"},"west":{"uv":[8.9375,0.625,10.9140625,0.8125],"tintindex":-2,"texture":"#0"},"up":{"uv":[9.625,5.6875,9.375,5.5],"tintindex":-2,"texture":"#0"},"down":{"uv":[6.875,10.5,6.625,10.6875],"tintindex":-2,"texture":"#0"}}},{"from":[7.9403563,7.812811,7.9357686],"to":[8.061479,8.121122,8.43127],"faces":{"north":{"uv":[11.125,4.375,11.265625,4.7265625],"tintindex":-2,"texture":"#0"},"east":{"uv":[1.4375,8.4375,1.7890625,9.625],"tintindex":-2,"texture":"#0"},"south":{"uv":[11.125,2.5,11.265625,2.8515625],"tintindex":-2,"texture":"#0"},"west":{"uv":[7.0625,8.625,7.4140625,9.8125],"tintindex":-2,"texture":"#0"},"up":{"uv":[6.390625,5.75,6.25,4.5625],"tintindex":-2,"texture":"#0"},"down":{"uv":[8.203125,10.125,8.0625,11.3125],"tintindex":-2,"texture":"#0"}}},{"from":[7.9403563,8.253256,7.880713],"to":[8.061479,8.561567,8.816659],"faces":{"north":{"uv":[11.125,4.375,11.265625,4.7265625],"tintindex":-2,"texture":"#0"},"east":{"uv":[1.4375,8.4375,1.7890625,9.625],"tintindex":-2,"texture":"#0"},"south":{"uv":[11.125,2.5,11.265625,2.8515625],"tintindex":-2,"texture":"#0"},"west":{"uv":[7.0625,8.625,7.4140625,9.8125],"tintindex":-2,"texture":"#0"},"up":{"uv":[6.390625,5.75,6.25,4.5625],"tintindex":-2,"texture":"#0"},"down":{"uv":[8.203125,10.125,8.0625,11.3125],"tintindex":-2,"texture":"#0"}}}],"display":{"fixed":{"scale":[4,4,4]}}}