{"textures":{"0":"bettermodel:item/protgodzilla_sculkdemon","1":"bettermodel:item/protgodzilla_spinvfx","particle":"bettermodel:item/protgodzilla_sculkdemon"},"elements":[{"from":[8.555034,7.7952285,7.7656584],"to":[8.830616,8.590405,8.059337],"faces":{"north":{"uv":[9.6875,5.9375,10.578125,6.2890625],"tintindex":-2,"texture":"#0"},"east":{"uv":[9.6875,5.9375,10.578125,6.2890625],"tintindex":-2,"texture":"#0"},"south":{"uv":[9.6875,5.9375,10.578125,6.2890625],"tintindex":-2,"texture":"#0"},"west":{"uv":[9.6875,5.9375,10.578125,6.2890625],"tintindex":-2,"texture":"#0"},"up":{"uv":[10.578125,6.2890625,9.6875,5.9375],"tintindex":-2,"texture":"#0"},"down":{"uv":[10.578125,5.9375,9.6875,6.2890625],"tintindex":-2,"texture":"#0"}},"rotation":{"angle":45.0,"axis":"x","origin":[8.692824,8.192817,7.9124975]}},{"from":[7.18788,7.7952285,7.7656584],"to":[7.463462,8.590405,8.059337],"faces":{"north":{"uv":[9.6875,5.9375,10.578125,6.2890625],"tintindex":-2,"texture":"#0"},"east":{"uv":[9.6875,5.9375,10.578125,6.2890625],"tintindex":-2,"texture":"#0"},"south":{"uv":[9.6875,5.9375,10.578125,6.2890625],"tintindex":-2,"texture":"#0"},"west":{"uv":[9.6875,5.9375,10.578125,6.2890625],"tintindex":-2,"texture":"#0"},"up":{"uv":[10.578125,6.2890625,9.6875,5.9375],"tintindex":-2,"texture":"#0"},"down":{"uv":[10.578125,5.9375,9.6875,6.2890625],"tintindex":-2,"texture":"#0"}},"rotation":{"angle":45.0,"axis":"x","origin":[7.325671,8.192817,7.9124975]}},{"from":[7.2342134,8.25476,8.154719],"to":[7.430979,8.8225155,8.364406],"faces":{"north":{"uv":[9.6875,5.9375,10.578125,6.2890625],"tintindex":-2,"texture":"#0"},"east":{"uv":[9.6875,5.9375,10.578125,6.2890625],"tintindex":-2,"texture":"#0"},"south":{"uv":[9.6875,5.9375,10.578125,6.2890625],"tintindex":-2,"texture":"#0"},"west":{"uv":[9.6875,5.9375,10.578125,6.2890625],"tintindex":-2,"texture":"#0"},"up":{"uv":[10.578125,6.2890625,9.6875,5.9375],"tintindex":-2,"texture":"#0"},"down":{"uv":[10.578125,5.9375,9.6875,6.2890625],"tintindex":-2,"texture":"#0"}},"rotation":{"angle":45.0,"axis":"x","origin":[7.3325963,8.538638,8.259563]}},{"from":[7.2554216,8.469422,7.324029],"to":[7.404964,8.900917,7.4833903],"faces":{"north":{"uv":[9.6875,5.9375,10.578125,6.2890625],"tintindex":-2,"texture":"#0"},"east":{"uv":[9.6875,5.9375,10.578125,6.2890625],"tintindex":-2,"texture":"#0"},"south":{"uv":[9.6875,5.9375,10.578125,6.2890625],"tintindex":-2,"texture":"#0"},"west":{"uv":[9.6875,5.9375,10.578125,6.2890625],"tintindex":-2,"texture":"#0"},"up":{"uv":[10.578125,6.2890625,9.6875,5.9375],"tintindex":-2,"texture":"#0"},"down":{"uv":[10.578125,5.9375,9.6875,6.2890625],"tintindex":-2,"texture":"#0"}},"rotation":{"angle":45.0,"axis":"x","origin":[7.492773,7.4140863,8.031861]}},{"from":[8.601367,8.25476,8.154719],"to":[8.798132,8.8225155,8.364406],"faces":{"north":{"uv":[9.6875,5.9375,10.578125,6.2890625],"tintindex":-2,"texture":"#0"},"east":{"uv":[9.6875,5.9375,10.578125,6.2890625],"tintindex":-2,"texture":"#0"},"south":{"uv":[9.6875,5.9375,10.578125,6.2890625],"tintindex":-2,"texture":"#0"},"west":{"uv":[9.6875,5.9375,10.578125,6.2890625],"tintindex":-2,"texture":"#0"},"up":{"uv":[10.578125,6.2890625,9.6875,5.9375],"tintindex":-2,"texture":"#0"},"down":{"uv":[10.578125,5.9375,9.6875,6.2890625],"tintindex":-2,"texture":"#0"}},"rotation":{"angle":45.0,"axis":"x","origin":[8.69975,8.538638,8.259563]}},{"from":[8.61149,8.469422,7.324029],"to":[8.761032,8.900917,7.4833903],"faces":{"north":{"uv":[9.6875,5.9375,10.578125,6.2890625],"tintindex":-2,"texture":"#0"},"east":{"uv":[9.6875,5.9375,10.578125,6.2890625],"tintindex":-2,"texture":"#0"},"south":{"uv":[9.6875,5.9375,10.578125,6.2890625],"tintindex":-2,"texture":"#0"},"west":{"uv":[9.6875,5.9375,10.578125,6.2890625],"tintindex":-2,"texture":"#0"},"up":{"uv":[10.578125,6.2890625,9.6875,5.9375],"tintindex":-2,"texture":"#0"},"down":{"uv":[10.578125,5.9375,9.6875,6.2890625],"tintindex":-2,"texture":"#0"}},"rotation":{"angle":45.0,"axis":"x","origin":[7.492773,7.4140863,8.031861]}}],"display":{"fixed":{"scale":[4,4,4]}}}