{"textures":{"0":"bettermodel:item/protgodzilla_sculkdemon","1":"bettermodel:item/protgodzilla_spinvfx","particle":"bettermodel:item/protgodzilla_sculkdemon"},"elements":[{"from":[6.865273,8.200123,8.177888],"to":[7.84869,8.370093,8.371876],"faces":{"north":{"uv":[8.25,4.1875,9.9140625,4.4765625],"tintindex":-2,"texture":"#0"},"east":{"uv":[8.25,4.1875,9.9140625,4.4765625],"tintindex":-2,"texture":"#0"},"south":{"uv":[8.25,4.1875,9.9140625,4.4765625],"tintindex":-2,"texture":"#0"},"west":{"uv":[8.25,4.1875,9.9140625,4.4765625],"tintindex":-2,"texture":"#0"},"up":{"uv":[9.9140625,4.4765625,8.25,4.1875],"tintindex":-2,"texture":"#0"},"down":{"uv":[9.9140625,4.1875,8.25,4.4765625],"tintindex":-2,"texture":"#0"}},"rotation":{"angle":-22.5,"axis":"z","origin":[7.3569818,8.266633,8.256407]}},{"from":[6.865273,8.200123,7.9192376],"to":[7.84869,8.370093,8.113225],"faces":{"north":{"uv":[8.25,4.1875,9.9140625,4.4765625],"tintindex":-2,"texture":"#0"},"east":{"uv":[8.25,4.1875,9.9140625,4.4765625],"tintindex":-2,"texture":"#0"},"south":{"uv":[8.25,4.1875,9.9140625,4.4765625],"tintindex":-2,"texture":"#0"},"west":{"uv":[8.25,4.1875,9.9140625,4.4765625],"tintindex":-2,"texture":"#0"},"up":{"uv":[9.9140625,4.4765625,8.25,4.1875],"tintindex":-2,"texture":"#0"},"down":{"uv":[9.9140625,4.1875,8.25,4.4765625],"tintindex":-2,"texture":"#0"}},"rotation":{"angle":-22.5,"axis":"z","origin":[7.3569818,8.266633,7.9977565]}},{"from":[7.7461576,7.9150147,7.9427276],"to":[8.276012,8.0036955,8.094223],"faces":{"north":{"uv":[10.625,8.5,11.5234375,8.6484375],"tintindex":-2,"texture":"#0"},"east":{"uv":[10.625,8.5,11.5234375,8.6484375],"tintindex":-2,"texture":"#0"},"south":{"uv":[10.625,8.5,11.5234375,8.6484375],"tintindex":-2,"texture":"#0"},"west":{"uv":[10.625,8.5,11.5234375,8.6484375],"tintindex":-2,"texture":"#0"},"up":{"uv":[11.5234375,8.6484375,10.625,8.5],"tintindex":-2,"texture":"#0"},"down":{"uv":[11.5234375,8.5,10.625,8.6484375],"tintindex":-2,"texture":"#0"}},"rotation":{"angle":-45.0,"axis":"z","origin":[8.0,8.0,8.0]}},{"from":[6.865273,8.200123,8.399589],"to":[7.84869,8.370093,8.593576],"faces":{"north":{"uv":[8.25,4.1875,9.9140625,4.4765625],"tintindex":-2,"texture":"#0"},"east":{"uv":[8.25,4.1875,9.9140625,4.4765625],"tintindex":-2,"texture":"#0"},"south":{"uv":[8.25,4.1875,9.9140625,4.4765625],"tintindex":-2,"texture":"#0"},"west":{"uv":[8.25,4.1875,9.9140625,4.4765625],"tintindex":-2,"texture":"#0"},"up":{"uv":[9.9140625,4.4765625,8.25,4.1875],"tintindex":-2,"texture":"#0"},"down":{"uv":[9.9140625,4.1875,8.25,4.4765625],"tintindex":-2,"texture":"#0"}},"rotation":{"angle":-22.5,"axis":"z","origin":[7.3569818,8.266633,8.515058]}},{"from":[7.7461576,7.9150147,8.201378],"to":[8.276012,8.0036955,8.352874],"faces":{"north":{"uv":[10.625,8.5,11.5234375,8.6484375],"tintindex":-2,"texture":"#0"},"east":{"uv":[10.625,8.5,11.5234375,8.6484375],"tintindex":-2,"texture":"#0"},"south":{"uv":[10.625,8.5,11.5234375,8.6484375],"tintindex":-2,"texture":"#0"},"west":{"uv":[10.625,8.5,11.5234375,8.6484375],"tintindex":-2,"texture":"#0"},"up":{"uv":[11.5234375,8.6484375,10.625,8.5],"tintindex":-2,"texture":"#0"},"down":{"uv":[11.5234375,8.5,10.625,8.6484375],"tintindex":-2,"texture":"#0"}},"rotation":{"angle":-45.0,"axis":"z","origin":[8.0,8.0,8.0]}},{"from":[7.7461576,7.9150147,8.423079],"to":[8.276012,8.0036955,8.5745735],"faces":{"north":{"uv":[10.625,8.5,11.5234375,8.6484375],"tintindex":-2,"texture":"#0"},"east":{"uv":[10.625,8.5,11.5234375,8.6484375],"tintindex":-2,"texture":"#0"},"south":{"uv":[10.625,8.5,11.5234375,8.6484375],"tintindex":-2,"texture":"#0"},"west":{"uv":[10.625,8.5,11.5234375,8.6484375],"tintindex":-2,"texture":"#0"},"up":{"uv":[11.5234375,8.6484375,10.625,8.5],"tintindex":-2,"texture":"#0"},"down":{"uv":[11.5234375,8.5,10.625,8.6484375],"tintindex":-2,"texture":"#0"}},"rotation":{"angle":-45.0,"axis":"z","origin":[8.0,8.0,8.0]}}],"display":{"fixed":{"scale":[4,4,4]}}}