{"textures":{"0":"bettermodel:item/protgodzilla_sculkdemon","1":"bettermodel:item/protgodzilla_spinvfx","particle":"bettermodel:item/protgodzilla_sculkdemon"},"elements":[{"from":[7.8706746,7.4763775,7.8663225],"to":[8.055425,7.9197783,8.088023],"faces":{"north":{"uv":[9.765625,9.6875,8.875,10.0390625],"tintindex":-2,"texture":"#0"},"east":{"uv":[9.765625,9.6875,8.875,10.0390625],"tintindex":-2,"texture":"#0"},"south":{"uv":[9.765625,9.6875,8.875,10.0390625],"tintindex":-2,"texture":"#0"},"west":{"uv":[9.765625,9.6875,8.875,10.0390625],"tintindex":-2,"texture":"#0"},"up":{"uv":[9.765625,9.6875,8.875,10.0390625],"tintindex":-2,"texture":"#0"},"down":{"uv":[9.765625,9.6875,8.875,10.0390625],"tintindex":-2,"texture":"#0"}},"rotation":{"angle":22.5,"axis":"x","origin":[7.96305,7.6980777,7.977173]}},{"from":[7.8814125,6.829491,7.656136],"to":[8.066163,7.568493,7.877836],"faces":{"north":{"uv":[9.765625,9.6875,8.875,10.0390625],"tintindex":-2,"texture":"#0"},"east":{"uv":[9.765625,9.6875,8.875,10.0390625],"tintindex":-2,"texture":"#0"},"south":{"uv":[9.765625,9.6875,8.875,10.0390625],"tintindex":-2,"texture":"#0"},"west":{"uv":[9.765625,9.6875,8.875,10.0390625],"tintindex":-2,"texture":"#0"},"up":{"uv":[9.765625,9.6875,8.875,10.0390625],"tintindex":-2,"texture":"#0"},"down":{"uv":[9.765625,9.6875,8.875,10.0390625],"tintindex":-2,"texture":"#0"}},"rotation":{"angle":22.5,"axis":"x","origin":[7.973788,7.198992,7.766986]}},{"from":[7.8860173,6.450866,7.3625464],"to":[8.070768,6.9681673,7.584247],"faces":{"north":{"uv":[9.765625,9.6875,8.875,10.0390625],"tintindex":-2,"texture":"#0"},"east":{"uv":[9.765625,9.6875,8.875,10.0390625],"tintindex":-2,"texture":"#0"},"south":{"uv":[9.765625,9.6875,8.875,10.0390625],"tintindex":-2,"texture":"#0"},"west":{"uv":[9.765625,9.6875,8.875,10.0390625],"tintindex":-2,"texture":"#0"},"up":{"uv":[9.765625,9.6875,8.875,10.0390625],"tintindex":-2,"texture":"#0"},"down":{"uv":[9.765625,9.6875,8.875,10.0390625],"tintindex":-2,"texture":"#0"}},"rotation":{"angle":45.0,"axis":"x","origin":[7.9783926,6.7095165,7.473397]}},{"from":[7.8814125,6.359715,6.867325],"to":[8.066163,6.5814157,7.3846264],"faces":{"north":{"uv":[9.765625,9.6875,8.875,10.0390625],"tintindex":-2,"texture":"#0"},"east":{"uv":[9.765625,9.6875,8.875,10.0390625],"tintindex":-2,"texture":"#0"},"south":{"uv":[9.765625,9.6875,8.875,10.0390625],"tintindex":-2,"texture":"#0"},"west":{"uv":[9.765625,9.6875,8.875,10.0390625],"tintindex":-2,"texture":"#0"},"up":{"uv":[9.765625,9.6875,8.875,10.0390625],"tintindex":-2,"texture":"#0"},"down":{"uv":[9.765625,9.6875,8.875,10.0390625],"tintindex":-2,"texture":"#0"}},"rotation":{"angle":-22.5,"axis":"x","origin":[7.973788,6.4705653,7.1259756]}},{"from":[7.8860173,6.4266195,6.5364723],"to":[8.092938,6.61137,7.0537734],"faces":{"north":{"uv":[9.765625,9.6875,8.875,10.0390625],"tintindex":-2,"texture":"#0"},"east":{"uv":[9.765625,9.6875,8.875,10.0390625],"tintindex":-2,"texture":"#0"},"south":{"uv":[9.765625,9.6875,8.875,10.0390625],"tintindex":-2,"texture":"#0"},"west":{"uv":[9.765625,9.6875,8.875,10.0390625],"tintindex":-2,"texture":"#0"},"up":{"uv":[9.765625,9.6875,8.875,10.0390625],"tintindex":-2,"texture":"#0"},"down":{"uv":[9.765625,9.6875,8.875,10.0390625],"tintindex":-2,"texture":"#0"}},"rotation":{"angle":45.0,"axis":"x","origin":[7.9820876,6.518995,6.795123]}},{"from":[7.9553127,6.5614195,6.4774942],"to":[8.029213,7.0417705,6.662245],"faces":{"north":{"uv":[9.765625,9.6875,8.875,10.0390625],"tintindex":-2,"texture":"#0"},"east":{"uv":[9.765625,9.6875,8.875,10.0390625],"tintindex":-2,"texture":"#0"},"south":{"uv":[9.765625,9.6875,8.875,10.0390625],"tintindex":-2,"texture":"#0"},"west":{"uv":[9.765625,9.6875,8.875,10.0390625],"tintindex":-2,"texture":"#0"},"up":{"uv":[9.765625,9.6875,8.875,10.0390625],"tintindex":-2,"texture":"#0"},"down":{"uv":[9.765625,9.6875,8.875,10.0390625],"tintindex":-2,"texture":"#0"}},"rotation":{"angle":-22.5,"axis":"x","origin":[7.992263,6.8015947,6.5698695]}},{"from":[7.9525275,6.943403,6.499331],"to":[8.026428,7.460704,6.610181],"faces":{"north":{"uv":[9.765625,9.6875,8.875,10.0390625],"tintindex":-2,"texture":"#0"},"east":{"uv":[9.765625,9.6875,8.875,10.0390625],"tintindex":-2,"texture":"#0"},"south":{"uv":[9.765625,9.6875,8.875,10.0390625],"tintindex":-2,"texture":"#0"},"west":{"uv":[9.765625,9.6875,8.875,10.0390625],"tintindex":-2,"texture":"#0"},"up":{"uv":[9.765625,9.6875,8.875,10.0390625],"tintindex":-2,"texture":"#0"},"down":{"uv":[9.765625,9.6875,8.875,10.0390625],"tintindex":-2,"texture":"#0"}},"rotation":{"angle":22.5,"axis":"x","origin":[8.007953,7.2205286,6.554756]}}],"display":{"fixed":{"scale":[4,4,4]}}}