{"textures":{"0":"bettermodel:item/shark_shark","particle":"bettermodel:item/shark_shark"},"elements":[{"from":[7.81488,7.727786,7.9954853],"to":[8.18512,8.227351,8.71675],"faces":{"north":{"uv":[8.5,4.875,9.75,6.625],"tintindex":-2,"texture":"#0"},"east":{"uv":[1.5,5.25,4.0,7.0],"tintindex":-2,"texture":"#0"},"south":{"uv":[5.875,8.875,7.125,10.625],"tintindex":-2,"texture":"#0"},"west":{"uv":[4.0,5.25,1.5,7.0],"tintindex":-2,"texture":"#0"},"up":{"uv":[4.375,9.5,3.125,7.0],"tintindex":-2,"texture":"#0"},"down":{"uv":[8.875,7.875,7.625,10.375],"tintindex":-2,"texture":"#0"}}},{"from":[7.85183,7.6818023,7.882052],"to":[8.1481695,7.8303413,8.326192],"faces":{"north":{"uv":[4.5,11.5,5.5,12.0],"tintindex":-2,"texture":"#0"},"east":{"uv":[10.875,3.375,12.375,3.875],"tintindex":-2,"texture":"#0"},"south":{"uv":[11.75,6.25,12.75,6.75],"tintindex":-2,"texture":"#0"},"west":{"uv":[12.375,3.375,10.875,3.875],"tintindex":-2,"texture":"#0"},"up":{"uv":[11.625,2.375,10.625,0.875],"tintindex":-2,"texture":"#0"},"down":{"uv":[2.125,10.625,1.125,12.125],"tintindex":-2,"texture":"#0"}},"rotation":{"angle":-22.5,"axis":"x","origin":[8.0,7.8946347,8.22421]}}],"display":{"fixed":{"scale":[4,4,4]}}}