{"textures":{"0":"bettermodel:item/shark_hammer_shark_hammer","particle":"bettermodel:item/shark_hammer_shark_hammer"},"elements":[{"from":[7.9442053,8.018045,7.564509],"to":[8.018844,8.361727,8.45205],"faces":{"north":{"uv":[5.875,9.25,6.125,10.375],"tintindex":-2,"texture":"#0"},"east":{"uv":[6.75,8.0,9.75,9.125],"tintindex":-2,"texture":"#0"},"south":{"uv":[2.75,9.75,3.0,10.875],"tintindex":-2,"texture":"#0"},"west":{"uv":[9.75,8.0,6.75,9.125],"tintindex":-2,"texture":"#0"},"up":{"uv":[2.625,14.375,2.375,11.375],"tintindex":-2,"texture":"#0"},"down":{"uv":[11.125,11.625,10.875,14.625],"tintindex":-2,"texture":"#0"}},"rotation":{"angle":22.5,"axis":"x","origin":[7.944575,8.034955,7.9842086]}},{"from":[7.944575,7.62044,7.5909142],"to":[8.018475,8.18162,8.214447],"faces":{"north":{"uv":[4.5,12.125,4.75,14.0],"tintindex":-2,"texture":"#0"},"east":{"uv":[6.75,4.25,8.875,6.125],"tintindex":-2,"texture":"#0"},"south":{"uv":[4.75,12.125,5.0,14.0],"tintindex":-2,"texture":"#0"},"west":{"uv":[8.875,4.25,6.75,6.125],"tintindex":-2,"texture":"#0"},"up":{"uv":[4.0,14.125,3.75,12.0],"tintindex":-2,"texture":"#0"},"down":{"uv":[6.375,12.0,6.125,14.125],"tintindex":-2,"texture":"#0"}}}],"display":{"fixed":{"scale":[4,4,4]}}}