{"textures":{"0":"bettermodel:item/shark_hammer_shark_hammer","particle":"bettermodel:item/shark_hammer_shark_hammer"},"elements":[{"from":[8.027517,7.9698997,7.9508057],"to":[8.544818,8.034562,8.209456],"faces":{"north":{"uv":[8.375,2.25,6.625,2.5],"tintindex":-2,"texture":"#0"},"east":{"uv":[5.875,12.5,5.0,12.75],"tintindex":-2,"texture":"#0"},"south":{"uv":[13.5,6.25,11.75,6.5],"tintindex":-2,"texture":"#0"},"west":{"uv":[10.625,8.875,9.75,9.125],"tintindex":-2,"texture":"#0"},"up":{"uv":[10.375,0.875,12.125,0.0],"tintindex":-2,"texture":"#0"},"down":{"uv":[10.375,0.0,12.125,0.875],"tintindex":-2,"texture":"#0"}}},{"from":[8.132695,7.968935,7.8661833],"to":[8.502196,8.035445,8.013984],"faces":{"north":{"uv":[8.625,12.25,7.375,12.5],"tintindex":-2,"texture":"#0"},"east":{"uv":[8.875,2.0,8.375,2.25],"tintindex":-2,"texture":"#0"},"south":{"uv":[13.125,12.375,11.875,12.625],"tintindex":-2,"texture":"#0"},"west":{"uv":[8.875,1.75,8.375,2.0],"tintindex":-2,"texture":"#0"},"up":{"uv":[11.625,10.375,12.875,9.875],"tintindex":-2,"texture":"#0"},"down":{"uv":[11.75,4.25,13.0,4.75],"tintindex":-2,"texture":"#0"}},"rotation":{"angle":-22.5,"axis":"y","origin":[8.308289,7.9967194,8.00648]}},{"from":[8.469332,7.9693055,7.9834366],"to":[8.653344,8.035077,8.167448],"faces":{"north":{"uv":[10.0,12.5,9.375,12.75],"tintindex":-2,"texture":"#0"},"east":{"uv":[13.25,3.625,12.625,3.875],"tintindex":-2,"texture":"#0"},"south":{"uv":[0.625,12.625,0.0,12.875],"tintindex":-2,"texture":"#0"},"west":{"uv":[10.625,12.5,10.0,12.75],"tintindex":-2,"texture":"#0"},"up":{"uv":[12.125,1.0,12.75,0.375],"tintindex":-2,"texture":"#0"},"down":{"uv":[12.125,1.0,12.75,1.625],"tintindex":-2,"texture":"#0"}},"rotation":{"angle":-45.0,"axis":"y","origin":[8.545868,7.997818,8.0595045]}},{"from":[7.9551253,7.944179,7.8652444],"to":[8.139875,8.055029,8.308645],"faces":{"north":{"uv":[5.625,12.125,5.0,12.5],"tintindex":-2,"texture":"#0"},"east":{"uv":[13.375,8.0,11.875,8.375],"tintindex":-2,"texture":"#0"},"south":{"uv":[3.25,12.5,2.625,12.875],"tintindex":-2,"texture":"#0"},"west":{"uv":[13.25,5.875,11.75,6.25],"tintindex":-2,"texture":"#0"},"up":{"uv":[1.125,12.875,1.75,11.375],"tintindex":-2,"texture":"#0"},"down":{"uv":[1.75,11.375,2.375,12.875],"tintindex":-2,"texture":"#0"}},"rotation":{"angle":-22.5,"axis":"y","origin":[8.308289,7.9967194,8.00648]}}],"display":{"fixed":{"scale":[4,4,4]}}}