{"textures":{"0":"bettermodel:item/shark_shark","particle":"bettermodel:item/shark_shark"},"elements":[{"from":[7.741719,7.9634194,7.4645934],"to":[8.221332,8.332182,8.092006],"faces":{"north":{"uv":[9.75,3.875,11.375,5.125],"tintindex":-2,"texture":"#0"},"east":{"uv":[8.5,0.0,10.625,1.25],"tintindex":-2,"texture":"#0"},"south":{"uv":[9.75,5.125,11.375,6.375],"tintindex":-2,"texture":"#0"},"west":{"uv":[10.625,0.0,8.5,1.25],"tintindex":-2,"texture":"#0"},"up":{"uv":[7.625,8.875,6.0,6.75],"tintindex":-2,"texture":"#0"},"down":{"uv":[3.125,7.0,1.5,9.125],"tintindex":-2,"texture":"#0"}}},{"from":[7.7594547,7.85183,7.500804],"to":[8.203594,7.9634194,7.9079943],"faces":{"north":{"uv":[11.75,3.875,13.25,4.25],"tintindex":-2,"texture":"#0"},"east":{"uv":[11.75,5.0,13.125,5.375],"tintindex":-2,"texture":"#0"},"west":{"uv":[13.125,5.0,11.75,5.375],"tintindex":-2,"texture":"#0"}}}],"display":{"fixed":{"scale":[4,4,4]}}}