{"textures":{"0":"bettermodel:item/shark_shark","particle":"bettermodel:item/shark_shark"},"elements":[{"from":[7.8891497,7.823726,7.979606],"to":[8.11085,8.119327,8.349107],"faces":{"north":{"uv":[3.5,11.125,4.25,12.125],"tintindex":-2,"texture":"#0"},"east":{"uv":[8.375,10.75,9.625,11.75],"tintindex":-2,"texture":"#0"},"south":{"uv":[10.25,11.25,11.0,12.25],"tintindex":-2,"texture":"#0"},"west":{"uv":[9.625,10.75,8.375,11.75],"tintindex":-2,"texture":"#0"},"up":{"uv":[9.25,3.75,8.5,2.5],"tintindex":-2,"texture":"#0"},"down":{"uv":[2.875,10.625,2.125,11.875],"tintindex":-2,"texture":"#0"}}},{"from":[7.9996305,7.601656,8.200937],"to":[8.000369,8.489197,8.645077],"faces":{"east":{"uv":[0.0,5.0,1.5,8.0],"tintindex":-2,"texture":"#0"},"west":{"uv":[1.5,5.0,0.0,8.0],"tintindex":-2,"texture":"#0"}},"rotation":{"angle":22.5,"axis":"x","origin":[8.0,8.008476,8.386057]}}],"display":{"fixed":{"scale":[4,4,4]}}}