{"textures":{"0":"bettermodel:item/shark_shark","particle":"bettermodel:item/shark_shark"},"elements":[{"from":[7.9442053,8.018045,7.564509],"to":[8.018844,8.361727,8.45205],"faces":{"north":{"uv":[4.0,5.25,4.25,6.375],"tintindex":-2,"texture":"#0"},"east":{"uv":[6.375,3.75,9.375,4.875],"tintindex":-2,"texture":"#0"},"south":{"uv":[4.25,5.25,4.5,6.375],"tintindex":-2,"texture":"#0"},"west":{"uv":[9.375,3.75,6.375,4.875],"tintindex":-2,"texture":"#0"},"up":{"uv":[7.0,13.625,6.75,10.625],"tintindex":-2,"texture":"#0"},"down":{"uv":[4.5,11.125,4.25,14.125],"tintindex":-2,"texture":"#0"}},"rotation":{"angle":22.5,"axis":"x","origin":[7.944575,8.034955,7.9842086]}},{"from":[7.944575,7.62044,7.5909142],"to":[8.018475,8.18162,8.214447],"faces":{"north":{"uv":[0.875,11.5,1.125,13.375],"tintindex":-2,"texture":"#0"},"east":{"uv":[6.375,0.0,8.5,1.875],"tintindex":-2,"texture":"#0"},"south":{"uv":[8.375,11.75,8.625,13.625],"tintindex":-2,"texture":"#0"},"west":{"uv":[8.5,0.0,6.375,1.875],"tintindex":-2,"texture":"#0"},"up":{"uv":[0.625,13.625,0.375,11.5],"tintindex":-2,"texture":"#0"},"down":{"uv":[0.875,11.5,0.625,13.625],"tintindex":-2,"texture":"#0"}}}],"display":{"fixed":{"scale":[4,4,4]}}}