{"textures":{"0":"bettermodel:item/armure_lell_mk1_armure_lell_v2","particle":"bettermodel:item/armure_lell_mk1_armure_lell_v2"},"elements":[{"from":[7.694823,7.4405084,-6.801106],"to":[8.305178,8.559492,6.0163465],"faces":{"north":{"uv":[6.5625,2.9375,6.625,3.0625],"tintindex":0,"texture":"#0"},"east":{"uv":[5.0,2.9375,6.5625,3.0625],"tintindex":0,"texture":"#0"},"south":{"uv":[8.1875,2.9375,8.25,3.0625],"tintindex":0,"texture":"#0"},"west":{"uv":[6.625,2.9375,8.1875,3.0625],"tintindex":0,"texture":"#0"},"up":{"uv":[6.625,2.9375,6.5625,1.375],"tintindex":0,"texture":"#0"},"down":{"uv":[6.6875,1.375,6.625,2.9375],"tintindex":0,"texture":"#0"}}},{"from":[7.745685,7.0141854,-7.964396],"to":[8.2594,7.9602356,-7.0183463],"faces":{"north":{"uv":[0.125,0.125,0.1875,0.25],"tintindex":0,"texture":"#0"},"east":{"uv":[0.0,0.125,0.125,0.25],"tintindex":0,"texture":"#0"},"south":{"uv":[0.3125,0.125,0.375,0.25],"tintindex":0,"texture":"#0"},"west":{"uv":[0.1875,0.125,0.3125,0.25],"tintindex":0,"texture":"#0"},"up":{"uv":[0.1875,0.125,0.125,0.0],"tintindex":0,"texture":"#0"},"down":{"uv":[0.25,0.0,0.1875,0.125],"tintindex":0,"texture":"#0"}},"rotation":{"angle":-45.0,"axis":"x","origin":[8.295005,7.9958396,-8.0]}},{"from":[7.7456856,6.982742,1.3878222],"to":[8.254314,9.017258,5.456855],"faces":{"north":{"uv":[2.625,5.75,2.6875,6.0],"tintindex":0,"texture":"#0"},"east":{"uv":[2.125,5.75,2.625,6.0],"tintindex":0,"texture":"#0"},"south":{"uv":[3.1875,5.75,3.25,6.0],"tintindex":0,"texture":"#0"},"west":{"uv":[2.6875,5.75,3.1875,6.0],"tintindex":0,"texture":"#0"},"up":{"uv":[2.6875,5.75,2.625,5.25],"tintindex":0,"texture":"#0"},"down":{"uv":[2.75,5.25,2.6875,5.75],"tintindex":0,"texture":"#0"}}}]}