{"textures":{"0":"bettermodel:item/demon_knight_demon_knight","particle":"bettermodel:item/demon_knight_demon_knight"},"elements":[{"from":[3.9815402,3.2291532,6.40303],"to":[8.83154,5.479153,9.90303],"faces":{"north":{"uv":[11.875,5.25,12.5,5.5],"tintindex":0,"texture":"#0"},"east":{"uv":[12.5,9.125,13.0,9.375],"tintindex":0,"texture":"#0"},"south":{"uv":[11.875,5.5,12.5,5.75],"tintindex":0,"texture":"#0"},"west":{"uv":[12.5,11.375,13.0,11.625],"tintindex":0,"texture":"#0"},"up":{"uv":[9.625,9.5,9.0,9.0],"tintindex":0,"texture":"#0"},"down":{"uv":[1.0,9.125,0.375,9.625],"tintindex":0,"texture":"#0"}}},{"from":[4.655268,5.454961,6.40303],"to":[8.505268,7.954961,9.90303],"faces":{"north":{"uv":[11.25,8.375,11.75,8.75],"tintindex":0,"texture":"#0"},"east":{"uv":[11.25,9.5,11.75,9.875],"tintindex":0,"texture":"#0"},"south":{"uv":[11.25,9.875,11.75,10.25],"tintindex":0,"texture":"#0"},"west":{"uv":[11.25,10.25,11.75,10.625],"tintindex":0,"texture":"#0"},"up":{"uv":[9.625,10.375,9.125,9.875],"tintindex":0,"texture":"#0"},"down":{"uv":[10.125,9.875,9.625,10.375],"tintindex":0,"texture":"#0"}}},{"from":[3.542417,0.9685569,6.40303],"to":[9.317417,3.218557,9.90303],"faces":{"north":{"uv":[11.25,7.375,12.0,7.625],"tintindex":0,"texture":"#0"},"east":{"uv":[12.375,7.875,12.875,8.125],"tintindex":0,"texture":"#0"},"south":{"uv":[11.25,7.625,12.0,7.875],"tintindex":0,"texture":"#0"},"west":{"uv":[12.5,8.875,13.0,9.125],"tintindex":0,"texture":"#0"},"up":{"uv":[1.875,9.125,1.125,8.625],"tintindex":0,"texture":"#0"},"down":{"uv":[4.0,8.625,3.25,9.125],"tintindex":0,"texture":"#0"}}}],"display":{"fixed":{"rotation":[0.0,0.0,-9.999999]}}}