{"textures":{"0":"bettermodel:item/demon_knight_demon_knight","particle":"bettermodel:item/demon_knight_demon_knight"},"elements":[{"from":[11.33749,5.4138937,4.98757],"to":[12.587491,7.6638937,10.98757],"faces":{"north":{"uv":[5.625,11.625,5.75,11.875],"tintindex":0,"texture":"#0"},"east":{"uv":[11.25,2.125,12.0,2.375],"tintindex":0,"texture":"#0"},"south":{"uv":[1.75,11.75,1.875,12.0],"tintindex":0,"texture":"#0"},"west":{"uv":[11.25,3.125,12.0,3.375],"tintindex":0,"texture":"#0"},"up":{"uv":[11.0,13.5,10.875,12.75],"tintindex":0,"texture":"#0"},"down":{"uv":[12.375,12.75,12.25,13.5],"tintindex":0,"texture":"#0"}}},{"from":[12.450342,0.92748976,4.98757],"to":[13.700342,3.1774898,10.98757],"faces":{"north":{"uv":[5.5,12.25,5.625,12.5],"tintindex":0,"texture":"#0"},"east":{"uv":[11.25,4.375,12.0,4.625],"tintindex":0,"texture":"#0"},"south":{"uv":[12.25,11.75,12.375,12.0],"tintindex":0,"texture":"#0"},"west":{"uv":[11.25,4.625,12.0,4.875],"tintindex":0,"texture":"#0"},"up":{"uv":[5.875,13.625,5.75,12.875],"tintindex":0,"texture":"#0"},"down":{"uv":[7.125,12.875,7.0,13.625],"tintindex":0,"texture":"#0"}}},{"from":[12.011219,3.1880865,4.98757],"to":[13.261219,5.4380865,10.98757],"faces":{"north":{"uv":[14.5,13.875,14.625,14.125],"tintindex":0,"texture":"#0"},"east":{"uv":[11.25,7.875,12.0,8.125],"tintindex":0,"texture":"#0"},"south":{"uv":[14.25,14.5,14.375,14.75],"tintindex":0,"texture":"#0"},"west":{"uv":[11.25,8.125,12.0,8.375],"tintindex":0,"texture":"#0"},"up":{"uv":[1.25,13.875,1.125,13.125],"tintindex":0,"texture":"#0"},"down":{"uv":[4.125,13.125,4.0,13.875],"tintindex":0,"texture":"#0"}}}],"display":{"fixed":{"rotation":[-0.0,0.0,9.999999]}}}