{"textures":{"0":"bettermodel:item/demon_knight_demon_knight","particle":"bettermodel:item/demon_knight_demon_knight"},"elements":[{"from":[14.882061,8.362188,7.5876503],"to":[15.98206,9.187185,8.46765],"faces":{"north":{"uv":[14.75,3.875,14.875,4.0],"tintindex":0,"texture":"#0"},"east":{"uv":[14.75,4.0,14.875,4.125],"tintindex":0,"texture":"#0"},"south":{"uv":[4.125,14.75,4.25,14.875],"tintindex":0,"texture":"#0"},"west":{"uv":[14.75,4.125,14.875,4.25],"tintindex":0,"texture":"#0"},"up":{"uv":[4.375,14.875,4.25,14.75],"tintindex":0,"texture":"#0"},"down":{"uv":[14.875,4.25,14.75,4.375],"tintindex":0,"texture":"#0"}}},{"from":[12.407061,7.537187,6.3776503],"to":[14.882061,10.012186,9.67765],"faces":{"north":{"uv":[10.25,14.125,10.5,14.375],"tintindex":0,"texture":"#0"},"east":{"uv":[2.875,13.5,3.25,13.75],"tintindex":0,"texture":"#0"},"south":{"uv":[14.125,10.25,14.375,10.5],"tintindex":0,"texture":"#0"},"west":{"uv":[13.5,3.0,13.875,3.25],"tintindex":0,"texture":"#0"},"up":{"uv":[10.75,13.75,10.5,13.375],"tintindex":0,"texture":"#0"},"down":{"uv":[4.375,13.5,4.125,13.875],"tintindex":0,"texture":"#0"}}}],"display":{"fixed":{"rotation":[-0.0,0.0,25.0]}}}