{"textures":{"0":"bettermodel:item/demon_knight_demon_knight","particle":"bettermodel:item/demon_knight_demon_knight"},"elements":[{"from":[6.0962653,3.0483952,4.3857183],"to":[8.596266,5.298395,6.635719],"faces":{"north":{"uv":[13.875,10.25,14.125,10.5],"tintindex":0,"texture":"#0"},"east":{"uv":[10.5,13.875,10.75,14.125],"tintindex":0,"texture":"#0"},"south":{"uv":[10.875,13.875,11.125,14.125],"tintindex":0,"texture":"#0"},"west":{"uv":[13.875,10.875,14.125,11.125],"tintindex":0,"texture":"#0"},"up":{"uv":[11.625,14.125,11.375,13.875],"tintindex":0,"texture":"#0"},"down":{"uv":[11.875,13.875,11.625,14.125],"tintindex":0,"texture":"#0"}}},{"from":[6.718705,5.274206,4.6435385],"to":[8.718705,7.774206,6.8935385],"faces":{"north":{"uv":[8.5,13.0,8.75,13.375],"tintindex":0,"texture":"#0"},"east":{"uv":[9.125,13.0,9.375,13.375],"tintindex":0,"texture":"#0"},"south":{"uv":[10.5,13.0,10.75,13.375],"tintindex":0,"texture":"#0"},"west":{"uv":[11.25,13.0,11.5,13.375],"tintindex":0,"texture":"#0"},"up":{"uv":[14.125,10.25,13.875,10.0],"tintindex":0,"texture":"#0"},"down":{"uv":[10.5,13.875,10.25,14.125],"tintindex":0,"texture":"#0"}}},{"from":[5.690565,0.78780556,4.2176685],"to":[8.190565,3.0378056,6.4676685],"faces":{"north":{"uv":[13.0,11.375,13.375,11.625],"tintindex":0,"texture":"#0"},"east":{"uv":[11.875,13.875,12.125,14.125],"tintindex":0,"texture":"#0"},"south":{"uv":[11.5,13.0,11.875,13.25],"tintindex":0,"texture":"#0"},"west":{"uv":[12.125,13.875,12.375,14.125],"tintindex":0,"texture":"#0"},"up":{"uv":[12.25,13.25,11.875,13.0],"tintindex":0,"texture":"#0"},"down":{"uv":[12.75,13.0,12.375,13.25],"tintindex":0,"texture":"#0"}}}],"display":{"fixed":{"rotation":[3.8403628,7.1755867,-9.732897]}}}