{"textures":{"0":"bettermodel:item/demon_knight_demon_knight","particle":"bettermodel:item/demon_knight_demon_knight"},"elements":[{"from":[7.4037347,3.0483952,4.3857183],"to":[9.903734,5.298395,6.635719],"faces":{"north":{"uv":[14.0,3.625,14.25,3.875],"tintindex":0,"texture":"#0"},"east":{"uv":[4.25,14.0,4.5,14.25],"tintindex":0,"texture":"#0"},"south":{"uv":[4.875,14.0,5.125,14.25],"tintindex":0,"texture":"#0"},"west":{"uv":[5.5,14.0,5.75,14.25],"tintindex":0,"texture":"#0"},"up":{"uv":[6.0,14.25,5.75,14.0],"tintindex":0,"texture":"#0"},"down":{"uv":[14.25,5.75,14.0,6.0],"tintindex":0,"texture":"#0"}}},{"from":[7.809435,0.78780556,4.2176685],"to":[10.309435,3.0378056,6.4676685],"faces":{"north":{"uv":[13.125,3.0,13.5,3.25],"tintindex":0,"texture":"#0"},"east":{"uv":[14.0,6.0,14.25,6.25],"tintindex":0,"texture":"#0"},"south":{"uv":[3.25,13.125,3.625,13.375],"tintindex":0,"texture":"#0"},"west":{"uv":[6.625,14.0,6.875,14.25],"tintindex":0,"texture":"#0"},"up":{"uv":[4.0,13.375,3.625,13.125],"tintindex":0,"texture":"#0"},"down":{"uv":[13.5,4.375,13.125,4.625],"tintindex":0,"texture":"#0"}}},{"from":[7.281295,5.274206,4.6435385],"to":[9.281295,7.774206,6.8935385],"faces":{"north":{"uv":[11.0,12.875,11.25,13.25],"tintindex":0,"texture":"#0"},"east":{"uv":[1.5,13.0,1.75,13.375],"tintindex":0,"texture":"#0"},"south":{"uv":[8.0,13.0,8.25,13.375],"tintindex":0,"texture":"#0"},"west":{"uv":[8.25,13.0,8.5,13.375],"tintindex":0,"texture":"#0"},"up":{"uv":[9.75,14.125,9.5,13.875],"tintindex":0,"texture":"#0"},"down":{"uv":[10.0,13.875,9.75,14.125],"tintindex":0,"texture":"#0"}}}],"display":{"fixed":{"rotation":[3.8403628,-7.1755867,9.732897]}}}