{"textures":{"0":"bettermodel:item/demon_knight_demon_knight","particle":"bettermodel:item/demon_knight_demon_knight"},"elements":[{"from":[5.2548175,9.715039,6.45715],"to":[5.904818,10.81504,7.1571503],"faces":{"north":{"uv":[14.875,13.625,15.0,13.75],"tintindex":0,"texture":"#0"},"east":{"uv":[13.75,14.875,13.875,15.0],"tintindex":0,"texture":"#0"},"south":{"uv":[14.875,13.75,15.0,13.875],"tintindex":0,"texture":"#0"},"west":{"uv":[13.875,14.875,14.0,15.0],"tintindex":0,"texture":"#0"},"up":{"uv":[15.0,14.0,14.875,13.875],"tintindex":0,"texture":"#0"},"down":{"uv":[14.125,14.875,14.0,15.0],"tintindex":0,"texture":"#0"}}},{"from":[5.2548175,9.51504,7.2571497],"to":[5.904818,10.715039,7.95715],"faces":{"north":{"uv":[14.875,14.0,15.0,14.125],"tintindex":0,"texture":"#0"},"east":{"uv":[14.125,14.875,14.25,15.0],"tintindex":0,"texture":"#0"},"south":{"uv":[14.875,14.125,15.0,14.25],"tintindex":0,"texture":"#0"},"west":{"uv":[14.25,14.875,14.375,15.0],"tintindex":0,"texture":"#0"},"up":{"uv":[15.0,14.375,14.875,14.25],"tintindex":0,"texture":"#0"},"down":{"uv":[14.5,14.875,14.375,15.0],"tintindex":0,"texture":"#0"}}},{"from":[5.2548175,9.51504,8.05715],"to":[5.904818,10.715039,8.75715],"faces":{"north":{"uv":[14.875,14.375,15.0,14.5],"tintindex":0,"texture":"#0"},"east":{"uv":[14.5,14.875,14.625,15.0],"tintindex":0,"texture":"#0"},"south":{"uv":[14.875,14.5,15.0,14.625],"tintindex":0,"texture":"#0"},"west":{"uv":[14.625,14.875,14.75,15.0],"tintindex":0,"texture":"#0"},"up":{"uv":[15.0,14.75,14.875,14.625],"tintindex":0,"texture":"#0"},"down":{"uv":[14.875,14.875,14.75,15.0],"tintindex":0,"texture":"#0"}}},{"from":[5.2548175,9.715039,8.85715],"to":[5.904818,10.81504,9.55715],"faces":{"north":{"uv":[14.875,14.75,15.0,14.875],"tintindex":0,"texture":"#0"},"east":{"uv":[14.875,14.875,15.0,15.0],"tintindex":0,"texture":"#0"},"south":{"uv":[0.0,15.0,0.125,15.125],"tintindex":0,"texture":"#0"},"west":{"uv":[15.0,0.0,15.125,0.125],"tintindex":0,"texture":"#0"},"up":{"uv":[0.25,15.125,0.125,15.0],"tintindex":0,"texture":"#0"},"down":{"uv":[15.125,0.125,15.0,0.25],"tintindex":0,"texture":"#0"}}}],"display":{"fixed":{"rotation":[-0.0,0.0,135.0]}}}