{"textures":{"0":"bettermodel:item/demon_knight_demon_knight","particle":"bettermodel:item/demon_knight_demon_knight"},"elements":[{"from":[4.907609,5.4138937,9.271992],"to":[7.907609,7.6638937,12.521992],"faces":{"north":{"uv":[4.5,13.25,4.875,13.5],"tintindex":0,"texture":"#0"},"east":{"uv":[13.25,5.75,13.625,6.0],"tintindex":0,"texture":"#0"},"south":{"uv":[5.875,13.25,6.25,13.5],"tintindex":0,"texture":"#0"},"west":{"uv":[13.25,6.0,13.625,6.25],"tintindex":0,"texture":"#0"},"up":{"uv":[5.125,12.5,4.75,12.125],"tintindex":0,"texture":"#0"},"down":{"uv":[7.25,12.125,6.875,12.5],"tintindex":0,"texture":"#0"}}},{"from":[4.285165,3.1880865,9.529816],"to":[7.2851653,5.4380865,12.779816],"faces":{"north":{"uv":[6.25,13.25,6.625,13.5],"tintindex":0,"texture":"#0"},"east":{"uv":[13.25,7.125,13.625,7.375],"tintindex":0,"texture":"#0"},"south":{"uv":[13.25,7.375,13.625,7.625],"tintindex":0,"texture":"#0"},"west":{"uv":[13.25,7.625,13.625,7.875],"tintindex":0,"texture":"#0"},"up":{"uv":[8.375,12.5,8.0,12.125],"tintindex":0,"texture":"#0"},"down":{"uv":[8.75,12.125,8.375,12.5],"tintindex":0,"texture":"#0"}}},{"from":[3.879469,0.92748976,9.697861],"to":[6.879469,3.1774898,12.947861],"faces":{"north":{"uv":[13.125,6.375,13.5,6.625],"tintindex":0,"texture":"#0"},"east":{"uv":[13.125,6.625,13.5,6.875],"tintindex":0,"texture":"#0"},"south":{"uv":[13.125,6.875,13.5,7.125],"tintindex":0,"texture":"#0"},"west":{"uv":[7.5,13.125,7.875,13.375],"tintindex":0,"texture":"#0"},"up":{"uv":[12.5,0.75,12.125,0.375],"tintindex":0,"texture":"#0"},"down":{"uv":[1.0,12.125,0.625,12.5],"tintindex":0,"texture":"#0"}}}],"display":{"fixed":{"rotation":[-4.1140532,-22.139915,-10.805238]}}}