{"textures":{"0":"bettermodel:item/demon_knight_demon_knight","particle":"bettermodel:item/demon_knight_demon_knight"},"elements":[{"from":[4.917123,5.4138937,3.455041],"to":[7.9171224,7.6638937,6.705041],"faces":{"north":{"uv":[13.25,11.125,13.625,11.375],"tintindex":0,"texture":"#0"},"east":{"uv":[11.5,13.25,11.875,13.5],"tintindex":0,"texture":"#0"},"south":{"uv":[13.25,11.75,13.625,12.0],"tintindex":0,"texture":"#0"},"west":{"uv":[11.875,13.25,12.25,13.5],"tintindex":0,"texture":"#0"},"up":{"uv":[12.5,11.75,12.125,11.375],"tintindex":0,"texture":"#0"},"down":{"uv":[0.375,12.25,0.0,12.625],"tintindex":0,"texture":"#0"}}},{"from":[4.2946787,3.1880865,3.1972165],"to":[7.2946787,5.4380865,6.4472165],"faces":{"north":{"uv":[9.75,13.25,10.125,13.5],"tintindex":0,"texture":"#0"},"east":{"uv":[10.125,13.25,10.5,13.5],"tintindex":0,"texture":"#0"},"south":{"uv":[13.25,10.625,13.625,10.875],"tintindex":0,"texture":"#0"},"west":{"uv":[13.25,10.875,13.625,11.125],"tintindex":0,"texture":"#0"},"up":{"uv":[9.125,12.5,8.75,12.125],"tintindex":0,"texture":"#0"},"down":{"uv":[9.5,12.125,9.125,12.5],"tintindex":0,"texture":"#0"}}},{"from":[3.8889823,0.92748976,3.0291715],"to":[6.8889823,3.1774898,6.2791715],"faces":{"north":{"uv":[13.125,8.125,13.5,8.375],"tintindex":0,"texture":"#0"},"east":{"uv":[13.125,8.375,13.5,8.625],"tintindex":0,"texture":"#0"},"south":{"uv":[13.125,8.625,13.5,8.875],"tintindex":0,"texture":"#0"},"west":{"uv":[8.75,13.125,9.125,13.375],"tintindex":0,"texture":"#0"},"up":{"uv":[1.375,12.5,1.0,12.125],"tintindex":0,"texture":"#0"},"down":{"uv":[12.5,1.125,12.125,1.5],"tintindex":0,"texture":"#0"}}}],"display":{"fixed":{"rotation":[4.1140532,22.139915,-10.805238]}}}