{"textures":{"0":"bettermodel:item/demon_knight_demon_knight","particle":"bettermodel:item/demon_knight_demon_knight"},"elements":[{"from":[4.400875,21.83881,9.308036],"to":[5.264904,22.521996,9.629536],"faces":{"north":{"uv":[14.625,13.625,14.75,13.75],"tintindex":0,"texture":"#0"},"east":{"uv":[14.625,13.75,14.75,13.875],"tintindex":0,"texture":"#0"},"south":{"uv":[13.875,14.625,14.0,14.75],"tintindex":0,"texture":"#0"},"west":{"uv":[14.625,13.875,14.75,14.0],"tintindex":0,"texture":"#0"},"up":{"uv":[14.125,14.75,14.0,14.625],"tintindex":0,"texture":"#0"},"down":{"uv":[14.75,14.0,14.625,14.125],"tintindex":0,"texture":"#0"}}},{"from":[4.2401257,20.834126,9.227661],"to":[5.4256535,21.83881,9.709909],"faces":{"north":{"uv":[14.75,1.375,14.875,1.5],"tintindex":0,"texture":"#0"},"east":{"uv":[1.75,14.75,1.875,14.875],"tintindex":0,"texture":"#0"},"south":{"uv":[14.75,2.125,14.875,2.25],"tintindex":0,"texture":"#0"},"west":{"uv":[14.75,2.25,14.875,2.375],"tintindex":0,"texture":"#0"},"up":{"uv":[2.625,14.875,2.5,14.75],"tintindex":0,"texture":"#0"},"down":{"uv":[2.75,14.75,2.625,14.875],"tintindex":0,"texture":"#0"}}}],"display":{"fixed":{"rotation":[-2.3845264E-6,-24.999996,-0.99999774]}}}