{"textures":{"0":"bettermodel:item/demon_knight_demon_knight","particle":"bettermodel:item/demon_knight_demon_knight"},"elements":[{"from":[3.6682844,10.478213,3.5156555],"to":[8.068284,11.853213,7.915656],"faces":{"north":{"uv":[14.25,2.875,14.75,3.0],"tintindex":0,"texture":"#0"},"east":{"uv":[14.25,3.625,14.75,3.75],"tintindex":0,"texture":"#0"},"south":{"uv":[14.25,3.75,14.75,3.875],"tintindex":0,"texture":"#0"},"west":{"uv":[14.25,4.25,14.75,4.375],"tintindex":0,"texture":"#0"},"up":{"uv":[9.5,10.875,9.0,10.375],"tintindex":0,"texture":"#0"},"down":{"uv":[10.0,10.375,9.5,10.875],"tintindex":0,"texture":"#0"}}},{"from":[4.493284,11.853213,4.340656],"to":[7.243284,12.153213,7.0906563],"faces":{"north":{"uv":[7.375,14.5,7.75,14.625],"tintindex":0,"texture":"#0"},"east":{"uv":[14.5,7.5,14.875,7.625],"tintindex":0,"texture":"#0"},"south":{"uv":[14.5,7.625,14.875,7.75],"tintindex":0,"texture":"#0"},"west":{"uv":[7.75,14.5,8.125,14.625],"tintindex":0,"texture":"#0"},"up":{"uv":[4.375,12.875,4.0,12.5],"tintindex":0,"texture":"#0"},"down":{"uv":[12.875,4.0,12.5,4.375],"tintindex":0,"texture":"#0"}}}],"display":{"fixed":{"rotation":[7.4365587,44.5119,-10.546841]}}}