{"textures":{"0":"bettermodel:item/demon_knight_demon_knight","particle":"bettermodel:item/demon_knight_demon_knight"},"elements":[{"from":[4.518195,10.419145,6.6492114],"to":[6.5275636,11.222895,11.471697],"faces":{"north":{"uv":[11.0,5.75,11.25,5.875],"tintindex":0,"texture":"#0"},"east":{"uv":[13.625,4.25,14.25,4.375],"tintindex":0,"texture":"#0"},"south":{"uv":[11.5,2.625,11.75,2.75],"tintindex":0,"texture":"#0"},"west":{"uv":[13.625,8.0,14.25,8.125],"tintindex":0,"texture":"#0"},"up":{"uv":[5.625,12.25,5.375,11.625],"tintindex":0,"texture":"#0"},"down":{"uv":[10.75,11.75,10.5,12.375],"tintindex":0,"texture":"#0"}}},{"from":[3.714448,12.02664,7.452959],"to":[4.518195,14.437881,10.667949],"faces":{"north":{"uv":[9.375,14.25,9.5,14.625],"tintindex":0,"texture":"#0"},"east":{"uv":[11.25,11.875,11.625,12.25],"tintindex":0,"texture":"#0"},"south":{"uv":[10.75,14.25,10.875,14.625],"tintindex":0,"texture":"#0"},"west":{"uv":[12.0,6.0,12.375,6.375],"tintindex":0,"texture":"#0"},"up":{"uv":[12.625,14.625,12.5,14.25],"tintindex":0,"texture":"#0"},"down":{"uv":[13.625,14.25,13.5,14.625],"tintindex":0,"texture":"#0"}}},{"from":[4.518195,14.437881,6.6492114],"to":[6.12569,16.045378,11.471697],"faces":{"north":{"uv":[13.875,8.125,14.125,8.375],"tintindex":0,"texture":"#0"},"east":{"uv":[11.75,7.125,12.375,7.375],"tintindex":0,"texture":"#0"},"south":{"uv":[13.875,8.375,14.125,8.625],"tintindex":0,"texture":"#0"},"west":{"uv":[11.625,11.75,12.25,12.0],"tintindex":0,"texture":"#0"},"up":{"uv":[12.125,0.625,11.875,0.0],"tintindex":0,"texture":"#0"},"down":{"uv":[3.125,11.875,2.875,12.5],"tintindex":0,"texture":"#0"}}},{"from":[4.518195,11.222895,5.8454638],"to":[6.5275636,14.437881,11.471697],"faces":{"north":{"uv":[5.5,12.875,5.75,13.25],"tintindex":0,"texture":"#0"},"east":{"uv":[9.5,9.5,10.25,9.875],"tintindex":0,"texture":"#0"},"south":{"uv":[6.75,12.875,7.0,13.25],"tintindex":0,"texture":"#0"},"west":{"uv":[0.0,9.625,0.75,10.0],"tintindex":0,"texture":"#0"},"up":{"uv":[3.75,11.875,3.5,11.125],"tintindex":0,"texture":"#0"},"down":{"uv":[4.625,11.125,4.375,11.875],"tintindex":0,"texture":"#0"}}}],"display":{"fixed":{"rotation":[0.0,-25.0,0.0]}}}