{"textures":{"0":"bettermodel:item/demon_knight_demon_knight","particle":"bettermodel:item/demon_knight_demon_knight"},"elements":[{"from":[-0.20863724,8.256533,7.5876503],"to":[0.8913622,9.08153,8.46765],"faces":{"north":{"uv":[14.875,12.0,15.0,12.125],"tintindex":0,"texture":"#0"},"east":{"uv":[12.125,14.875,12.25,15.0],"tintindex":0,"texture":"#0"},"south":{"uv":[14.875,12.125,15.0,12.25],"tintindex":0,"texture":"#0"},"west":{"uv":[12.25,14.875,12.375,15.0],"tintindex":0,"texture":"#0"},"up":{"uv":[15.0,12.375,14.875,12.25],"tintindex":0,"texture":"#0"},"down":{"uv":[12.5,14.875,12.375,15.0],"tintindex":0,"texture":"#0"}}},{"from":[0.8913622,7.4315324,6.3776503],"to":[3.3663626,9.90653,9.67765],"faces":{"north":{"uv":[14.375,1.0,14.625,1.25],"tintindex":0,"texture":"#0"},"east":{"uv":[5.25,13.625,5.625,13.875],"tintindex":0,"texture":"#0"},"south":{"uv":[1.5,14.375,1.75,14.625],"tintindex":0,"texture":"#0"},"west":{"uv":[13.625,5.75,14.0,6.0],"tintindex":0,"texture":"#0"},"up":{"uv":[5.875,14.0,5.625,13.625],"tintindex":0,"texture":"#0"},"down":{"uv":[7.0,13.625,6.75,14.0],"tintindex":0,"texture":"#0"}}}],"display":{"fixed":{"rotation":[0.0,0.0,-25.0]}}}