{"textures":{"0":"bettermodel:item/demon_knight_demon_knight","particle":"bettermodel:item/demon_knight_demon_knight"},"elements":[{"from":[5.9221354,3.274229,9.439971],"to":[8.422135,5.524229,11.689971],"faces":{"north":{"uv":[13.875,12.75,14.125,13.0],"tintindex":0,"texture":"#0"},"east":{"uv":[13.125,13.875,13.375,14.125],"tintindex":0,"texture":"#0"},"south":{"uv":[13.375,13.875,13.625,14.125],"tintindex":0,"texture":"#0"},"west":{"uv":[13.875,13.5,14.125,13.75],"tintindex":0,"texture":"#0"},"up":{"uv":[13.875,14.125,13.625,13.875],"tintindex":0,"texture":"#0"},"down":{"uv":[14.125,13.75,13.875,14.0],"tintindex":0,"texture":"#0"}}},{"from":[5.516435,1.0136395,9.608021],"to":[8.016436,3.2636395,11.858021],"faces":{"north":{"uv":[0.75,13.125,1.125,13.375],"tintindex":0,"texture":"#0"},"east":{"uv":[0.0,14.0,0.25,14.25],"tintindex":0,"texture":"#0"},"south":{"uv":[13.125,0.75,13.5,1.0],"tintindex":0,"texture":"#0"},"west":{"uv":[14.0,0.0,14.25,0.25],"tintindex":0,"texture":"#0"},"up":{"uv":[2.125,13.375,1.75,13.125],"tintindex":0,"texture":"#0"},"down":{"uv":[2.5,13.125,2.125,13.375],"tintindex":0,"texture":"#0"}}},{"from":[6.544575,5.50004,9.182151],"to":[8.544576,8.00004,11.432151],"faces":{"north":{"uv":[12.75,13.0,13.0,13.375],"tintindex":0,"texture":"#0"},"east":{"uv":[13.0,13.0,13.25,13.375],"tintindex":0,"texture":"#0"},"south":{"uv":[0.25,13.125,0.5,13.5],"tintindex":0,"texture":"#0"},"west":{"uv":[0.5,13.125,0.75,13.5],"tintindex":0,"texture":"#0"},"up":{"uv":[14.125,12.75,13.875,12.5],"tintindex":0,"texture":"#0"},"down":{"uv":[12.875,13.875,12.625,14.125],"tintindex":0,"texture":"#0"}}}],"display":{"fixed":{"rotation":[-3.8403628,-7.1755867,-9.732897]}}}