{"textures":{"0":"bettermodel:item/gargouille_magno_save_gargouille_magno","particle":"bettermodel:item/gargouille_magno_save_gargouille_magno"},"elements":[{"from":[6.990443,8.065131,-1.9496527],"to":[9.990443,8.065131,1.0503473],"faces":{"north":{"uv":[2.875,10.375,3.25,10.375],"tintindex":0,"texture":"#0"},"east":{"uv":[2.5,10.375,2.875,10.375],"tintindex":0,"texture":"#0"},"south":{"uv":[3.625,10.375,4.0,10.375],"tintindex":0,"texture":"#0"},"west":{"uv":[3.25,10.375,3.625,10.375],"tintindex":0,"texture":"#0"},"up":{"uv":[3.25,10.375,2.875,10.0],"tintindex":0,"texture":"#0"},"down":{"uv":[3.625,10.0,3.25,10.375],"tintindex":0,"texture":"#0"}}},{"from":[6.9020576,6.896337,0.8692173],"to":[9.102058,9.096337,10.069218],"faces":{"north":{"uv":[8.875,2.5,9.125,2.75],"tintindex":0,"texture":"#0"},"east":{"uv":[7.75,2.5,8.875,2.75],"tintindex":0,"texture":"#0"},"south":{"uv":[10.25,2.5,10.5,2.75],"tintindex":0,"texture":"#0"},"west":{"uv":[9.125,2.5,10.25,2.75],"tintindex":0,"texture":"#0"},"up":{"uv":[9.125,2.5,8.875,1.375],"tintindex":0,"texture":"#0"},"down":{"uv":[9.375,1.375,9.125,2.5],"tintindex":0,"texture":"#0"}}}],"display":{"fixed":{"rotation":[-22.500004,-7.4999967,-2.5834222E-6]}}}