{"textures":{"0":"bettermodel:item/gargouille_magno_gargouille_magno_texture","particle":"bettermodel:item/gargouille_magno_gargouille_magno_texture"},"elements":[{"from":[6.8979425,6.896337,0.8692173],"to":[9.097942,9.096337,10.069218],"faces":{"north":{"uv":[8.875,1.125,9.125,1.375],"tintindex":0,"texture":"#0"},"east":{"uv":[7.75,1.125,8.875,1.375],"tintindex":0,"texture":"#0"},"south":{"uv":[10.25,1.125,10.5,1.375],"tintindex":0,"texture":"#0"},"west":{"uv":[9.125,1.125,10.25,1.375],"tintindex":0,"texture":"#0"},"up":{"uv":[9.125,1.125,8.875,0.0],"tintindex":0,"texture":"#0"},"down":{"uv":[9.375,0.0,9.125,1.125],"tintindex":0,"texture":"#0"}}},{"from":[6.009557,8.065131,-1.9496527],"to":[9.009557,8.065131,1.0503473],"faces":{"north":{"uv":[1.375,10.375,1.75,10.375],"tintindex":0,"texture":"#0"},"east":{"uv":[1.0,10.375,1.375,10.375],"tintindex":0,"texture":"#0"},"south":{"uv":[2.125,10.375,2.5,10.375],"tintindex":0,"texture":"#0"},"west":{"uv":[1.75,10.375,2.125,10.375],"tintindex":0,"texture":"#0"},"up":{"uv":[1.75,10.375,1.375,10.0],"tintindex":0,"texture":"#0"},"down":{"uv":[2.125,10.0,1.75,10.375],"tintindex":0,"texture":"#0"}}}],"display":{"fixed":{"rotation":[-22.500004,7.4999967,2.5834222E-6]}}}