{"textures":{"0":"bettermodel:item/goat_monster_goatmonster_texture","1":"bettermodel:item/goat_monster_goatmonster_eyes_texture","particle":"bettermodel:item/goat_monster_goatmonster_texture"},"elements":[{"from":[6.3443127,7.308785,7.3261704],"to":[8.344313,8.308785,9.32617],"faces":{"north":{"uv":[13.75,8.75,14.25,9.0],"tintindex":0,"texture":"#0"},"east":{"uv":[13.75,9.0,14.25,9.25],"tintindex":0,"texture":"#0"},"south":{"uv":[9.25,13.75,9.75,14.0],"tintindex":0,"texture":"#0"},"west":{"uv":[13.75,9.25,14.25,9.5],"tintindex":0,"texture":"#0"},"up":{"uv":[13.75,9.75,13.25,9.25],"tintindex":0,"texture":"#0"},"down":{"uv":[12.75,13.25,12.25,13.75],"tintindex":0,"texture":"#0"}}},{"from":[4.3397827,8.208936,6.82319],"to":[6.3397827,8.308935,7.8231907],"faces":{"north":{"uv":[11.25,13.75,11.75,14.0],"tintindex":0,"texture":"#0"},"east":{"uv":[10.0,13.25,10.25,13.5],"tintindex":0,"texture":"#0"},"south":{"uv":[13.75,11.25,14.25,11.5],"tintindex":0,"texture":"#0"},"west":{"uv":[3.5,13.5,3.75,13.75],"tintindex":0,"texture":"#0"},"up":{"uv":[14.25,11.75,13.75,11.5],"tintindex":0,"texture":"#0"},"down":{"uv":[12.25,13.75,11.75,14.0],"tintindex":0,"texture":"#0"}}},{"from":[4.3397827,8.208936,8.823191],"to":[6.3397827,8.308935,9.823191],"faces":{"north":{"uv":[13.75,11.75,14.25,12.0],"tintindex":0,"texture":"#0"},"east":{"uv":[3.5,13.75,3.75,14.0],"tintindex":0,"texture":"#0"},"south":{"uv":[13.75,12.0,14.25,12.25],"tintindex":0,"texture":"#0"},"west":{"uv":[1.0,14.0,1.25,14.25],"tintindex":0,"texture":"#0"},"up":{"uv":[12.75,14.0,12.25,13.75],"tintindex":0,"texture":"#0"},"down":{"uv":[14.25,12.25,13.75,12.5],"tintindex":0,"texture":"#0"}}}],"display":{"fixed":{"rotation":[0.16711004,-41.48395,99.61016]}}}