{"textures":{"0":"bettermodel:item/ice_knight_minion_spear_iceknight_iceknightspear","particle":"bettermodel:item/ice_knight_minion_spear_iceknight_iceknightspear"},"elements":[{"from":[6.88931,6.456771,5.93003],"to":[10.08931,7.987501,10.62555],"faces":{"north":{"uv":[5.375,9.5,5.75,9.6875],"tintindex":0,"texture":"#0"},"east":{"uv":[9.125,3.5,9.6875,3.6875],"tintindex":0,"texture":"#0"},"south":{"uv":[5.75,9.5,6.125,9.6875],"tintindex":0,"texture":"#0"},"west":{"uv":[3.625,9.125,4.1875,9.3125],"tintindex":0,"texture":"#0"},"up":{"uv":[1.125,8.3125,0.75,7.75],"tintindex":0,"texture":"#0"},"down":{"uv":[8.125,4.5,7.75,5.0625],"tintindex":0,"texture":"#0"}},"rotation":{"angle":-22.5,"axis":"x","origin":[8.455339,7.90876,8.06866]}},{"from":[6.88431,1.3630905,6.06269],"to":[10.09431,7.1630898,10.06269],"faces":{"north":{"uv":[0.0,6.375,0.375,7.125],"tintindex":0,"texture":"#0"},"east":{"uv":[0.5,5.875,1.0,6.625],"tintindex":0,"texture":"#0"},"south":{"uv":[5.25,6.375,5.625,7.125],"tintindex":0,"texture":"#0"},"west":{"uv":[1.0,5.875,1.5,6.625],"tintindex":0,"texture":"#0"},"up":{"uv":[4.875,0.5,4.5,0.0],"tintindex":0,"texture":"#0"},"down":{"uv":[8.375,5.375,8.0,5.875],"tintindex":0,"texture":"#0"}}},{"from":[7.91825,3.0547504,5.4626904],"to":[9.11825,4.9647503,8.16269],"faces":{"north":{"uv":[9.875,2.875,10.0,3.125],"tintindex":0,"texture":"#0"},"east":{"uv":[3.875,9.375,4.1875,9.625],"tintindex":0,"texture":"#0"},"south":{"uv":[9.875,3.125,10.0,3.375],"tintindex":0,"texture":"#0"},"west":{"uv":[9.375,4.25,9.6875,4.5],"tintindex":0,"texture":"#0"},"up":{"uv":[6.25,10.0625,6.125,9.75],"tintindex":0,"texture":"#0"},"down":{"uv":[6.375,9.75,6.25,10.0625],"tintindex":0,"texture":"#0"}},"rotation":{"angle":-22.5,"axis":"z","origin":[8.455339,7.90876,8.06866]}}]}