{"textures":{"0":"bettermodel:item/ice_knight_iceknight_horsepet","1":"bettermodel:item/ice_knight_iceknight_ice","particle":"bettermodel:item/ice_knight_iceknight_horsepet"},"elements":[{"from":[9.216025,13.455776,-3.490181],"to":[9.216025,24.0,14.193392],"faces":{"north":{"uv":[0.0,0.0,0.0,1.03125],"tintindex":0,"texture":"#0"},"east":{"uv":[0.0,0.0,1.71875,1.03125],"tintindex":0,"texture":"#0"},"south":{"uv":[0.0,0.0,0.0,1.03125],"tintindex":0,"texture":"#0"},"west":{"uv":[0.0,1.0625,1.71875,2.09375],"tintindex":0,"texture":"#0"},"up":{"uv":[0.0,1.71875,0.0,0.0],"tintindex":0,"texture":"#0"},"down":{"uv":[0.0,0.0,0.0,1.71875],"tintindex":0,"texture":"#0"}},"rotation":{"angle":45.0,"axis":"x","origin":[8.594937,14.995008,6.2707925]}},{"from":[5.716752,10.255709,-2.2101536],"to":[12.7153,17.599863,9.713298],"faces":{"north":{"uv":[8.875,0.6875,9.5625,1.40625],"tintindex":0,"texture":"#0"},"east":{"uv":[0.0,7.6875,1.15625,8.40625],"tintindex":0,"texture":"#0"},"south":{"uv":[1.0,8.875,1.6875,9.59375],"tintindex":0,"texture":"#0"},"west":{"uv":[7.6875,0.9375,8.84375,1.65625],"tintindex":0,"texture":"#0"},"up":{"uv":[1.875,8.84375,1.1875,7.6875],"tintindex":0,"texture":"#0"},"down":{"uv":[8.25,7.875,7.5625,9.03125],"tintindex":0,"texture":"#0"}},"rotation":{"angle":45.0,"axis":"x","origin":[9.534157,10.514914,3.0707264]}},{"from":[5.721072,12.525747,-1.8566551],"to":[12.710979,19.310863,0.95383596],"faces":{"north":{"uv":[2.125,8.875,2.8125,9.53125],"tintindex":0,"texture":"#0"},"east":{"uv":[10.25,0.6875,10.53125,1.34375],"tintindex":0,"texture":"#0"},"south":{"uv":[8.9375,0.0,9.625,0.65625],"tintindex":0,"texture":"#0"},"west":{"uv":[10.25,6.1875,10.53125,6.84375],"tintindex":0,"texture":"#0"},"up":{"uv":[6.5,1.21875,5.8125,0.9375],"tintindex":0,"texture":"#0"},"down":{"uv":[10.6875,0.375,10.0,0.65625],"tintindex":0,"texture":"#0"}},"rotation":{"angle":22.5,"axis":"x","origin":[9.279272,10.757082,2.5194378]}},{"from":[6.623971,4.4685974,0.90368366],"to":[11.808081,15.249625,5.345379],"faces":{"north":{"uv":[8.25,8.4375,8.75,9.5],"tintindex":0,"texture":"#0"},"east":{"uv":[7.125,8.0,7.5625,9.0625],"tintindex":0,"texture":"#0"},"south":{"uv":[4.375,8.5625,4.875,9.625],"tintindex":0,"texture":"#0"},"west":{"uv":[1.6875,8.875,2.125,9.9375],"tintindex":0,"texture":"#0"},"up":{"uv":[2.125,10.375,1.625,9.9375],"tintindex":0,"texture":"#0"},"down":{"uv":[3.8125,9.9375,3.3125,10.375],"tintindex":0,"texture":"#0"}},"rotation":{"angle":-22.5,"axis":"x","origin":[9.276417,10.685882,3.582141]}}]}