{"textures":{"0":"bettermodel:item/ice_knight_minion_shield_iceknight_knightshield","particle":"bettermodel:item/ice_knight_minion_shield_iceknight_knightshield"},"elements":[{"from":[5.98706,3.0943203,6.5],"to":[8.987061,7.8943195,9.5],"faces":{"north":{"uv":[1.5,8.75,1.875,9.375],"tintindex":0,"texture":"#0"},"east":{"uv":[8.75,6.125,9.125,6.75],"tintindex":0,"texture":"#0"},"south":{"uv":[3.25,8.875,3.625,9.5],"tintindex":0,"texture":"#0"},"west":{"uv":[3.625,8.875,4.0,9.5],"tintindex":0,"texture":"#0"},"up":{"uv":[4.375,7.25,4.0,6.875],"tintindex":0,"texture":"#0"},"down":{"uv":[9.25,2.5,8.875,2.875],"tintindex":0,"texture":"#0"}}},{"from":[6.22371,7.97299,6.495],"to":[8.34503,10.094309,9.505],"faces":{"north":{"uv":[10.875,9.75,11.125,10.0],"tintindex":0,"texture":"#0"},"east":{"uv":[3.875,10.75,4.25,11.0],"tintindex":0,"texture":"#0"},"south":{"uv":[10.875,10.125,11.125,10.375],"tintindex":0,"texture":"#0"},"west":{"uv":[10.75,4.25,11.125,4.5],"tintindex":0,"texture":"#0"},"up":{"uv":[1.875,11.125,1.625,10.75],"tintindex":0,"texture":"#0"},"down":{"uv":[3.5,10.75,3.25,11.125],"tintindex":0,"texture":"#0"}},"rotation":{"angle":-45.0,"axis":"z","origin":[6.01042,8.21932,8.245]}},{"from":[6.85066,1.8579197,6.495],"to":[8.97198,3.9792404,9.505],"faces":{"north":{"uv":[10.875,9.25,11.125,9.5],"tintindex":0,"texture":"#0"},"east":{"uv":[10.75,2.875,11.125,3.125],"tintindex":0,"texture":"#0"},"south":{"uv":[10.875,9.5,11.125,9.75],"tintindex":0,"texture":"#0"},"west":{"uv":[10.75,3.125,11.125,3.375],"tintindex":0,"texture":"#0"},"up":{"uv":[4.625,9.25,4.375,8.875],"tintindex":0,"texture":"#0"},"down":{"uv":[0.25,10.75,0.0,11.125],"tintindex":0,"texture":"#0"}},"rotation":{"angle":45.0,"axis":"z","origin":[7.48706,2.49432,8.495]}}]}