{"textures":{"0":"bettermodel:item/ice_knight_iceknight_horsepet","1":"bettermodel:item/ice_knight_iceknight_ice","particle":"bettermodel:item/ice_knight_iceknight_horsepet"},"elements":[{"from":[8.430059,6.757469,6.16823],"to":[10.20772,7.7834396,8.56511],"faces":{"north":{"uv":[2.5,6.5625,2.625,6.625],"tintindex":0,"texture":"#1"},"east":{"uv":[6.9375,4.4375,7.09375,4.5],"tintindex":0,"texture":"#1"},"south":{"uv":[7.1875,0.25,7.3125,0.3125],"tintindex":0,"texture":"#1"},"west":{"uv":[7.625,7.0625,7.78125,7.125],"tintindex":0,"texture":"#1"},"up":{"uv":[5.5,6.46875,5.375,6.3125],"tintindex":0,"texture":"#1"},"down":{"uv":[3.875,7.125,3.75,7.28125],"tintindex":0,"texture":"#1"}},"rotation":{"angle":22.5,"axis":"z","origin":[10.05641,7.0909195,7.51823]}},{"from":[8.430059,4.757469,6.5682297],"to":[9.80772,8.083441,10.06511],"faces":{"north":{"uv":[4.0,8.6875,4.09375,8.90625],"tintindex":0,"texture":"#1"},"east":{"uv":[8.125,8.0625,8.34375,8.28125],"tintindex":0,"texture":"#1"},"south":{"uv":[4.375,8.6875,4.46875,8.90625],"tintindex":0,"texture":"#1"},"west":{"uv":[8.1875,0.0,8.40625,0.21875],"tintindex":0,"texture":"#1"},"up":{"uv":[4.71875,8.90625,4.625,8.6875],"tintindex":0,"texture":"#1"},"down":{"uv":[8.78125,4.625,8.6875,4.84375],"tintindex":0,"texture":"#1"}},"rotation":{"angle":22.5,"axis":"z","origin":[10.05641,7.0909195,7.51823]}},{"from":[6.44683,4.3127193,6.56667],"to":[9.44683,7.9127197,10.066669],"faces":{"north":{"uv":[6.75,8.3125,6.9375,8.53125],"tintindex":0,"texture":"#1"},"east":{"uv":[8.1875,0.25,8.40625,0.46875],"tintindex":0,"texture":"#1"},"south":{"uv":[8.125,8.3125,8.3125,8.53125],"tintindex":0,"texture":"#1"},"west":{"uv":[8.1875,0.5,8.40625,0.71875],"tintindex":0,"texture":"#1"},"up":{"uv":[8.5,8.53125,8.3125,8.3125],"tintindex":0,"texture":"#1"},"down":{"uv":[0.1875,8.375,0.0,8.59375],"tintindex":0,"texture":"#1"}}}]}