{"textures":{"0":"bettermodel:item/ice_knight_minion_sword_iceknight_knighticesword","particle":"bettermodel:item/ice_knight_minion_sword_iceknight_knighticesword"},"elements":[{"from":[5.9106903,6.456771,5.93003],"to":[9.11069,7.987501,10.62555],"faces":{"north":{"uv":[9.875,6.75,9.5,6.9375],"tintindex":0,"texture":"#0"},"east":{"uv":[9.6875,4.875,9.125,5.0625],"tintindex":0,"texture":"#0"},"south":{"uv":[8.5,9.5,8.125,9.6875],"tintindex":0,"texture":"#0"},"west":{"uv":[9.6875,3.25,9.125,3.4375],"tintindex":0,"texture":"#0"},"up":{"uv":[0.5,8.3125,0.875,7.75],"tintindex":0,"texture":"#0"},"down":{"uv":[6.625,7.875,7.0,8.4375],"tintindex":0,"texture":"#0"}},"rotation":{"angle":-22.5,"axis":"x","origin":[7.54466,7.90876,8.06866]}},{"from":[5.90569,1.3630905,6.06269],"to":[9.11569,7.1630898,10.06269],"faces":{"north":{"uv":[7.0,5.75,6.625,6.5],"tintindex":0,"texture":"#0"},"east":{"uv":[6.5,4.5,6.0,5.25],"tintindex":0,"texture":"#0"},"south":{"uv":[7.0,6.5,6.625,7.25],"tintindex":0,"texture":"#0"},"west":{"uv":[3.75,6.0,3.25,6.75],"tintindex":0,"texture":"#0"},"up":{"uv":[4.125,3.875,4.5,3.375],"tintindex":0,"texture":"#0"},"down":{"uv":[7.0,8.0,7.375,8.5],"tintindex":0,"texture":"#0"}}},{"from":[6.88175,3.0547504,5.4626904],"to":[8.08175,4.9647503,8.16269],"faces":{"north":{"uv":[10.0,0.75,9.875,1.0],"tintindex":0,"texture":"#0"},"east":{"uv":[9.6875,9.25,9.375,9.5],"tintindex":0,"texture":"#0"},"south":{"uv":[1.0,9.875,0.875,10.125],"tintindex":0,"texture":"#0"},"west":{"uv":[9.6875,5.875,9.375,6.125],"tintindex":0,"texture":"#0"},"up":{"uv":[9.75,7.3125,9.875,7.0],"tintindex":0,"texture":"#0"},"down":{"uv":[9.75,7.375,9.875,7.6875],"tintindex":0,"texture":"#0"}},"rotation":{"angle":22.5,"axis":"z","origin":[7.54466,7.90876,8.06866]}}]}