{"textures":{"0":"bettermodel:item/ice_knight_iceknight_horsepet","1":"bettermodel:item/ice_knight_iceknight_ice","particle":"bettermodel:item/ice_knight_iceknight_horsepet"},"elements":[{"from":[5.005,-2.9848804,6.86065],"to":[10.995,3.8151188,12.06065],"faces":{"north":{"uv":[2.625,5.625,3.0,6.0625],"tintindex":0,"texture":"#1"},"east":{"uv":[5.5,6.0625,5.8125,6.5],"tintindex":0,"texture":"#1"},"south":{"uv":[5.625,4.9375,6.0,5.375],"tintindex":0,"texture":"#1"},"west":{"uv":[2.25,6.125,2.5625,6.5625],"tintindex":0,"texture":"#1"},"up":{"uv":[7.0,5.25,6.625,4.9375],"tintindex":0,"texture":"#1"},"down":{"uv":[1.3125,6.6875,0.9375,7.0],"tintindex":0,"texture":"#1"}},"rotation":{"angle":-22.5,"axis":"x","origin":[8.005,0.51511955,13.36065]}},{"from":[5.0025,-1.6131706,4.02647],"to":[10.997499,4.7941,6.6434603],"faces":{"north":{"uv":[5.125,5.875,5.5,6.28125],"tintindex":0,"texture":"#1"},"east":{"uv":[6.9375,7.5625,7.09375,7.96875],"tintindex":0,"texture":"#1"},"south":{"uv":[1.875,5.9375,2.25,6.34375],"tintindex":0,"texture":"#1"},"west":{"uv":[2.0,7.625,2.15625,8.03125],"tintindex":0,"texture":"#1"},"up":{"uv":[8.0625,2.59375,7.6875,2.4375],"tintindex":0,"texture":"#1"},"down":{"uv":[8.0625,2.625,7.6875,2.78125],"tintindex":0,"texture":"#1"}},"rotation":{"angle":22.5,"axis":"x","origin":[8.002501,1.2940998,10.52647]}},{"from":[5.0,-5.9848804,5.86065],"to":[11.0,7.0151196,10.86065],"faces":{"north":{"uv":[1.9375,3.625,2.3125,4.4375],"tintindex":0,"texture":"#1"},"east":{"uv":[0.3125,4.3125,0.625,5.125],"tintindex":0,"texture":"#1"},"south":{"uv":[3.75,0.0,4.125,0.8125],"tintindex":0,"texture":"#1"},"west":{"uv":[0.625,4.3125,0.9375,5.125],"tintindex":0,"texture":"#1"},"up":{"uv":[7.0625,6.25,6.6875,5.9375],"tintindex":0,"texture":"#1"},"down":{"uv":[7.125,4.5,6.75,4.8125],"tintindex":0,"texture":"#1"}}}]}