{"textures":{"0":"bettermodel:item/ice_knight_minion_shield_iceknight_knightshield","particle":"bettermodel:item/ice_knight_minion_shield_iceknight_knightshield"},"elements":[{"from":[5.9106903,6.456771,5.93003],"to":[9.11069,7.987501,10.62555],"faces":{"north":{"uv":[10.875,6.375,11.25,6.5625],"tintindex":0,"texture":"#0"},"east":{"uv":[10.625,3.75,11.1875,3.9375],"tintindex":0,"texture":"#0"},"south":{"uv":[7.625,10.875,8.0,11.0625],"tintindex":0,"texture":"#0"},"west":{"uv":[10.625,4.0,11.1875,4.1875],"tintindex":0,"texture":"#0"},"up":{"uv":[1.875,9.9375,1.5,9.375],"tintindex":0,"texture":"#0"},"down":{"uv":[9.875,0.0,9.5,0.5625],"tintindex":0,"texture":"#0"}},"rotation":{"angle":-22.5,"axis":"x","origin":[7.54466,7.90876,8.06866]}},{"from":[5.90569,1.3630905,6.06269],"to":[9.11569,7.1630898,10.06269],"faces":{"north":{"uv":[4.25,1.5,4.625,2.25],"tintindex":0,"texture":"#0"},"east":{"uv":[7.375,5.0,7.875,5.75],"tintindex":0,"texture":"#0"},"south":{"uv":[2.125,7.625,2.5,8.375],"tintindex":0,"texture":"#0"},"west":{"uv":[7.375,5.75,7.875,6.5],"tintindex":0,"texture":"#0"},"up":{"uv":[6.625,10.125,6.25,9.625],"tintindex":0,"texture":"#0"},"down":{"uv":[7.0,9.625,6.625,10.125],"tintindex":0,"texture":"#0"}}},{"from":[6.88175,3.0547504,5.4626904],"to":[8.08175,4.9647503,8.16269],"faces":{"north":{"uv":[6.75,11.0,6.875,11.25],"tintindex":0,"texture":"#0"},"east":{"uv":[10.875,2.375,11.1875,2.625],"tintindex":0,"texture":"#0"},"south":{"uv":[6.875,11.0,7.0,11.25],"tintindex":0,"texture":"#0"},"west":{"uv":[3.5,10.875,3.8125,11.125],"tintindex":0,"texture":"#0"},"up":{"uv":[2.625,11.3125,2.5,11.0],"tintindex":0,"texture":"#0"},"down":{"uv":[2.75,11.0,2.625,11.3125],"tintindex":0,"texture":"#0"}},"rotation":{"angle":22.5,"axis":"z","origin":[7.54466,7.90876,8.06866]}}]}