{"textures":{"0":"bettermodel:item/ice_knight_minion_spear_iceknight_iceknightspear","particle":"bettermodel:item/ice_knight_minion_spear_iceknight_iceknightspear"},"elements":[{"from":[5.9106903,6.456771,5.93003],"to":[9.11069,7.987501,10.62555],"faces":{"north":{"uv":[6.125,9.5,6.5,9.6875],"tintindex":0,"texture":"#0"},"east":{"uv":[9.125,3.75,9.6875,3.9375],"tintindex":0,"texture":"#0"},"south":{"uv":[6.5,9.5,6.875,9.6875],"tintindex":0,"texture":"#0"},"west":{"uv":[9.125,4.0,9.6875,4.1875],"tintindex":0,"texture":"#0"},"up":{"uv":[7.25,8.3125,6.875,7.75],"tintindex":0,"texture":"#0"},"down":{"uv":[1.5,7.875,1.125,8.4375],"tintindex":0,"texture":"#0"}},"rotation":{"angle":-22.5,"axis":"x","origin":[7.54466,7.90876,8.06866]}},{"from":[5.90569,1.3630905,6.06269],"to":[9.11569,7.1630898,10.06269],"faces":{"north":{"uv":[0.375,6.625,0.75,7.375],"tintindex":0,"texture":"#0"},"east":{"uv":[1.5,5.875,2.0,6.625],"tintindex":0,"texture":"#0"},"south":{"uv":[0.75,6.625,1.125,7.375],"tintindex":0,"texture":"#0"},"west":{"uv":[2.0,5.875,2.5,6.625],"tintindex":0,"texture":"#0"},"up":{"uv":[6.75,8.5,6.375,8.0],"tintindex":0,"texture":"#0"},"down":{"uv":[7.75,8.0,7.375,8.5],"tintindex":0,"texture":"#0"}}},{"from":[6.88175,3.0547504,5.4626904],"to":[8.08175,4.9647503,8.16269],"faces":{"north":{"uv":[9.875,3.375,10.0,3.625],"tintindex":0,"texture":"#0"},"east":{"uv":[9.375,4.5,9.6875,4.75],"tintindex":0,"texture":"#0"},"south":{"uv":[9.875,3.625,10.0,3.875],"tintindex":0,"texture":"#0"},"west":{"uv":[9.375,4.75,9.6875,5.0],"tintindex":0,"texture":"#0"},"up":{"uv":[6.5,10.0625,6.375,9.75],"tintindex":0,"texture":"#0"},"down":{"uv":[6.625,9.75,6.5,10.0625],"tintindex":0,"texture":"#0"}},"rotation":{"angle":22.5,"axis":"z","origin":[7.54466,7.90876,8.06866]}}]}