{"textures":{"0":"bettermodel:item/ice_knight_iceknight_horsepet","1":"bettermodel:item/ice_knight_iceknight_ice","particle":"bettermodel:item/ice_knight_iceknight_horsepet"},"elements":[{"from":[7.7343173,7.3357935,-5.4606466],"to":[8.265682,8.6642065,5.963707],"faces":{"north":{"uv":[6.25,1.0,5.9375,0.875],"rotation":90.0,"tintindex":0,"texture":"#1"},"east":{"uv":[2.1875,2.6875,2.5,0.0],"rotation":90.0,"tintindex":0,"texture":"#1"},"south":{"uv":[6.0625,1.9375,5.75,2.0625],"rotation":90.0,"tintindex":0,"texture":"#1"},"west":{"uv":[1.875,2.6875,2.1875,0.0],"rotation":270.0,"tintindex":0,"texture":"#1"},"up":{"uv":[3.375,2.8125,3.25,5.5],"rotation":180.0,"tintindex":0,"texture":"#1"},"down":{"uv":[3.25,2.8125,3.125,5.5],"tintindex":0,"texture":"#1"}}},{"from":[7.735646,14.730943,-5.0621233],"to":[8.264355,16.590721,-3.202345],"faces":{"north":{"uv":[8.25,6.1875,7.8125,6.0625],"rotation":90.0,"tintindex":0,"texture":"#1"},"east":{"uv":[5.125,3.625,5.5625,3.1875],"rotation":90.0,"tintindex":0,"texture":"#1"},"south":{"uv":[5.6875,4.0625,5.25,4.1875],"rotation":90.0,"tintindex":0,"texture":"#1"},"west":{"uv":[2.3125,5.5625,2.75,5.125],"rotation":270.0,"tintindex":0,"texture":"#1"},"up":{"uv":[1.125,7.9375,1.0,8.375],"rotation":180.0,"tintindex":0,"texture":"#1"},"down":{"uv":[6.9375,7.875,6.8125,8.3125],"tintindex":0,"texture":"#1"}},"rotation":{"angle":45.0,"axis":"x","origin":[8.001328,14.199577,-14.361017]}},{"from":[7.732989,0.47200966,3.7700052],"to":[8.267011,1.003375,4.3013706],"faces":{"north":{"uv":[8.125,7.375,8.0,7.25],"rotation":90.0,"tintindex":0,"texture":"#1"},"east":{"uv":[7.6875,5.25,7.8125,5.125],"rotation":90.0,"tintindex":0,"texture":"#1"},"south":{"uv":[8.0,5.0,7.875,5.125],"rotation":90.0,"tintindex":0,"texture":"#1"},"west":{"uv":[7.4375,5.4375,7.5625,5.3125],"rotation":270.0,"tintindex":0,"texture":"#1"},"up":{"uv":[5.5,7.6875,5.375,7.8125],"rotation":180.0,"tintindex":0,"texture":"#1"},"down":{"uv":[7.8125,1.125,7.6875,1.25],"tintindex":0,"texture":"#1"}},"rotation":{"angle":-45.0,"axis":"x","origin":[7.9986715,1.53474,-6.8573017]}},{"from":[7.732989,0.47200966,4.521467],"to":[8.267011,1.003375,5.0528326],"faces":{"north":{"uv":[8.8125,5.0,8.6875,4.875],"rotation":90.0,"tintindex":0,"texture":"#1"},"east":{"uv":[8.1875,1.125,8.3125,1.0],"rotation":90.0,"tintindex":0,"texture":"#1"},"south":{"uv":[4.875,8.6875,4.75,8.8125],"rotation":90.0,"tintindex":0,"texture":"#1"},"west":{"uv":[8.0625,4.0,8.1875,3.875],"rotation":270.0,"tintindex":0,"texture":"#1"},"up":{"uv":[8.8125,4.1875,8.6875,4.3125],"rotation":180.0,"tintindex":0,"texture":"#1"},"down":{"uv":[5.8125,8.125,5.6875,8.25],"tintindex":0,"texture":"#1"}},"rotation":{"angle":-45.0,"axis":"x","origin":[7.9986715,1.53474,-6.1058397]}},{"from":[7.732989,0.47200966,5.272932],"to":[8.267011,1.003375,5.8042974],"faces":{"north":{"uv":[8.8125,6.3125,8.6875,6.1875],"rotation":90.0,"tintindex":0,"texture":"#1"},"east":{"uv":[5.375,8.8125,5.5,8.6875],"rotation":90.0,"tintindex":0,"texture":"#1"},"south":{"uv":[6.25,8.6875,6.125,8.8125],"rotation":90.0,"tintindex":0,"texture":"#1"},"west":{"uv":[8.6875,5.3125,8.8125,5.1875],"rotation":270.0,"tintindex":0,"texture":"#1"},"up":{"uv":[8.8125,5.4375,8.6875,5.5625],"rotation":180.0,"tintindex":0,"texture":"#1"},"down":{"uv":[8.8125,5.3125,8.6875,5.4375],"tintindex":0,"texture":"#1"}},"rotation":{"angle":-45.0,"axis":"x","origin":[7.9986715,1.53474,-5.354375]}},{"from":[7.732989,14.996626,5.272932],"to":[8.267011,15.52799,5.8042974],"faces":{"north":{"uv":[8.8125,7.75,8.6875,7.625],"rotation":90.0,"tintindex":0,"texture":"#1"},"east":{"uv":[8.6875,7.375,8.8125,7.25],"rotation":90.0,"tintindex":0,"texture":"#1"},"south":{"uv":[8.8125,7.5,8.6875,7.625],"rotation":90.0,"tintindex":0,"texture":"#1"},"west":{"uv":[6.25,8.8125,6.375,8.6875],"rotation":270.0,"tintindex":0,"texture":"#1"},"up":{"uv":[8.8125,7.375,8.6875,7.5],"rotation":180.0,"tintindex":0,"texture":"#1"},"down":{"uv":[8.8125,6.3125,8.6875,6.4375],"tintindex":0,"texture":"#1"}},"rotation":{"angle":45.0,"axis":"x","origin":[7.9986715,14.46526,-5.354375]}},{"from":[7.732989,14.996626,4.521467],"to":[8.267011,15.52799,5.0528326],"faces":{"north":{"uv":[8.875,0.25,8.75,0.125],"rotation":90.0,"tintindex":0,"texture":"#1"},"east":{"uv":[8.6875,8.125,8.8125,8.0],"rotation":90.0,"tintindex":0,"texture":"#1"},"south":{"uv":[8.875,0.0,8.75,0.125],"rotation":90.0,"tintindex":0,"texture":"#1"},"west":{"uv":[7.75,8.8125,7.875,8.6875],"rotation":270.0,"tintindex":0,"texture":"#1"},"up":{"uv":[8.8125,8.125,8.6875,8.25],"rotation":180.0,"tintindex":0,"texture":"#1"},"down":{"uv":[8.0,8.6875,7.875,8.8125],"tintindex":0,"texture":"#1"}},"rotation":{"angle":45.0,"axis":"x","origin":[7.9986715,14.46526,-6.1058397]}},{"from":[7.732989,14.996626,3.7700052],"to":[8.267011,15.52799,4.3013706],"faces":{"north":{"uv":[1.375,8.875,1.25,8.75],"rotation":90.0,"tintindex":0,"texture":"#1"},"east":{"uv":[0.625,8.875,0.75,8.75],"rotation":90.0,"tintindex":0,"texture":"#1"},"south":{"uv":[8.875,0.8125,8.75,0.9375],"rotation":90.0,"tintindex":0,"texture":"#1"},"west":{"uv":[8.75,0.375,8.875,0.25],"rotation":270.0,"tintindex":0,"texture":"#1"},"up":{"uv":[0.875,8.75,0.75,8.875],"rotation":180.0,"tintindex":0,"texture":"#1"},"down":{"uv":[8.875,0.375,8.75,0.5],"tintindex":0,"texture":"#1"}},"rotation":{"angle":45.0,"axis":"x","origin":[7.9986715,14.46526,-6.8573017]}},{"from":[7.732989,10.656827,4.343043],"to":[8.267011,11.586717,6.734187],"faces":{"north":{"uv":[5.21875,8.75,5.0,8.625],"rotation":90.0,"tintindex":0,"texture":"#1"},"east":{"uv":[1.4375,7.125,1.65625,6.5625],"rotation":90.0,"tintindex":0,"texture":"#1"},"south":{"uv":[8.84375,1.8125,8.625,1.9375],"rotation":90.0,"tintindex":0,"texture":"#1"},"west":{"uv":[6.5625,1.9375,6.78125,1.375],"rotation":270.0,"tintindex":0,"texture":"#1"},"up":{"uv":[2.5,7.4375,2.375,8.0],"rotation":180.0,"tintindex":0,"texture":"#1"},"down":{"uv":[1.375,4.3125,1.25,4.875],"tintindex":0,"texture":"#1"}},"rotation":{"angle":22.5,"axis":"x","origin":[7.9986715,10.92251,-4.424485]}},{"from":[7.732989,4.4132843,4.343043],"to":[8.267011,5.343174,6.734187],"faces":{"north":{"uv":[8.84375,5.8125,8.625,5.6875],"rotation":90.0,"tintindex":0,"texture":"#1"},"east":{"uv":[6.5625,3.0625,6.78125,2.5],"rotation":90.0,"tintindex":0,"texture":"#1"},"south":{"uv":[8.84375,5.5625,8.625,5.6875],"rotation":90.0,"tintindex":0,"texture":"#1"},"west":{"uv":[2.25,7.125,2.46875,6.5625],"rotation":270.0,"tintindex":0,"texture":"#1"},"up":{"uv":[0.125,7.5625,0.0,8.125],"rotation":180.0,"tintindex":0,"texture":"#1"},"down":{"uv":[3.6875,7.4375,3.5625,8.0],"tintindex":0,"texture":"#1"}},"rotation":{"angle":-22.5,"axis":"x","origin":[7.9986715,5.077491,-4.424485]}},{"from":[7.707749,8.132841,5.830866],"to":[8.292251,9.461254,6.8935966],"faces":{"north":{"uv":[8.625,1.375,8.3125,1.25],"rotation":90.0,"tintindex":0,"texture":"#1"},"east":{"uv":[0.9375,7.625,1.25,7.375],"rotation":90.0,"tintindex":0,"texture":"#1"},"south":{"uv":[7.625,0.5625,7.3125,0.6875],"rotation":90.0,"tintindex":0,"texture":"#1"},"west":{"uv":[6.8125,7.5625,7.125,7.3125],"rotation":270.0,"tintindex":0,"texture":"#1"},"up":{"uv":[7.1875,8.5,7.0625,8.75],"rotation":180.0,"tintindex":0,"texture":"#1"},"down":{"uv":[8.625,5.9375,8.5,6.1875],"tintindex":0,"texture":"#1"}},"rotation":{"angle":22.5,"axis":"x","origin":[8.265682,8.797048,6.2293897]}},{"from":[7.721033,8.92989,6.0965486],"to":[8.278967,10.258303,6.654482],"faces":{"north":{"uv":[8.6875,4.875,8.375,4.75],"rotation":90.0,"tintindex":0,"texture":"#1"},"east":{"uv":[3.6875,8.5,4.0,8.375],"rotation":90.0,"tintindex":0,"texture":"#1"},"south":{"uv":[8.6875,4.625,8.375,4.75],"rotation":90.0,"tintindex":0,"texture":"#1"},"west":{"uv":[8.3125,2.0,8.625,1.875],"rotation":270.0,"tintindex":0,"texture":"#1"},"up":{"uv":[8.875,1.375,8.75,1.5],"rotation":180.0,"tintindex":0,"texture":"#1"},"down":{"uv":[1.5,8.75,1.375,8.875],"tintindex":0,"texture":"#1"}},"rotation":{"angle":-22.5,"axis":"x",