{"textures":{"0":"bettermodel:item/ice_knight_iceknight_horsepet","1":"bettermodel:item/ice_knight_iceknight_ice","particle":"bettermodel:item/ice_knight_iceknight_horsepet"},"elements":[{"from":[5.79228,6.757469,6.16823],"to":[7.5699406,7.7834396,8.56511],"faces":{"north":{"uv":[5.5,4.9375,5.625,5.0],"tintindex":0,"texture":"#1"},"east":{"uv":[1.875,5.875,2.03125,5.9375],"tintindex":0,"texture":"#1"},"south":{"uv":[2.625,5.5625,2.75,5.625],"tintindex":0,"texture":"#1"},"west":{"uv":[6.8125,2.25,6.96875,2.3125],"tintindex":0,"texture":"#1"},"up":{"uv":[4.0625,3.84375,3.9375,3.6875],"tintindex":0,"texture":"#1"},"down":{"uv":[5.75,1.0,5.625,1.15625],"tintindex":0,"texture":"#1"}},"rotation":{"angle":-22.5,"axis":"z","origin":[5.94359,7.0909195,7.51823]}},{"from":[6.1922803,4.757469,6.5682297],"to":[7.5699406,8.083441,10.06511],"faces":{"north":{"uv":[8.0,8.625,8.09375,8.84375],"tintindex":0,"texture":"#1"},"east":{"uv":[5.9375,8.125,6.15625,8.34375],"tintindex":0,"texture":"#1"},"south":{"uv":[1.0,8.6875,1.09375,8.90625],"tintindex":0,"texture":"#1"},"west":{"uv":[8.125,6.1875,8.34375,6.40625],"tintindex":0,"texture":"#1"},"up":{"uv":[1.78125,8.90625,1.6875,8.6875],"tintindex":0,"texture":"#1"},"down":{"uv":[2.21875,8.6875,2.125,8.90625],"tintindex":0,"texture":"#1"}},"rotation":{"angle":-22.5,"axis":"z","origin":[5.94359,7.0909195,7.51823]}},{"from":[6.55317,4.3127193,6.56667],"to":[9.55317,7.9127197,10.066669],"faces":{"north":{"uv":[8.3125,1.0,8.5,1.21875],"tintindex":0,"texture":"#1"},"east":{"uv":[7.0625,8.125,7.28125,8.34375],"tintindex":0,"texture":"#1"},"south":{"uv":[1.125,8.3125,1.3125,8.53125],"tintindex":0,"texture":"#1"},"west":{"uv":[8.125,7.25,8.34375,7.46875],"tintindex":0,"texture":"#1"},"up":{"uv":[8.5,1.84375,8.3125,1.625],"tintindex":0,"texture":"#1"},"down":{"uv":[8.5,3.625,8.3125,3.84375],"tintindex":0,"texture":"#1"}}}]}