{"textures":{"0":"bettermodel:item/ice_knight_iceknight_horsepet","1":"bettermodel:item/ice_knight_iceknight_ice","particle":"bettermodel:item/ice_knight_iceknight_horsepet"},"elements":[{"from":[4.106594,-1.2422628,3.7317958],"to":[7.795084,11.114179,12.030897],"faces":{"north":{"uv":[8.75,8.9375,9.09375,10.0625],"tintindex":0,"texture":"#0"},"east":{"uv":[4.375,7.4375,5.125,8.5625],"tintindex":0,"texture":"#0"},"south":{"uv":[0.0,9.0625,0.34375,10.1875],"tintindex":0,"texture":"#0"},"west":{"uv":[7.625,3.5,8.375,4.625],"tintindex":0,"texture":"#0"},"up":{"uv":[9.90625,1.4375,9.5625,0.6875],"tintindex":0,"texture":"#0"},"down":{"uv":[2.46875,9.5625,2.125,10.3125],"tintindex":0,"texture":"#0"}},"rotation":{"angle":22.5,"axis":"x","origin":[5.950839,4.935957,7.8813467]}},{"from":[4.34207,12.207344,3.7364068],"to":[7.7497907,13.618868,12.026287],"faces":{"north":{"uv":[5.125,7.8125,5.4375,7.9375],"tintindex":0,"texture":"#0"},"east":{"uv":[7.625,6.875,8.375,7.0],"tintindex":0,"texture":"#0"},"south":{"uv":[9.5625,3.375,9.875,3.5],"tintindex":0,"texture":"#0"},"west":{"uv":[9.0625,6.9375,9.8125,7.0625],"tintindex":0,"texture":"#0"},"up":{"uv":[7.625,4.25,7.3125,3.5],"tintindex":0,"texture":"#0"},"down":{"uv":[9.4375,9.8125,9.125,10.5625],"tintindex":0,"texture":"#0"}},"rotation":{"angle":22.5,"axis":"z","origin":[10.52029,11.774623,7.8859577]}},{"from":[4.75208,-8.0,6.380794],"to":[7.149598,-0.43859482,10.438133],"faces":{"north":{"uv":[1.0,10.375,1.21875,11.0625],"tintindex":0,"texture":"#0"},"east":{"uv":[9.5625,2.6875,9.9375,3.375],"tintindex":0,"texture":"#0"},"south":{"uv":[1.625,10.375,1.84375,11.0625],"tintindex":0,"texture":"#0"},"west":{"uv":[9.625,0.0,10.0,0.6875],"tintindex":0,"texture":"#0"},"up":{"uv":[7.03125,11.0,6.8125,10.625],"tintindex":0,"texture":"#0"},"down":{"uv":[10.84375,10.4375,10.625,10.8125],"tintindex":0,"texture":"#0"}},"rotation":{"angle":-45.0,"axis":"x","origin":[29.488937,-0.991869,7.0262794]}}]}