{"textures":{"0":"bettermodel:item/ice_knight_minion_shield_iceknight_knightshield","particle":"bettermodel:item/ice_knight_minion_shield_iceknight_knightshield"},"elements":[{"from":[6.88931,6.456771,5.93003],"to":[10.08931,7.987501,10.62555],"faces":{"north":{"uv":[10.875,4.75,11.25,4.9375],"tintindex":0,"texture":"#0"},"east":{"uv":[10.5,8.25,11.0625,8.4375],"tintindex":0,"texture":"#0"},"south":{"uv":[10.875,5.25,11.25,5.4375],"tintindex":0,"texture":"#0"},"west":{"uv":[10.625,3.5,11.1875,3.6875],"tintindex":0,"texture":"#0"},"up":{"uv":[6.25,9.6875,5.875,9.125],"tintindex":0,"texture":"#0"},"down":{"uv":[0.375,9.375,0.0,9.9375],"tintindex":0,"texture":"#0"}},"rotation":{"angle":-22.5,"axis":"x","origin":[8.455339,7.90876,8.06866]}},{"from":[6.88431,1.3630905,6.06269],"to":[10.09431,7.1630898,10.06269],"faces":{"north":{"uv":[4.25,0.0,4.625,0.75],"tintindex":0,"texture":"#0"},"east":{"uv":[4.75,7.25,5.25,8.0],"tintindex":0,"texture":"#0"},"south":{"uv":[4.25,0.75,4.625,1.5],"tintindex":0,"texture":"#0"},"west":{"uv":[0.0,7.375,0.5,8.125],"tintindex":0,"texture":"#0"},"up":{"uv":[2.75,10.125,2.375,9.625],"tintindex":0,"texture":"#0"},"down":{"uv":[3.125,9.625,2.75,10.125],"tintindex":0,"texture":"#0"}}},{"from":[7.91825,3.0547504,5.4626904],"to":[9.11825,4.9647503,8.16269],"faces":{"north":{"uv":[6.375,11.0,6.5,11.25],"tintindex":0,"texture":"#0"},"east":{"uv":[10.75,8.5,11.0625,8.75],"tintindex":0,"texture":"#0"},"south":{"uv":[6.5,11.0,6.625,11.25],"tintindex":0,"texture":"#0"},"west":{"uv":[10.0,10.75,10.3125,11.0],"tintindex":0,"texture":"#0"},"up":{"uv":[5.125,8.9375,5.0,8.625],"tintindex":0,"texture":"#0"},"down":{"uv":[5.0,9.25,4.875,9.5625],"tintindex":0,"texture":"#0"}},"rotation":{"angle":-22.5,"axis":"z","origin":[8.455339,7.90876,8.06866]}}]}