{"textures":{"0":"bettermodel:item/ice_knight_iceknight_horsepet","1":"bettermodel:item/ice_knight_iceknight_ice","particle":"bettermodel:item/ice_knight_iceknight_horsepet"},"elements":[{"from":[5.005,-2.9848804,6.86065],"to":[10.995,3.8151188,12.06065],"faces":{"north":{"uv":[5.6875,4.0625,6.0625,4.5],"tintindex":0,"texture":"#1"},"east":{"uv":[4.5,6.125,4.8125,6.5625],"tintindex":0,"texture":"#1"},"south":{"uv":[5.6875,4.5,6.0625,4.9375],"tintindex":0,"texture":"#1"},"west":{"uv":[1.125,6.25,1.4375,6.6875],"tintindex":0,"texture":"#1"},"up":{"uv":[7.125,5.5625,6.75,5.25],"tintindex":0,"texture":"#1"},"down":{"uv":[7.125,5.5625,6.75,5.875],"tintindex":0,"texture":"#1"}},"rotation":{"angle":-22.5,"axis":"x","origin":[7.995,0.51511955,13.36065]}},{"from":[5.0025,-1.6131706,4.02647],"to":[10.997499,4.7941,6.6434603],"faces":{"north":{"uv":[5.9375,3.0625,6.3125,3.46875],"tintindex":0,"texture":"#1"},"east":{"uv":[7.625,5.3125,7.78125,5.71875],"tintindex":0,"texture":"#1"},"south":{"uv":[5.875,5.9375,6.25,6.34375],"tintindex":0,"texture":"#1"},"west":{"uv":[7.625,5.75,7.78125,6.15625],"tintindex":0,"texture":"#1"},"up":{"uv":[8.25,6.96875,7.875,6.8125],"tintindex":0,"texture":"#1"},"down":{"uv":[7.75,7.875,7.375,8.03125],"tintindex":0,"texture":"#1"}},"rotation":{"angle":22.5,"axis":"x","origin":[7.9975,1.2940998,10.52647]}},{"from":[5.0,-5.9848804,5.86065],"to":[11.0,7.0151196,10.86065],"faces":{"north":{"uv":[3.75,0.8125,4.125,1.625],"tintindex":0,"texture":"#1"},"east":{"uv":[4.4375,0.0,4.75,0.8125],"tintindex":0,"texture":"#1"},"south":{"uv":[3.75,1.625,4.125,2.4375],"tintindex":0,"texture":"#1"},"west":{"uv":[4.4375,0.8125,4.75,1.625],"tintindex":0,"texture":"#1"},"up":{"uv":[7.1875,0.3125,6.8125,0.0],"tintindex":0,"texture":"#1"},"down":{"uv":[7.1875,0.8125,6.8125,1.125],"tintindex":0,"texture":"#1"}}}]}