{"textures":{"0":"bettermodel:item/ice_knight_minion_spear_iceknight_iceknightspear","particle":"bettermodel:item/ice_knight_minion_spear_iceknight_iceknightspear"},"elements":[{"from":[6.3445,3.8002396,7.18024],"to":[9.6555,8.97024,10.48024],"faces":{"north":{"uv":[6.875,2.5,7.3125,3.125],"tintindex":0,"texture":"#0"},"east":{"uv":[2.625,6.875,3.0625,7.5],"tintindex":0,"texture":"#0"},"south":{"uv":[3.125,6.875,3.5625,7.5],"tintindex":0,"texture":"#0"},"west":{"uv":[6.875,3.125,7.3125,3.75],"tintindex":0,"texture":"#0"},"up":{"uv":[4.0625,8.3125,3.625,7.875],"tintindex":0,"texture":"#0"},"down":{"uv":[8.3125,7.125,7.875,7.5625],"tintindex":0,"texture":"#0"}}},{"from":[6.35,2.5391498,7.23133],"to":[9.65,4.9825993,10.22478],"faces":{"north":{"uv":[6.375,8.75,6.8125,9.0625],"tintindex":0,"texture":"#0"},"east":{"uv":[9.0,0.375,9.375,0.6875],"tintindex":0,"texture":"#0"},"south":{"uv":[8.125,8.75,8.5625,9.0625],"tintindex":0,"texture":"#0"},"west":{"uv":[9.0,6.625,9.375,6.9375],"tintindex":0,"texture":"#0"},"up":{"uv":[8.8125,4.75,8.375,4.375],"tintindex":0,"texture":"#0"},"down":{"uv":[8.8125,4.75,8.375,5.125],"tintindex":0,"texture":"#0"}},"rotation":{"angle":-45.0,"axis":"x","origin":[8.0,3.4780598,8.83024]}}]}