{"textures":{"0":"bettermodel:item/ice_knight_minion_shield_iceknight_knightshield","particle":"bettermodel:item/ice_knight_minion_shield_iceknight_knightshield"},"elements":[{"from":[6.3445,3.8002396,7.18024],"to":[9.6555,8.97024,10.48024],"faces":{"north":{"uv":[8.125,1.375,8.5625,2.0],"tintindex":0,"texture":"#0"},"east":{"uv":[1.5,8.125,1.9375,8.75],"tintindex":0,"texture":"#0"},"south":{"uv":[2.75,8.125,3.1875,8.75],"tintindex":0,"texture":"#0"},"west":{"uv":[8.125,2.875,8.5625,3.5],"tintindex":0,"texture":"#0"},"up":{"uv":[9.1875,9.9375,8.75,9.5],"tintindex":0,"texture":"#0"},"down":{"uv":[0.8125,9.625,0.375,10.0625],"tintindex":0,"texture":"#0"}}},{"from":[6.35,2.5391498,7.23133],"to":[9.65,4.9825993,10.22478],"faces":{"north":{"uv":[10.375,4.75,10.8125,5.0625],"tintindex":0,"texture":"#0"},"east":{"uv":[5.375,10.5,5.75,10.8125],"tintindex":0,"texture":"#0"},"south":{"uv":[6.125,10.375,6.5625,10.6875],"tintindex":0,"texture":"#0"},"west":{"uv":[5.75,10.5,6.125,10.8125],"tintindex":0,"texture":"#0"},"up":{"uv":[10.3125,4.75,9.875,4.375],"tintindex":0,"texture":"#0"},"down":{"uv":[1.8125,10.0,1.375,10.375],"tintindex":0,"texture":"#0"}},"rotation":{"angle":-45.0,"axis":"x","origin":[8.0,3.4780598,8.83024]}}]}