{"textures":{"0":"bettermodel:item/ice_knight_iceknight_horsepet","1":"bettermodel:item/ice_knight_iceknight_ice","particle":"bettermodel:item/ice_knight_iceknight_horsepet"},"elements":[{"from":[8.204916,-1.2422628,3.7317958],"to":[11.893406,11.114179,12.030897],"faces":{"north":{"uv":[0.375,9.0625,0.71875,10.1875],"tintindex":0,"texture":"#0"},"east":{"uv":[7.625,4.625,8.375,5.75],"tintindex":0,"texture":"#0"},"south":{"uv":[9.0625,5.1875,9.40625,6.3125],"tintindex":0,"texture":"#0"},"west":{"uv":[7.625,5.75,8.375,6.875],"tintindex":0,"texture":"#0"},"up":{"uv":[1.34375,10.375,1.0,9.625],"tintindex":0,"texture":"#0"},"down":{"uv":[4.71875,9.625,4.375,10.375],"tintindex":0,"texture":"#0"}},"rotation":{"angle":22.5,"axis":"x","origin":[10.049161,4.935957,7.8813467]}},{"from":[8.25021,12.207344,3.7364068],"to":[11.65793,13.618868,12.026287],"faces":{"north":{"uv":[9.875,8.8125,10.1875,8.9375],"tintindex":0,"texture":"#0"},"east":{"uv":[9.4375,6.1875,10.1875,6.3125],"tintindex":0,"texture":"#0"},"south":{"uv":[10.375,5.6875,10.6875,5.8125],"tintindex":0,"texture":"#0"},"west":{"uv":[10.375,5.5625,11.125,5.6875],"tintindex":0,"texture":"#0"},"up":{"uv":[10.1875,7.6875,9.875,6.9375],"tintindex":0,"texture":"#0"},"down":{"uv":[10.25,0.6875,9.9375,1.4375],"tintindex":0,"texture":"#0"}},"rotation":{"angle":-22.5,"axis":"z","origin":[5.4797096,11.774623,7.8859577]}},{"from":[8.850402,-8.0,6.380794],"to":[11.24792,-0.43859482,10.438133],"faces":{"north":{"uv":[1.875,10.375,2.09375,11.0625],"tintindex":0,"texture":"#0"},"east":{"uv":[9.6875,9.25,10.0625,9.9375],"tintindex":0,"texture":"#0"},"south":{"uv":[2.75,10.375,2.96875,11.0625],"tintindex":0,"texture":"#0"},"west":{"uv":[6.0625,9.8125,6.4375,10.5],"tintindex":0,"texture":"#0"},"up":{"uv":[1.59375,11.0625,1.375,10.6875],"tintindex":0,"texture":"#0"},"down":{"uv":[3.21875,10.6875,3.0,11.0625],"tintindex":0,"texture":"#0"}},"rotation":{"angle":-45.0,"axis":"x","origin":[-13.488937,-0.991869,7.0262794]}}]}