{"textures":{"0":"bettermodel:item/ice_knight_minion_shield_iceknight_knightshield","particle":"bettermodel:item/ice_knight_minion_shield_iceknight_knightshield"},"elements":[{"from":[3.4200401,-0.76955986,-2.4934702],"to":[5.42004,8.23044,18.50653],"faces":{"north":{"uv":[2.75,8.75,2.5,7.625],"rotation":180.0,"tintindex":0,"texture":"#0"},"east":{"uv":[0.0,0.0,1.125,2.625],"rotation":90.0,"tintindex":0,"texture":"#0"},"south":{"uv":[4.375,7.75,4.125,8.875],"tintindex":0,"texture":"#0"},"west":{"uv":[1.125,0.0,2.25,2.625],"rotation":270.0,"tintindex":0,"texture":"#0"},"up":{"uv":[3.125,4.25,3.375,6.875],"tintindex":0,"texture":"#0"},"down":{"uv":[2.875,4.25,3.125,6.875],"rotation":180.0,"tintindex":0,"texture":"#0"}},"rotation":{"angle":22.5,"axis":"z","origin":[4.42004,10.23044,20.50653]}},{"from":[6.5555296,-0.9464102,-2.8934698],"to":[9.65553,1.7535896,2.0065298],"faces":{"north":{"uv":[8.0,10.8125,7.625,10.5],"rotation":180.0,"tintindex":0,"texture":"#0"},"east":{"uv":[9.5,2.875,9.8125,3.5],"rotation":90.0,"tintindex":0,"texture":"#0"},"south":{"uv":[10.875,7.875,10.5,8.1875],"tintindex":0,"texture":"#0"},"west":{"uv":[3.25,9.5,3.5625,10.125],"rotation":270.0,"tintindex":0,"texture":"#0"},"up":{"uv":[7.0,8.875,7.375,9.5],"tintindex":0,"texture":"#0"},"down":{"uv":[4.0,8.875,4.375,9.5],"rotation":180.0,"tintindex":0,"texture":"#0"}},"rotation":{"angle":22.5,"axis":"z","origin":[8.055531,1.4535899,-0.5934696]}},{"from":[6.26676,-0.9964199,6.65653],"to":[9.56676,7.70358,9.35653],"faces":{"north":{"uv":[2.6875,6.4375,2.25,5.375],"rotation":180.0,"tintindex":0,"texture":"#0"},"east":{"uv":[7.5,4.25,8.5625,4.5625],"rotation":90.0,"tintindex":0,"texture":"#0"},"south":{"uv":[4.8125,6.125,4.375,7.1875],"tintindex":0,"texture":"#0"},"west":{"uv":[7.5,4.625,8.5625,4.9375],"rotation":270.0,"tintindex":0,"texture":"#0"},"up":{"uv":[9.75,10.375,10.1875,10.6875],"tintindex":0,"texture":"#0"},"down":{"uv":[10.375,8.875,10.8125,9.1875],"rotation":180.0,"tintindex":0,"texture":"#0"}},"rotation":{"angle":22.5,"axis":"z","origin":[7.76676,1.4035802,0.9565301]}},{"from":[6.26676,8.29642,6.65653],"to":[9.56676,16.99642,9.35653],"faces":{"north":{"uv":[2.6875,7.5625,2.25,6.5],"rotation":180.0,"tintindex":0,"texture":"#0"},"east":{"uv":[6.125,7.625,7.1875,7.9375],"rotation":90.0,"tintindex":0,"texture":"#0"},"south":{"uv":[6.9375,4.0,6.5,5.0625],"tintindex":0,"texture":"#0"},"west":{"uv":[7.75,0.0,8.8125,0.3125],"rotation":270.0,"tintindex":0,"texture":"#0"},"up":{"uv":[0.25,10.5,0.6875,10.8125],"tintindex":0,"texture":"#0"},"down":{"uv":[10.25,10.375,10.6875,10.6875],"rotation":180.0,"tintindex":0,"texture":"#0"}},"rotation":{"angle":-22.5,"axis":"z","origin":[7.76676,14.59642,0.9565301]}},{"from":[6.5555296,-0.9464102,14.00653],"to":[9.65553,1.7535896,18.90653],"faces":{"north":{"uv":[8.375,10.8125,8.0,10.5],"rotation":180.0,"tintindex":0,"texture":"#0"},"east":{"uv":[9.5,3.5,9.8125,4.125],"rotation":90.0,"tintindex":0,"texture":"#0"},"south":{"uv":[8.75,10.5,8.375,10.8125],"tintindex":0,"texture":"#0"},"west":{"uv":[3.625,9.5,3.9375,10.125],"rotation":270.0,"tintindex":0,"texture":"#0"},"up":{"uv":[7.75,8.875,8.125,9.5],"tintindex":0,"texture":"#0"},"down":{"uv":[7.375,8.875,7.75,9.5],"rotation":180.0,"tintindex":0,"texture":"#0"}},"rotation":{"angle":22.5,"axis":"z","origin":[8.055531,1.4535899,16.60653]}},{"from":[5.6753597,-4.8214903,-2.8934698],"to":[8.77536,-1.1214905,2.0065298],"faces":{"north":{"uv":[2.25,10.4375,1.875,10.0],"rotation":180.0,"tintindex":0,"texture":"#0"},"east":{"uv":[7.5,8.25,7.9375,8.875],"rotation":90.0,"tintindex":0,"texture":"#0"},"south":{"uv":[10.375,4.75,10.0,5.1875],"tintindex":0,"texture":"#0"},"west":{"uv":[8.0,8.25,8.4375,8.875],"rotation":270.0,"tintindex":0,"texture":"#0"},"up":{"uv":[1.125,9.0,1.5,9.625],"tintindex":0,"texture":"#0"},"down":{"uv":[0.75,9.0,1.125,9.625],"rotation":180.0,"tintindex":0,"texture":"#0"}},"rotation":{"angle":22.5,"axis":"z","origin":[7.1753597,3.5785103,-0.5934696]}},{"from":[5.6753597,17.12149,-2.8934698],"to":[8.77536,20.82149,2.0065298],"faces":{"north":{"uv":[5.75,10.4375,5.375,10.0],"rotation":180.0,"tintindex":0,"texture":"#0"},"east":{"uv":[0.5,8.375,0.9375,9.0],"rotation":90.0,"tintindex":0,"texture":"#0"},"south":{"uv":[8.125,10.0,7.75,10.4375],"tintindex":0,"texture":"#0"},"west":{"uv":[1.0,8.375,1.4375,9.0],"rotation":270.0,"tintindex":0,"texture":"#0"},"up":{"uv":[5.0,9.0,5.375,9.625],"tintindex":0,"texture":"#0"},"down":{"uv":[1.875,9.0,2.25,9.625],"rotation":180.0,"tintindex":0,"texture":"#0"}},"rotation":{"angle":-22.5,"axis":"z","origin":[7.1753597,12.42149,-0.5934696]}},{"from":[5.6753597,-4.8214903,14.00653],"to":[8.77536,-1.1214905,18.90653],"faces":{"north":{"uv":[8.5,10.4375,8.125,10.0],"rotation":180.0,"tintindex":0,"texture":"#0"},"east":{"uv":[2.0,8.375,2.4375,9.0],"rotation":90.0,"tintindex":0,"texture":"#0"},"south":{"uv":[8.875,10.0,8.5,10.4375],"tintindex":0,"texture":"#0"},"west":{"uv":[5.125,8.375,5.5625,9.0],"rotation":270.0,"tintindex":0,"texture":"#0"},"up":{"uv":[6.625,9.0,7.0,9.625],"tintindex":0,"texture":"#0"},"down":{"uv":[6.25,9.0,6.625,9.625],"rotation":180.0,"tintindex":0,"texture":"#0"}},"rotation":{"angle":22.5,"axis":"z","origin":[7.1753597,3.5785103,16.30653]}},{"from":[5.6753597,17.12149,14.00653],"to":[8.77536,20.82149,18.90653],"faces":{"north":{"uv":[9.25,10.4375,8.875,10.0],"rotation":180.0,"tintindex":0,"texture":"#0"},"east":{"uv":[8.5,8.25,8.9375,8.875],"rotation":90.0,"tintindex":0,"texture":"#0"},"south":{"uv":[10.375,8.875,10.0,9.3125],"tintindex":0,"texture":"#0"},"west":{"uv":[8.625,0.375,9.0625,1.0],"rotation":270.0,"tintindex":0,"texture":"#0"},"up":{"uv":[9.125,0.0,9.5,0.625],"tintindex":0,"texture":"#0"},"down":{"uv":[9.0,7.875,9.375,8.5],"rotation":180.0,"tintindex":0,"texture":"#0"}},"rotation":{"angle":-22.5,"axis":"z","origin":[7.1753597,12.42149,16.30653]}},{"from":[6.5555296,14.24641,14.00653],"to":[9.65553,16.94641,18.90653],"faces":{"north":{"uv":[10.875,9.9375,10.5,9.625],"rotation":180.0,"tintindex":0,"texture":"#0"},"east":{"uv":[7.0,9.5,7.3125,10.125],"rotation":90.0,"tintindex":0,"texture":"#0"},"south":{"uv":[11.0,0.0,10.625,0.3125],"tintindex":0,"texture":"#0"},"west":{"uv":[7.375,9.5,7.6875,10.125],"rotation":270.0,"tintindex":0,"texture":"#0"},"up":{"uv":[0.375,9.0,0.75,9.625],"tintindex":0,"texture":"#0"},"down":{"uv":[8.875,8.875,9.25,9.5],"rotation":180.0,"tintindex":0,"texture":"#0"}},"rotation":{"angle":-22.5,"axis":"z","origin":[8.055531,14.54641,16.60653]}},{"from":[6.5555296,14.24641,-2.8934698],"to":[9.65553,16.94641,2.0065298],"faces":{"north":{"uv":[9.125,10.8125,8.75,10.5],"rotation":180.0,"tintindex":0,"texture":"#0"},"east":{"uv":[4.0,9.5,4.3125,10.125],"rotation":90.0,"tintindex":0,"texture":"#0"},"south":{"uv":[10.875,9.25,10.5,9.5625],"tintindex":0,"texture":"#0"},"west":{"uv":[9.5,4.125,9.8125,4.75],"rotation":270.0,"tintindex":0,"texture":"#0"},"up":{"uv":[8.5,8.875,8.875,9.5],"tintindex":0,"texture":"#0"},"down":{"uv":[8.125,8.875,8.5,9.5],"rotation":180.0,"tintindex":0,"texture":"#0"}},"rotation":{"angle":-22.5,"axis":"z","origin":[8.055531,14.54641,-0.5934696]}},{"from":[3.9700403,6.6499996,-2.8934698],"to":[7.47004,9.35,19.00653],"faces":{"north":{"uv":[7.0625,10.6875,6.625,10.375],"rotation":180.0,"tintindex":0,"texture":"#0"},"east":{"uv":[2.125,2.625,2.4375,5.375],"rotation":90.0,"tintindex":0,"texture":"#0"},"south":{"uv":[7.5625,10.375,7.125,10.6875],"tintindex":0,"texture":"#0"},"west":{"uv":[2.5,2.625,2.8125,5.375],"rotation":270.0,"tintindex":0,"texture":"#0"},"up":{"uv":[1.625,2.625,2.0625,5.375],"tintindex":0,"texture":"#0"},"down":{"uv":[1.125,2.625,1.5625,5.375],"rotation":180.0,"tintindex":0,"texture":"#0"}}},{"from":[3.4650402,6.5792904,5.87074],"to":[6.97504,11.57929,10.87074],"faces":{"north":{"uv":[3.6875,8.875,3.25,8.25],"rotation":180.0,"tintindex":0,"texture":"#0"},"east":{"uv":[6.125,7.0,6.75,7.625],"rotation":90.0,"tintindex":0,"texture":"#0"},