{"textures":{"0":"bettermodel:item/ice_knight_iceknight_horsepet","1":"bettermodel:item/ice_knight_iceknight_ice","particle":"bettermodel:item/ice_knight_iceknight_horsepet"},"elements":[{"from":[5.5,-0.5,6.1],"to":[10.5,8.5,10.1],"faces":{"north":{"uv":[0.0,5.5,0.3125,6.0625],"tintindex":0,"texture":"#1"},"east":{"uv":[1.4375,6.0,1.6875,6.5625],"tintindex":0,"texture":"#1"},"south":{"uv":[3.125,5.5,3.4375,6.0625],"tintindex":0,"texture":"#1"},"west":{"uv":[4.0,6.0,4.25,6.5625],"tintindex":0,"texture":"#1"},"up":{"uv":[2.8125,7.625,2.5,7.375],"tintindex":0,"texture":"#1"},"down":{"uv":[7.6875,3.5,7.375,3.75],"tintindex":0,"texture":"#1"}}},{"from":[4.9020395,9.23727,6.105],"to":[9.52143,11.150681,10.095],"faces":{"north":{"uv":[8.5,1.125,8.78125,1.25],"tintindex":0,"texture":"#1"},"east":{"uv":[7.375,6.125,7.625,6.25],"tintindex":0,"texture":"#1"},"south":{"uv":[8.5,2.75,8.78125,2.875],"tintindex":0,"texture":"#1"},"west":{"uv":[8.5,6.5625,8.75,6.6875],"tintindex":0,"texture":"#1"},"up":{"uv":[7.84375,0.5,7.5625,0.25],"tintindex":0,"texture":"#1"},"down":{"uv":[7.84375,2.0,7.5625,2.25],"tintindex":0,"texture":"#1"}},"rotation":{"angle":22.5,"axis":"z","origin":[11.86396,11.32843,8.105]}},{"from":[5.505,-0.15745926,8.37792],"to":[10.495,8.157459,11.82208],"faces":{"north":{"uv":[4.5,5.5625,4.8125,6.09375],"tintindex":0,"texture":"#1"},"east":{"uv":[1.6875,6.8125,1.90625,7.34375],"tintindex":0,"texture":"#1"},"south":{"uv":[5.625,0.4375,5.9375,0.96875],"tintindex":0,"texture":"#1"},"west":{"uv":[6.8125,1.6875,7.03125,2.21875],"tintindex":0,"texture":"#1"},"up":{"uv":[2.8125,7.84375,2.5,7.625],"tintindex":0,"texture":"#1"},"down":{"uv":[4.0,7.625,3.6875,7.84375],"tintindex":0,"texture":"#1"}},"rotation":{"angle":22.5,"axis":"x","origin":[7.995,4.0,10.1]}},{"from":[5.94975,-4.4142113,6.105],"to":[9.48528,-0.8786812,10.095],"faces":{"north":{"uv":[8.125,7.5,8.34375,7.71875],"tintindex":0,"texture":"#1"},"east":{"uv":[4.125,7.9375,4.375,8.15625],"tintindex":0,"texture":"#1"},"south":{"uv":[7.75,8.125,7.96875,8.34375],"tintindex":0,"texture":"#1"},"west":{"uv":[2.1875,8.0,2.4375,8.21875],"tintindex":0,"texture":"#1"},"up":{"uv":[8.21875,3.375,8.0,3.125],"tintindex":0,"texture":"#1"},"down":{"uv":[8.21875,5.0,8.0,5.25],"tintindex":0,"texture":"#1"}},"rotation":{"angle":-45.0,"axis":"z","origin":[10.44975,-1.9142113,8.605]}}]}