{"textures":{"0":"bettermodel:item/ice_knight_iceknight_horsepet","1":"bettermodel:item/ice_knight_iceknight_ice","particle":"bettermodel:item/ice_knight_iceknight_horsepet"},"elements":[{"from":[5.5,-0.5,6.1],"to":[10.5,8.5,10.1],"faces":{"north":{"uv":[0.9375,5.4375,1.25,6.0],"tintindex":0,"texture":"#1"},"east":{"uv":[3.75,5.5,4.0,6.0625],"tintindex":0,"texture":"#1"},"south":{"uv":[1.5625,5.4375,1.875,6.0],"tintindex":0,"texture":"#1"},"west":{"uv":[4.8125,5.9375,5.0625,6.5],"tintindex":0,"texture":"#1"},"up":{"uv":[7.5625,3.3125,7.25,3.0625],"tintindex":0,"texture":"#1"},"down":{"uv":[6.8125,7.3125,6.5,7.5625],"tintindex":0,"texture":"#1"}}},{"from":[6.47857,9.23727,6.105],"to":[11.09796,11.150681,10.095],"faces":{"north":{"uv":[8.4375,4.375,8.71875,4.5],"tintindex":0,"texture":"#1"},"east":{"uv":[6.1875,5.5,6.4375,5.625],"tintindex":0,"texture":"#1"},"south":{"uv":[8.4375,4.5,8.71875,4.625],"tintindex":0,"texture":"#1"},"west":{"uv":[6.75,4.8125,7.0,4.9375],"tintindex":0,"texture":"#1"},"up":{"uv":[7.78125,7.375,7.5,7.125],"tintindex":0,"texture":"#1"},"down":{"uv":[7.78125,7.375,7.5,7.625],"tintindex":0,"texture":"#1"}},"rotation":{"angle":-22.5,"axis":"z","origin":[4.13604,11.32843,8.105]}},{"from":[5.505,-0.15745926,8.37792],"to":[10.495,8.157459,11.82208],"faces":{"north":{"uv":[3.4375,5.5,3.75,6.03125],"tintindex":0,"texture":"#1"},"east":{"uv":[5.0625,6.75,5.28125,7.28125],"tintindex":0,"texture":"#1"},"south":{"uv":[2.3125,5.5625,2.625,6.09375],"tintindex":0,"texture":"#1"},"west":{"uv":[6.8125,1.125,7.03125,1.65625],"tintindex":0,"texture":"#1"},"up":{"uv":[7.9375,0.21875,7.625,0.0],"tintindex":0,"texture":"#1"},"down":{"uv":[7.9375,0.5,7.625,0.71875],"tintindex":0,"texture":"#1"}},"rotation":{"angle":22.5,"axis":"x","origin":[8.005,4.0,10.1]}},{"from":[6.51472,-4.4142113,6.105],"to":[10.05025,-0.8786812,10.095],"faces":{"north":{"uv":[0.0,8.125,0.21875,8.34375],"tintindex":0,"texture":"#1"},"east":{"uv":[0.75,7.9375,1.0,8.15625],"tintindex":0,"texture":"#1"},"south":{"uv":[4.625,8.125,4.84375,8.34375],"tintindex":0,"texture":"#1"},"west":{"uv":[7.9375,0.875,8.1875,1.09375],"tintindex":0,"texture":"#1"},"up":{"uv":[1.71875,8.1875,1.5,7.9375],"tintindex":0,"texture":"#1"},"down":{"uv":[1.96875,7.9375,1.75,8.1875],"tintindex":0,"texture":"#1"}},"rotation":{"angle":45.0,"axis":"z","origin":[5.55025,-1.9142113,8.605]}}]}