{"textures":{"0":"bettermodel:item/ice_knight_minion_sword_iceknight_knighticesword","particle":"bettermodel:item/ice_knight_minion_sword_iceknight_knighticesword"},"elements":[{"from":[6.88931,6.456771,5.93003],"to":[10.08931,7.987501,10.62555],"faces":{"north":{"uv":[9.5,6.75,9.875,6.9375],"tintindex":0,"texture":"#0"},"east":{"uv":[9.125,3.25,9.6875,3.4375],"tintindex":0,"texture":"#0"},"south":{"uv":[8.125,9.5,8.5,9.6875],"tintindex":0,"texture":"#0"},"west":{"uv":[9.125,4.875,9.6875,5.0625],"tintindex":0,"texture":"#0"},"up":{"uv":[0.875,8.3125,0.5,7.75],"tintindex":0,"texture":"#0"},"down":{"uv":[7.0,7.875,6.625,8.4375],"tintindex":0,"texture":"#0"}},"rotation":{"angle":-22.5,"axis":"x","origin":[8.455339,7.90876,8.06866]}},{"from":[6.88431,1.3630905,6.06269],"to":[10.09431,7.1630898,10.06269],"faces":{"north":{"uv":[6.625,5.75,7.0,6.5],"tintindex":0,"texture":"#0"},"east":{"uv":[3.25,6.0,3.75,6.75],"tintindex":0,"texture":"#0"},"south":{"uv":[6.625,6.5,7.0,7.25],"tintindex":0,"texture":"#0"},"west":{"uv":[6.0,4.5,6.5,5.25],"tintindex":0,"texture":"#0"},"up":{"uv":[4.5,3.875,4.125,3.375],"tintindex":0,"texture":"#0"},"down":{"uv":[7.375,8.0,7.0,8.5],"tintindex":0,"texture":"#0"}}},{"from":[7.91825,3.0547504,5.4626904],"to":[9.11825,4.9647503,8.16269],"faces":{"north":{"uv":[9.875,0.75,10.0,1.0],"tintindex":0,"texture":"#0"},"east":{"uv":[9.375,5.875,9.6875,6.125],"tintindex":0,"texture":"#0"},"south":{"uv":[0.875,9.875,1.0,10.125],"tintindex":0,"texture":"#0"},"west":{"uv":[9.375,9.25,9.6875,9.5],"tintindex":0,"texture":"#0"},"up":{"uv":[9.875,7.3125,9.75,7.0],"tintindex":0,"texture":"#0"},"down":{"uv":[9.875,7.375,9.75,7.6875],"tintindex":0,"texture":"#0"}},"rotation":{"angle":-22.5,"axis":"z","origin":[8.455339,7.90876,8.06866]}}]}