{"textures":{"0":"bettermodel:item/leviathan_meg","1":"bettermodel:item/leviathan_meg_e","particle":"bettermodel:item/leviathan_meg"},"elements":[{"from":[2.1576514,8.982208,-1.7621466],"to":[13.857511,14.83722,4.0928655],"faces":{"north":{"uv":[10.21875,3.90625,11.03125,4.3125],"tintindex":0,"texture":"#0"},"east":{"uv":[12.578125,9.890625,12.984375,10.296875],"tintindex":0,"texture":"#0"},"south":{"uv":[10.21875,4.3125,11.03125,4.71875],"tintindex":0,"texture":"#0"},"west":{"uv":[1.15625,12.59375,1.5625,13.0],"tintindex":0,"texture":"#0"},"up":{"uv":[11.03125,5.125,10.21875,4.71875],"tintindex":0,"texture":"#0"},"down":{"uv":[11.078125,1.53125,10.265625,1.9375],"tintindex":0,"texture":"#0"}}},{"from":[2.1656566,8.094308,2.7498865],"to":[13.849504,13.933309,8.588888],"faces":{"north":{"uv":[10.296875,2.75,11.109375,3.15625],"tintindex":0,"texture":"#0"},"east":{"uv":[12.59375,6.03125,13.0,6.4375],"tintindex":0,"texture":"#0"},"south":{"uv":[10.296875,3.15625,11.109375,3.5625],"tintindex":0,"texture":"#0"},"west":{"uv":[11.125,12.640625,11.53125,13.046875],"tintindex":0,"texture":"#0"},"up":{"uv":[11.1875,5.53125,10.375,5.125],"tintindex":0,"texture":"#0"},"down":{"uv":[8.3125,10.375,7.5,10.78125],"tintindex":0,"texture":"#0"}},"rotation":{"angle":22.5,"axis":"x","origin":[8.007581,11.013808,5.669388]}},{"from":[2.291956,5.0378933,0.72870886],"to":[13.722443,10.623534,2.756616],"faces":{"north":{"uv":[10.59375,7.421875,11.390625,7.8125],"tintindex":0,"texture":"#0"},"east":{"uv":[7.359375,10.859375,7.5,11.25],"tintindex":0,"texture":"#0"},"south":{"uv":[10.59375,7.8125,11.390625,8.203125],"tintindex":0,"texture":"#0"},"west":{"uv":[3.46875,10.875,3.609375,11.265625],"tintindex":0,"texture":"#0"},"up":{"uv":[10.828125,7.0625,10.03125,6.921875],"tintindex":0,"texture":"#0"},"down":{"uv":[13.84375,7.40625,13.046875,7.546875],"tintindex":0,"texture":"#0"}},"rotation":{"angle":-45.0,"axis":"x","origin":[8.13525,11.769251,3.6482081]}},{"from":[5.6491284,8.990214,-7.997741],"to":[13.826068,14.829215,0.1791972],"faces":{"north":{"uv":[6.78125,2.75,7.34375,3.15625],"tintindex":0,"texture":"#0"},"east":{"uv":[11.28125,11.734375,11.84375,12.140625],"tintindex":0,"texture":"#0"},"south":{"uv":[11.765625,6.859375,12.328125,7.265625],"tintindex":0,"texture":"#0"},"west":{"uv":[11.78125,10.859375,12.34375,11.265625],"tintindex":0,"texture":"#0"},"up":{"uv":[11.140625,1.40625,10.578125,0.84375],"tintindex":0,"texture":"#0"},"down":{"uv":[11.140625,5.953125,10.578125,6.515625],"tintindex":0,"texture":"#0"}},"rotation":{"angle":45.0,"axis":"y","origin":[11.461828,11.909715,-0.7238283]}},{"from":[5.9559827,6.6522756,-7.1356273],"to":[12.963954,8.984368,-0.12765466],"faces":{"north":{"uv":[13.96875,10.34375,14.453125,10.5],"tintindex":0,"texture":"#0"},"east":{"uv":[13.96875,10.5,14.453125,10.65625],"tintindex":0,"texture":"#0"}},"rotation":{"angle":45.0,"axis":"y","origin":[11.461828,11.032988,-0.7238283]}},{"from":[2.9984822,6.649353,-1.3466921],"to":[12.934721,8.987291,4.4981546],"faces":{"east":{"uv":[14.15625,0.171875,14.5625,0.328125],"tintindex":0,"texture":"#0"},"west":{"uv":[14.15625,0.328125,14.5625,0.484375],"tintindex":0,"texture":"#0"}}},{"from":[3.0394611,0.107340336,3.4674144],"to":[12.9757,8.87461,6.974323],"faces":{"north":{"uv":[8.59375,0.796875,9.28125,1.40625],"tintindex":0,"texture":"#0"},"east":{"uv":[8.984375,12.796875,8.734375,13.40625],"tintindex":0,"texture":"#0"},"south":{"uv":[8.640625,8.46875,9.328125,9.078125],"tintindex":0,"texture":"#0"},"west":{"uv":[8.734375,12.796875,8.984375,13.40625],"tintindex":0,"texture":"#0"},"up":{"uv":[13.109375,12.390625,12.421875,12.140625],"tintindex":0,"texture":"#0"},"down":{"uv":[13.25,9.640625,12.5625,9.890625],"tintindex":0,"texture":"#0"}}}]}