{"textures":{"0":"bettermodel:item/leviathan_meg","1":"bettermodel:item/leviathan_meg_e","particle":"bettermodel:item/leviathan_meg"},"elements":[{"from":[5.7622457,2.4210749,15.883591],"to":[9.844676,16.880787,23.998137],"faces":{"north":{"uv":[2.140625,8.703125,2.484375,9.921875],"tintindex":0,"texture":"#0"},"east":{"uv":[4.75,0.796875,5.4375,2.015625],"tintindex":0,"texture":"#0"},"south":{"uv":[2.484375,8.703125,2.828125,9.921875],"tintindex":0,"texture":"#0"},"west":{"uv":[3.15625,5.0,3.84375,6.21875],"tintindex":0,"texture":"#0"},"up":{"uv":[7.375,5.46875,7.03125,4.78125],"tintindex":0,"texture":"#0"},"down":{"uv":[12.0,10.171875,11.65625,10.859375],"tintindex":0,"texture":"#0"}}},{"from":[4.18993,-0.7235565,6.379816],"to":[8.901286,14.994008,15.752214],"faces":{"north":{"uv":[7.1875,7.40625,7.578125,8.71875],"tintindex":0,"texture":"#0"},"east":{"uv":[3.6875,0.0,4.46875,1.3125],"tintindex":0,"texture":"#0"},"south":{"uv":[3.078125,7.453125,3.46875,8.765625],"tintindex":0,"texture":"#0"},"west":{"uv":[3.546875,3.6875,4.328125,5.0],"tintindex":0,"texture":"#0"},"up":{"uv":[2.359375,11.234375,1.96875,10.453125],"tintindex":0,"texture":"#0"},"down":{"uv":[3.203125,10.734375,2.8125,11.515625],"tintindex":0,"texture":"#0"}}},{"from":[6.391172,0.84875965,0.0905552],"to":[11.102528,13.421694,6.318321],"faces":{"north":{"uv":[1.265625,8.765625,1.65625,9.8125],"tintindex":0,"texture":"#0"},"east":{"uv":[6.296875,7.234375,6.8125,8.28125],"tintindex":0,"texture":"#0"},"south":{"uv":[2.828125,8.765625,3.21875,9.8125],"tintindex":0,"texture":"#0"},"west":{"uv":[7.375,2.75,7.890625,3.796875],"tintindex":0,"texture":"#0"},"up":{"uv":[0.546875,12.6875,0.15625,12.171875],"tintindex":0,"texture":"#0"},"down":{"uv":[5.546875,12.203125,5.15625,12.71875],"tintindex":0,"texture":"#0"}}},{"from":[7.3345613,2.1066117,-4.3119287],"to":[10.473602,14.05062,0.029058928],"faces":{"north":{"uv":[0.0,10.96875,0.265625,11.96875],"tintindex":0,"texture":"#0"},"east":{"uv":[2.375,2.9375,2.734375,3.9375],"tintindex":0,"texture":"#0"},"south":{"uv":[0.265625,11.171875,0.53125,12.171875],"tintindex":0,"texture":"#0"},"west":{"uv":[2.453125,9.921875,2.8125,10.921875],"tintindex":0,"texture":"#0"},"up":{"uv":[13.953125,13.71875,13.6875,13.359375],"tintindex":0,"texture":"#0"},"down":{"uv":[3.0,13.703125,2.734375,14.0625],"tintindex":0,"texture":"#0"}}}]}