{"textures":{"0":"bettermodel:item/leviathan_meg","1":"bettermodel:item/leviathan_meg_e","particle":"bettermodel:item/leviathan_meg"},"elements":[{"from":[4.4568253,3.527122,2.9662695],"to":[9.297815,11.192023,10.631169],"faces":{"north":{"uv":[7.578125,2.234375,7.890625,2.734375],"tintindex":0,"texture":"#0"},"east":{"uv":[11.140625,0.8125,11.640625,1.3125],"tintindex":0,"texture":"#0"},"south":{"uv":[12.71875,3.46875,13.03125,3.96875],"tintindex":0,"texture":"#0"},"west":{"uv":[11.28125,11.234375,11.78125,11.734375],"tintindex":0,"texture":"#0"},"up":{"uv":[5.40625,13.21875,5.09375,12.71875],"tintindex":0,"texture":"#0"},"down":{"uv":[13.03125,10.296875,12.71875,10.796875],"tintindex":0,"texture":"#0"}},"rotation":{"angle":-45.0,"axis":"x","origin":[6.87732,7.3595724,6.798719]}},{"from":[4.854862,-1.7226627,3.566014],"to":[8.899778,5.54958,7.61093],"faces":{"north":{"uv":[12.84375,13.234375,13.109375,13.703125],"tintindex":0,"texture":"#0"},"east":{"uv":[13.25,1.0,13.515625,1.46875],"tintindex":0,"texture":"#0"},"south":{"uv":[13.25,9.25,13.515625,9.71875],"tintindex":0,"texture":"#0"},"west":{"uv":[1.53125,13.265625,1.796875,13.734375],"tintindex":0,"texture":"#0"},"up":{"uv":[14.265625,11.140625,14.0,10.875],"tintindex":0,"texture":"#0"},"down":{"uv":[2.578125,14.015625,2.3125,14.28125],"tintindex":0,"texture":"#0"}}},{"from":[4.9180636,-1.2953303,5.508566],"to":[8.8365755,6.764918,8.727822],"faces":{"north":{"uv":[6.859375,0.0,7.109375,0.53125],"tintindex":0,"texture":"#0"},"east":{"uv":[7.828125,11.359375,8.03125,11.890625],"tintindex":0,"texture":"#0"},"south":{"uv":[9.359375,12.984375,9.609375,13.515625],"tintindex":0,"texture":"#0"},"west":{"uv":[1.328125,13.375,1.53125,13.90625],"tintindex":0,"texture":"#0"},"up":{"uv":[14.5625,4.25,14.3125,4.046875],"tintindex":0,"texture":"#0"},"down":{"uv":[14.5625,10.65625,14.3125,10.859375],"tintindex":0,"texture":"#0"}},"rotation":{"angle":22.5,"axis":"x","origin":[6.473904,1.3228383,7.1181936]}},{"from":[5.6670723,-8.0,1.6279645],"to":[7.6841516,-5.9829206,3.6450438],"faces":{"north":{"uv":[13.421875,5.59375,13.546875,5.71875],"tintindex":0,"texture":"#0"},"east":{"uv":[13.546875,5.59375,13.671875,5.71875],"tintindex":0,"texture":"#0"},"south":{"uv":[13.671875,6.984375,13.796875,7.109375],"tintindex":0,"texture":"#0"},"west":{"uv":[13.6875,11.25,13.8125,11.375],"tintindex":0,"texture":"#0"},"up":{"uv":[9.296875,13.859375,9.171875,13.734375],"tintindex":0,"texture":"#0"},"down":{"uv":[13.921875,6.984375,13.796875,7.109375],"tintindex":0,"texture":"#0"}}},{"from":[5.4653645,-6.719,1.4075251],"to":[7.8858595,-3.4916735,4.231435],"faces":{"north":{"uv":[14.53125,5.8125,14.6875,6.03125],"tintindex":0,"texture":"#0"},"east":{"uv":[3.109375,14.484375,3.296875,14.703125],"tintindex":0,"texture":"#0"},"south":{"uv":[7.671875,14.53125,7.828125,14.75],"tintindex":0,"texture":"#0"},"west":{"uv":[3.296875,14.484375,3.484375,14.703125],"tintindex":0,"texture":"#0"},"up":{"uv":[14.734375,2.234375,14.578125,2.046875],"tintindex":0,"texture":"#0"},"down":{"uv":[14.734375,7.015625,14.578125,7.203125],"tintindex":0,"texture":"#0"}},"rotation":{"angle":22.5,"axis":"x","origin":[6.776466,-4.468033,3.5641975]}},{"from":[5.2636566,-4.4482174,0.4187641],"to":[8.490983,0.39277363,4.4529214],"faces":{"north":{"uv":[13.828125,14.140625,14.03125,14.453125],"tintindex":0,"texture":"#0"},"east":{"uv":[13.78125,4.796875,14.046875,5.109375],"tintindex":0,"texture":"#0"},"south":{"uv":[5.09375,14.15625,5.296875,14.46875],"tintindex":0,"texture":"#0"},"west":{"uv":[9.609375,13.78125,9.875,14.09375],"tintindex":0,"texture":"#0"},"up":{"uv":[14.515625,6.859375,14.3125,6.59375],"tintindex":0,"texture":"#0"},"down":{"uv":[8.65625,14.3125,8.453125,14.578125],"tintindex":0,"texture":"#0"}},"rotation":{"angle":45.0,"axis":"x","origin":[6.776466,-4.468033,3.5641975]}},{"from":[5.7343082,-3.281107,-0.2119875],"to":[8.020331,-0.8606119,2.2085075],"faces":{"north":{"uv":[14.640625,6.03125,14.796875,6.1875],"tintindex":0,"texture":"#0"},"east":{"uv":[12.765625,14.640625,12.921875,14.796875],"tintindex":0,"texture":"#0"},"south":{"uv":[13.984375,14.640625,14.140625,14.796875],"tintindex":0,"texture":"#0"},"west":{"uv":[14.140625,14.640625,14.296875,14.796875],"tintindex":0,"texture":"#0"},"up":{"uv":[14.453125,14.796875,14.296875,14.640625],"tintindex":0,"texture":"#0"},"down":{"uv":[0.765625,14.65625,0.609375,14.8125],"tintindex":0,"texture":"#0"}},"rotation":{"angle":-45.0,"axis":"x","origin":[6.87732,-1.3039522,1.2426734]}},{"from":[6.137724,-1.3087206,0.16645956],"to":[7.6169157,0.30494308,2.1835384],"faces":{"north":{"uv":[4.0,8.390625,4.09375,8.5],"tintindex":0,"texture":"#0"},"east":{"uv":[3.875,9.1875,4.0,9.296875],"tintindex":0,"texture":"#0"},"south":{"uv":[11.53125,12.640625,11.625,12.75],"tintindex":0,"texture":"#0"},"west":{"uv":[7.359375,11.25,7.484375,11.359375],"tintindex":0,"texture":"#0"},"up":{"uv":[4.328125,5.734375,4.234375,5.609375],"tintindex":0,"texture":"#0"},"down":{"uv":[9.6875,9.875,9.59375,10.0],"tintindex":0,"texture":"#0"}},"rotation":{"angle":-22.5,"axis":"x","origin":[6.87732,-1.3039522,1.2426734]}}]}