{"textures":{"0":"bettermodel:item/leviathan_meg","1":"bettermodel:item/leviathan_meg_e","particle":"bettermodel:item/leviathan_meg"},"elements":[{"from":[6.8102555,-4.703747,2.2088623],"to":[15.472813,8.290089,15.202698],"faces":{"north":{"uv":[8.578125,2.015625,9.109375,2.8125],"tintindex":0,"texture":"#0"},"east":{"uv":[6.78125,1.953125,7.578125,2.75],"tintindex":0,"texture":"#0"},"south":{"uv":[8.578125,2.8125,9.109375,3.609375],"tintindex":0,"texture":"#0"},"west":{"uv":[3.703125,6.796875,4.5,7.59375],"tintindex":0,"texture":"#0"},"up":{"uv":[9.109375,4.40625,8.578125,3.609375],"tintindex":0,"texture":"#0"},"down":{"uv":[9.109375,4.40625,8.578125,5.203125],"tintindex":0,"texture":"#0"}}},{"from":[8.687143,12.078353,5.202965],"to":[13.018421,16.40963,8.667988],"faces":{"north":{"uv":[13.5625,14.0625,13.828125,14.328125],"tintindex":0,"texture":"#0"},"east":{"uv":[10.71875,14.203125,10.9375,14.46875],"tintindex":0,"texture":"#0"},"south":{"uv":[0.34375,14.078125,0.609375,14.34375],"tintindex":0,"texture":"#0"},"west":{"uv":[1.078125,14.21875,1.296875,14.484375],"tintindex":0,"texture":"#0"},"up":{"uv":[14.484375,7.78125,14.21875,7.5625],"tintindex":0,"texture":"#0"},"down":{"uv":[14.515625,12.96875,14.25,13.1875],"tintindex":0,"texture":"#0"}},"rotation":{"angle":22.5,"axis":"x","origin":[11.141534,12.944609,18.1968]}},{"from":[8.542767,11.324602,3.9650016],"to":[13.740301,17.388393,9.595664],"faces":{"north":{"uv":[2.0,13.375,2.3125,13.75],"tintindex":0,"texture":"#0"},"east":{"uv":[4.453125,13.109375,4.796875,13.484375],"tintindex":0,"texture":"#0"},"south":{"uv":[13.375,5.96875,13.6875,6.34375],"tintindex":0,"texture":"#0"},"west":{"uv":[7.515625,13.109375,7.859375,13.484375],"tintindex":0,"texture":"#0"},"up":{"uv":[9.609375,13.859375,9.296875,13.515625],"tintindex":0,"texture":"#0"},"down":{"uv":[13.84375,3.484375,13.53125,3.828125],"tintindex":0,"texture":"#0"}}},{"from":[12.639938,3.3738403,3.6762495],"to":[17.837475,9.43763,9.306911],"faces":{"north":{"uv":[7.15625,13.375,7.46875,13.75],"tintindex":0,"texture":"#0"},"east":{"uv":[7.859375,13.109375,8.203125,13.484375],"tintindex":0,"texture":"#0"},"south":{"uv":[13.375,11.0,13.6875,11.375],"tintindex":0,"texture":"#0"},"west":{"uv":[13.109375,12.078125,13.453125,12.453125],"tintindex":0,"texture":"#0"},"up":{"uv":[13.84375,7.890625,13.53125,7.546875],"tintindex":0,"texture":"#0"},"down":{"uv":[13.84375,10.09375,13.53125,10.4375],"tintindex":0,"texture":"#0"}},"rotation":{"angle":-22.5,"axis":"z","origin":[16.393715,6.116983,6.491581]}},{"from":[13.939323,3.8388395,4.9142127],"to":[18.270603,8.170118,8.379235],"faces":{"north":{"uv":[1.46875,14.078125,1.734375,14.34375],"tintindex":0,"texture":"#0"},"east":{"uv":[10.9375,14.21875,11.15625,14.484375],"tintindex":0,"texture":"#0"},"south":{"uv":[5.6875,14.078125,5.953125,14.34375],"tintindex":0,"texture":"#0"},"west":{"uv":[14.25,14.171875,14.46875,14.4375],"tintindex":0,"texture":"#0"},"up":{"uv":[14.53125,1.640625,14.265625,1.421875],"tintindex":0,"texture":"#0"},"down":{"uv":[14.53125,5.859375,14.265625,6.078125],"tintindex":0,"texture":"#0"}},"rotation":{"angle":22.5,"axis":"x","origin":[16.393715,4.7050953,17.908049]}},{"from":[13.929426,-0.78159046,2.665618],"to":[18.260704,3.5496879,6.130641],"faces":{"north":{"uv":[8.90625,14.078125,9.171875,14.34375],"tintindex":0,"texture":"#0"},"east":{"uv":[14.265625,10.875,14.484375,11.140625],"tintindex":0,"texture":"#0"},"south":{"uv":[10.296875,14.078125,10.5625,14.34375],"tintindex":0,"texture":"#0"},"west":{"uv":[2.3125,14.28125,2.53125,14.546875],"tintindex":0,"texture":"#0"},"up":{"uv":[4.34375,14.5,4.078125,14.28125],"tintindex":0,"texture":"#0"},"down":{"uv":[4.609375,14.28125,4.34375,14.5],"tintindex":0,"texture":"#0"}},"rotation":{"angle":-45.0,"axis":"z","origin":[15.517562,1.9615521,4.3981295]}},{"from":[15.232186,2.6139193,11.472551],"to":[16.964699,5.2126865,14.071319],"faces":{"north":{"uv":[0.15625,14.71875,0.265625,14.875],"tintindex":0,"texture":"#0"},"east":{"uv":[14.671875,8.015625,14.828125,8.171875],"tintindex":0,"texture":"#0"},"south":{"uv":[14.71875,0.15625,14.828125,0.3125],"tintindex":0,"texture":"#0"},"west":{"uv":[14.671875,8.171875,14.828125,8.328125],"tintindex":0,"texture":"#0"},"up":{"uv":[0.375,14.875,0.265625,14.71875],"tintindex":0,"texture":"#0"},"down":{"uv":[14.828125,1.0625,14.71875,1.21875],"tintindex":0,"texture":"#0"}},"rotation":{"angle":22.5,"axis":"z","origin":[18.504707,2.662045,10.895047]}},{"from":[8.109639,4.4265323,3.309617],"to":[14.1734295,13.089089,11.105919],"faces":{"north":{"uv":[9.71875,12.296875,10.09375,12.828125],"tintindex":0,"texture":"#0"},"east":{"uv":[11.5,3.296875,11.96875,3.828125],"tintindex":0,"texture":"#0"},"south":{"uv":[7.328125,12.3125,7.703125,12.84375],"tintindex":0,"texture":"#0"},"west":{"uv":[2.625,11.515625,3.09375,12.046875],"tintindex":0,"texture":"#0"},"up":{"uv":[12.9375,2.71875,12.5625,2.25],"tintindex":0,"texture":"#0"},"down":{"uv":[12.9375,4.359375,12.5625,4.828125],"tintindex":0,"texture":"#0"}},"rotation":{"angle":-22.5,"axis":"x","origin":[11.141534,9.624067,7.640896]}},{"from":[6.3771276,11.7173195,-2.4456577],"to":[10.708406,16.0486,1.0193653],"faces":{"north":{"uv":[9.484375,14.09375,9.75,14.359375],"tintindex":0,"texture":"#0"},"east":{"uv":[14.28125,6.890625,14.5,7.15625],"tintindex":0,"texture":"#0"},"south":{"uv":[0.609375,14.109375,0.875,14.375],"tintindex":0,"texture":"#0"},"west":{"uv":[14.28125,12.03125,14.5,12.296875],"tintindex":0,"texture":"#0"},"up":{"uv":[14.546875,12.515625,14.28125,12.296875],"tintindex":0,"texture":"#0"},"down":{"uv":[14.546875,12.515625,14.28125,12.734375],"tintindex":0,"texture":"#0"}}},{"from":[6.232752,6.8369646,-3.1061354],"to":[11.430286,12.900755,2.524527],"faces":{"north":{"uv":[13.40625,6.34375,13.71875,6.71875],"tintindex":0,"texture":"#0"},"east":{"uv":[12.5,13.125,12.84375,13.5],"tintindex":0,"texture":"#0"},"south":{"uv":[8.484375,13.40625,8.796875,13.78125],"tintindex":0,"texture":"#0"},"west":{"uv":[10.75,13.1875,11.09375,13.5625],"tintindex":0,"texture":"#0"},"up":{"uv":[1.046875,13.890625,0.734375,13.546875],"tintindex":0,"texture":"#0"},"down":{"uv":[13.875,8.625,13.5625,8.96875],"tintindex":0,"texture":"#0"}},"rotation":{"angle":-22.5,"axis":"x","origin":[8.687143,9.0686655,0.46400118]}},{"from":[5.7996235,0.19774723,-5.274371],"to":[11.863414,8.860305,2.5219293],"faces":{"north":{"uv":[12.34375,3.53125,12.71875,4.0625],"tintindex":0,"texture":"#0"},"east":{"uv":[1.3125,11.5625,1.78125,12.09375],"tintindex":0,"texture":"#0"},"south":{"uv":[12.34375,10.671875,12.71875,11.203125],"tintindex":0,"texture":"#0"},"west":{"uv":[11.5625,5.953125,12.03125,6.484375],"tintindex":0,"texture":"#0"},"up":{"uv":[12.9375,5.296875,12.5625,4.828125],"tintindex":0,"texture":"#0"},"down":{"uv":[12.9375,5.296875,12.5625,5.765625],"tintindex":0,"texture":"#0"}},"rotation":{"angle":-45.0,"axis":"x","origin":[8.687143,9.0686655,0.46400118]}},{"from":[10.708406,6.1604505,1.3932061],"to":[15.905941,10.49173,5.7244844],"faces":{"north":{"uv":[6.3125,13.859375,6.625,14.125],"tintindex":0,"texture":"#0"},"east":{"uv":[14.109375,3.40625,14.375,3.671875],"tintindex":0,"texture":"#0"},"south":{"uv":[9.171875,13.859375,9.484375,14.125],"tintindex":0,"texture":"#0"},"west":{"uv":[11.90625,14.109375,12.171875,14.375],"tintindex":0,"texture":"#0"},"up":{"uv":[14.171875,9.625,13.859375,9.359375],"tintindex":0,"texture":"#0"},"down":{"uv":[14.171875,9.625,13.859375,9.890625],"tintindex":0,"texture":"#0"}},"rotation":{"angle":45.0,"axis":"x","origin":[13.632019,9.456765,1.1415429]}},{"from":[10.708406,-2.6551666,-8.0],"to":[15.905941,1.6761117,-3.6687212],"faces":{"north":{"uv":[13.875,2.796875,14.1875,3.0625],"tintindex":0,"texture":"#0"},"east":{"uv":[12.359375,14.109375,12.625,14.375],"tintindex":0,"texture":"#0"},"south":{"uv":[13.875,8.046875,14.1875,8.3125],"tintindex":0,"texture":"#0"},"west":{"uv":[14.109375,13.640625,14.375,13.90625],"tintindex":0,"texture":"#0"},