{"textures":{"0":"bettermodel:item/leviathan_meg","1":"bettermodel:item/leviathan_meg_e","particle":"bettermodel:item/leviathan_meg"},"elements":[{"from":[-1.8377438,15.976321,10.858049],"to":[0.24083853,18.574549,13.456276],"faces":{"north":{"uv":[7.046875,14.34375,7.15625,14.46875],"tintindex":0,"texture":"#0"},"east":{"uv":[9.453125,11.328125,9.578125,11.453125],"tintindex":0,"texture":"#0"},"south":{"uv":[14.515625,4.875,14.625,5.0],"tintindex":0,"texture":"#0"},"west":{"uv":[11.453125,4.703125,11.578125,4.828125],"tintindex":0,"texture":"#0"},"up":{"uv":[10.71875,14.84375,10.609375,14.71875],"tintindex":0,"texture":"#0"},"down":{"uv":[14.84375,0.6875,14.734375,0.8125],"tintindex":0,"texture":"#0"}}},{"from":[-2.6059637,18.79623,6.1760435],"to":[7.7973385,24.003078,17.618635],"faces":{"north":{"uv":[12.9375,1.734375,13.46875,2.0],"tintindex":0,"texture":"#0"},"east":{"uv":[12.671875,1.203125,13.25,1.46875],"tintindex":0,"texture":"#0"},"south":{"uv":[12.9375,2.0,13.46875,2.265625],"tintindex":0,"texture":"#0"},"west":{"uv":[12.71875,10.796875,13.296875,11.0625],"tintindex":0,"texture":"#0"},"up":{"uv":[0.890625,11.171875,0.359375,10.59375],"tintindex":0,"texture":"#0"},"down":{"uv":[7.09375,10.75,6.5625,11.328125],"tintindex":0,"texture":"#0"}},"rotation":{"angle":22.5,"axis":"z","origin":[8.0,24.517529,15.015213]}},{"from":[8.2026615,18.79623,6.1760435],"to":[18.605963,24.003078,17.618635],"faces":{"north":{"uv":[12.9375,2.265625,13.46875,2.53125],"tintindex":0,"texture":"#0"},"east":{"uv":[12.75,6.9375,13.328125,7.203125],"tintindex":0,"texture":"#0"},"south":{"uv":[12.9375,4.890625,13.46875,5.15625],"tintindex":0,"texture":"#0"},"west":{"uv":[11.53125,12.78125,12.109375,13.046875],"tintindex":0,"texture":"#0"},"up":{"uv":[4.140625,11.359375,3.609375,10.78125],"tintindex":0,"texture":"#0"},"down":{"uv":[8.03125,10.78125,7.5,11.359375],"tintindex":0,"texture":"#0"}},"rotation":{"angle":-22.5,"axis":"z","origin":[8.0,24.517529,15.015213]}},{"from":[15.759161,15.976321,10.858049],"to":[17.837744,18.574549,13.456276],"faces":{"north":{"uv":[14.734375,0.8125,14.84375,0.9375],"tintindex":0,"texture":"#0"},"east":{"uv":[14.65625,9.4375,14.78125,9.5625],"tintindex":0,"texture":"#0"},"south":{"uv":[14.734375,0.9375,14.84375,1.0625],"tintindex":0,"texture":"#0"},"west":{"uv":[14.671875,0.5625,14.796875,0.6875],"tintindex":0,"texture":"#0"},"up":{"uv":[14.84375,1.953125,14.734375,1.828125],"tintindex":0,"texture":"#0"},"down":{"uv":[14.84375,1.953125,14.734375,2.078125],"tintindex":0,"texture":"#0"}}},{"from":[0.98998207,-2.1870537,6.186437],"to":[15.010018,18.588375,17.608246],"faces":{"north":{"uv":[3.84375,5.75,4.5625,6.796875],"tintindex":0,"texture":"#0"},"east":{"uv":[5.140625,7.234375,5.71875,8.28125],"tintindex":0,"texture":"#0"},"south":{"uv":[5.8125,3.921875,6.53125,4.96875],"tintindex":0,"texture":"#0"},"west":{"uv":[5.71875,7.234375,6.296875,8.28125],"tintindex":0,"texture":"#0"},"up":{"uv":[1.265625,9.375,0.546875,8.796875],"tintindex":0,"texture":"#0"},"down":{"uv":[5.25,8.8125,4.53125,9.390625],"tintindex":0,"texture":"#0"}}}]}