{"textures":{"0":"bettermodel:item/leviathan_meg","1":"bettermodel:item/leviathan_meg_e","particle":"bettermodel:item/leviathan_meg"},"elements":[{"from":[2.043636,5.885412,-2.636181],"to":[13.858533,10.050876,1.5292814],"faces":{"north":{"uv":[13.046875,7.203125,13.640625,7.40625],"tintindex":0,"texture":"#0"},"east":{"uv":[13.046875,1.0,13.25,1.203125],"tintindex":0,"texture":"#0"},"south":{"uv":[13.0625,0.0,13.65625,0.203125],"tintindex":0,"texture":"#0"},"west":{"uv":[2.53125,14.453125,2.734375,14.65625],"tintindex":0,"texture":"#0"},"up":{"uv":[13.8125,2.734375,13.21875,2.53125],"tintindex":0,"texture":"#0"},"down":{"uv":[13.8125,2.734375,13.21875,2.9375],"tintindex":0,"texture":"#0"}},"rotation":{"angle":-22.5,"axis":"x","origin":[7.7931857,-5.708001,-3.0193825]}},{"from":[0.6493535,2.7428145,-1.2208071],"to":[15.252815,9.001441,7.124028],"faces":{"north":{"uv":[4.53125,3.375,5.265625,3.6875],"tintindex":0,"texture":"#0"},"east":{"uv":[11.5,3.828125,11.921875,4.140625],"tintindex":0,"texture":"#0"},"south":{"uv":[10.296875,3.5625,11.03125,3.875],"tintindex":0,"texture":"#0"},"west":{"uv":[13.046875,0.6875,13.46875,1.0],"tintindex":0,"texture":"#0"},"up":{"uv":[11.328125,8.625,10.59375,8.203125],"tintindex":0,"texture":"#0"},"down":{"uv":[11.390625,0.0,10.65625,0.421875],"tintindex":0,"texture":"#0"}}},{"from":[1.6924582,5.0114956,-6.9935017],"to":[14.209711,10.9224205,-0.7348747],"faces":{"north":{"uv":[12.296875,1.484375,12.9375,1.78125],"tintindex":0,"texture":"#0"},"east":{"uv":[13.703125,12.28125,14.015625,12.578125],"tintindex":0,"texture":"#0"},"south":{"uv":[12.34375,4.0625,12.984375,4.359375],"tintindex":0,"texture":"#0"},"west":{"uv":[2.3125,13.71875,2.625,14.015625],"tintindex":0,"texture":"#0"},"up":{"uv":[8.53125,12.5625,7.890625,12.25],"tintindex":0,"texture":"#0"},"down":{"uv":[5.0,12.265625,4.359375,12.578125],"tintindex":0,"texture":"#0"}},"rotation":{"angle":22.5,"axis":"x","origin":[8.193042,5.3426657,-6.6479216]}},{"from":[4.127721,2.557145,-7.628563],"to":[11.777153,4.9562855,-0.48329926],"faces":{"north":{"uv":[3.84375,5.609375,4.234375,5.734375],"tintindex":0,"texture":"#0"},"east":{"uv":[10.96875,7.296875,11.328125,7.421875],"tintindex":0,"texture":"#0"},"south":{"uv":[10.578125,1.40625,10.96875,1.53125],"tintindex":0,"texture":"#0"},"west":{"uv":[12.8125,9.25,13.171875,9.375],"tintindex":0,"texture":"#0"},"up":{"uv":[2.390625,13.375,2.0,13.015625],"tintindex":0,"texture":"#0"},"down":{"uv":[13.421875,3.265625,13.03125,3.625],"tintindex":0,"texture":"#0"}},"rotation":{"angle":45.0,"axis":"x","origin":[7.9524374,2.1572886,-4.229782]}},{"from":[0.79674065,12.30224,-7.9023232],"to":[2.869042,13.157585,-6.0038753],"faces":{"north":{"uv":[5.578125,4.578125,5.6875,4.625],"tintindex":0,"texture":"#0"},"east":{"uv":[4.65625,1.265625,4.75,1.3125],"tintindex":0,"texture":"#0"},"south":{"uv":[5.6875,4.578125,5.796875,4.625],"tintindex":0,"texture":"#0"},"west":{"uv":[6.859375,0.53125,6.953125,0.578125],"tintindex":0,"texture":"#0"},"up":{"uv":[0.890625,4.40625,0.78125,4.3125],"tintindex":0,"texture":"#0"},"down":{"uv":[1.296875,8.671875,1.1875,8.765625],"tintindex":0,"texture":"#0"}},"rotation":{"angle":22.5,"axis":"x","origin":[1.8328915,12.619141,-6.9531937]}},{"from":[0.7932642,7.8245335,-7.996909],"to":[2.8725188,12.6854,-5.917655],"faces":{"north":{"uv":[13.09375,12.453125,13.203125,12.703125],"tintindex":0,"texture":"#0"},"east":{"uv":[8.09375,13.484375,8.203125,13.734375],"tintindex":0,"texture":"#0"},"south":{"uv":[10.09375,13.53125,10.203125,13.78125],"tintindex":0,"texture":"#0"},"west":{"uv":[5.390625,14.5,5.5,14.75],"tintindex":0,"texture":"#0"},"up":{"uv":[2.3125,6.265625,2.203125,6.15625],"tintindex":0,"texture":"#0"},"down":{"uv":[13.296875,0.203125,13.1875,0.3125],"tintindex":0,"texture":"#0"}}},{"from":[0.7897873,6.620839,-7.5430193],"to":[2.875996,10.097855,-0.24128819],"faces":{"north":{"uv":[0.6875,6.609375,0.796875,6.78125],"tintindex":0,"texture":"#0"},"east":{"uv":[12.65625,7.984375,13.03125,8.15625],"tintindex":0,"texture":"#0"},"south":{"uv":[9.21875,8.296875,9.328125,8.46875],"tintindex":0,"texture":"#0"},"west":{"uv":[14.140625,11.296875,14.515625,11.46875],"tintindex":0,"texture":"#0"},"up":{"uv":[12.6875,10.671875,12.578125,10.296875],"tintindex":0,"texture":"#0"},"down":{"uv":[8.421875,14.328125,8.3125,14.703125],"tintindex":0,"texture":"#0"}},"rotation":{"angle":22.5,"axis":"x","origin":[1.8328915,8.324576,-4.1007757]}},{"from":[0.7897873,1.1165557,-1.0252581],"to":[3.9191003,4.2458687,1.0609508],"faces":{"north":{"uv":[14.59375,3.5,14.75,3.65625],"tintindex":0,"texture":"#0"},"east":{"uv":[14.203125,4.0625,14.3125,4.21875],"tintindex":0,"texture":"#0"},"south":{"uv":[14.59375,13.625,14.75,13.78125],"tintindex":0,"texture":"#0"},"west":{"uv":[13.078125,14.65625,13.1875,14.8125],"tintindex":0,"texture":"#0"},"up":{"uv":[3.875,9.296875,3.71875,9.1875],"tintindex":0,"texture":"#0"},"down":{"uv":[8.1875,10.78125,8.03125,10.890625],"tintindex":0,"texture":"#0"}},"rotation":{"angle":22.5,"axis":"x","origin":[2.875996,7.201331,2.451757]}},{"from":[0.7932642,5.337515,-7.6185255],"to":[3.9156234,8.459874,-0.67145044],"faces":{"north":{"uv":[13.359375,10.09375,13.515625,10.25],"tintindex":0,"texture":"#0"},"east":{"uv":[9.890625,1.53125,10.234375,1.6875],"tintindex":0,"texture":"#0"},"south":{"uv":[13.515625,9.546875,13.671875,9.703125],"tintindex":0,"texture":"#0"},"west":{"uv":[12.0,10.671875,12.34375,10.828125],"tintindex":0,"texture":"#0"},"up":{"uv":[12.75,6.78125,12.59375,6.4375],"tintindex":0,"texture":"#0"},"down":{"uv":[10.90625,12.796875,10.75,13.140625],"tintindex":0,"texture":"#0"}},"rotation":{"angle":45.0,"axis":"x","origin":[2.875996,7.037775,-4.80562]}},{"from":[11.983068,1.1165557,-1.0252581],"to":[15.112381,4.2458687,1.0609508],"faces":{"north":{"uv":[6.953125,14.703125,7.109375,14.859375],"tintindex":0,"texture":"#0"},"east":{"uv":[3.890625,14.71875,4.0,14.875],"tintindex":0,"texture":"#0"},"south":{"uv":[7.484375,14.703125,7.640625,14.859375],"tintindex":0,"texture":"#0"},"west":{"uv":[14.71875,3.96875,14.828125,4.125],"tintindex":0,"texture":"#0"},"up":{"uv":[9.453125,11.4375,9.296875,11.328125],"tintindex":0,"texture":"#0"},"down":{"uv":[4.09375,11.359375,3.9375,11.46875],"tintindex":0,"texture":"#0"}},"rotation":{"angle":22.5,"axis":"x","origin":[13.026173,7.201331,2.451757]}},{"from":[13.026173,6.620839,-7.5430193],"to":[15.112381,10.097855,-0.24128819],"faces":{"north":{"uv":[11.0,2.359375,11.109375,2.53125],"tintindex":0,"texture":"#0"},"east":{"uv":[11.34375,14.140625,11.71875,14.3125],"tintindex":0,"texture":"#0"},"south":{"uv":[0.15625,11.96875,0.265625,12.140625],"tintindex":0,"texture":"#0"},"west":{"uv":[14.15625,0.0,14.53125,0.171875],"tintindex":0,"texture":"#0"},"up":{"uv":[9.96875,14.703125,9.859375,14.328125],"tintindex":0,"texture":"#0"},"down":{"uv":[10.5625,14.34375,10.453125,14.71875],"tintindex":0,"texture":"#0"}},"rotation":{"angle":22.5,"axis":"x","origin":[14.069277,8.324576,-4.1007757]}},{"from":[11.986546,5.337515,-7.6185255],"to":[15.108905,8.459874,-0.67145044],"faces":{"north":{"uv":[14.703125,4.65625,14.859375,4.8125],"tintindex":0,"texture":"#0"},"east":{"uv":[14.1875,5.28125,14.53125,5.4375],"tintindex":0,"texture":"#0"},"south":{"uv":[14.703125,6.46875,14.859375,6.625],"tintindex":0,"texture":"#0"},"west":{"uv":[14.1875,9.0,14.53125,9.15625],"tintindex":0,"texture":"#0"},"up":{"uv":[12.328125,14.546875,12.171875,14.203125],"tintindex":0,"texture":"#0"},"down":{"uv":[5.671875,14.3125,5.515625,14.65625],"tintindex":0,"texture":"#0"}},"rotation":{"angle":45.0,"axis":"x","origin":[13.026173,7.037775,-4.80562]}},{"from":[13.029651,7.8245335,-7.996909],"to":[15.108905,12.6854,-5.917655],"faces":{"north":{"uv":[1.546875,14.5625,1.65625,14.8125],"tintindex":0,"texture":"#0"},"east":{"uv":[9.640625,14.578125,9.75,14.828125],"tintindex":0,"texture":"#0"},"south":{"uv":[10.125,14.578125,10.234375,14.828125],"tintindex":0,"texture":"#0"},