{"textures":{"0":"bettermodel:item/leviathan_meg","1":"bettermodel:item/leviathan_meg_e","particle":"bettermodel:item/leviathan_meg"},"elements":[{"from":[0.52718735,-4.703747,2.2088623],"to":[9.189745,8.290089,15.202698],"faces":{"north":{"uv":[3.46875,8.390625,4.0,9.1875],"tintindex":0,"texture":"#0"},"east":{"uv":[6.578125,5.546875,7.375,6.34375],"tintindex":0,"texture":"#0"},"south":{"uv":[7.578125,8.46875,8.109375,9.265625],"tintindex":0,"texture":"#0"},"west":{"uv":[0.0,6.78125,0.796875,7.578125],"tintindex":0,"texture":"#0"},"up":{"uv":[8.640625,9.265625,8.109375,8.46875],"tintindex":0,"texture":"#0"},"down":{"uv":[4.53125,8.5,4.0,9.296875],"tintindex":0,"texture":"#0"}}},{"from":[2.9815784,12.078353,5.202965],"to":[7.312857,16.40963,8.667988],"faces":{"north":{"uv":[13.03125,10.53125,13.296875,10.796875],"tintindex":0,"texture":"#0"},"east":{"uv":[7.6875,0.796875,7.90625,1.0625],"tintindex":0,"texture":"#0"},"south":{"uv":[14.0,5.859375,14.265625,6.125],"tintindex":0,"texture":"#0"},"west":{"uv":[8.046875,14.171875,8.265625,14.4375],"tintindex":0,"texture":"#0"},"up":{"uv":[12.21875,0.640625,11.953125,0.421875],"tintindex":0,"texture":"#0"},"down":{"uv":[14.4375,9.359375,14.171875,9.578125],"tintindex":0,"texture":"#0"}},"rotation":{"angle":22.5,"axis":"x","origin":[4.858466,12.944609,18.1968]}},{"from":[2.2596989,11.324602,3.9650016],"to":[7.457233,17.388393,9.595664],"faces":{"north":{"uv":[9.765625,11.46875,10.078125,11.84375],"tintindex":0,"texture":"#0"},"east":{"uv":[11.375,13.046875,11.71875,13.421875],"tintindex":0,"texture":"#0"},"south":{"uv":[13.359375,3.890625,13.671875,4.265625],"tintindex":0,"texture":"#0"},"west":{"uv":[11.71875,13.046875,12.0625,13.421875],"tintindex":0,"texture":"#0"},"up":{"uv":[13.78125,5.140625,13.46875,4.796875],"tintindex":0,"texture":"#0"},"down":{"uv":[7.78125,13.484375,7.46875,13.828125],"tintindex":0,"texture":"#0"}}},{"from":[-1.8374739,3.3738403,3.6762495],"to":[3.3600612,9.43763,9.306911],"faces":{"north":{"uv":[12.0625,13.359375,12.375,13.734375],"tintindex":0,"texture":"#0"},"east":{"uv":[0.15625,13.109375,0.5,13.484375],"tintindex":0,"texture":"#0"},"south":{"uv":[13.375,0.203125,13.6875,0.578125],"tintindex":0,"texture":"#0"},"west":{"uv":[4.109375,13.109375,4.453125,13.484375],"tintindex":0,"texture":"#0"},"up":{"uv":[13.828125,1.1875,13.515625,0.84375],"tintindex":0,"texture":"#0"},"down":{"uv":[13.828125,9.203125,13.515625,9.546875],"tintindex":0,"texture":"#0"}},"rotation":{"angle":22.5,"axis":"z","origin":[-0.3937149,6.116983,6.491581]}},{"from":[-2.2706022,3.8388395,4.9142127],"to":[2.0606766,8.170118,8.379235],"faces":{"north":{"uv":[14.046875,4.75,14.3125,5.015625],"tintindex":0,"texture":"#0"},"east":{"uv":[14.1875,3.09375,14.40625,3.359375],"tintindex":0,"texture":"#0"},"south":{"uv":[14.046875,6.625,14.3125,6.890625],"tintindex":0,"texture":"#0"},"west":{"uv":[14.1875,5.015625,14.40625,5.28125],"tintindex":0,"texture":"#0"},"up":{"uv":[14.453125,8.25,14.1875,8.03125],"tintindex":0,"texture":"#0"},"down":{"uv":[14.453125,8.25,14.1875,8.46875],"tintindex":0,"texture":"#0"}},"rotation":{"angle":22.5,"axis":"x","origin":[-0.3937149,4.7050953,17.908049]}},{"from":[-2.260705,-0.78159046,2.665618],"to":[2.0705733,3.5496879,6.130641],"faces":{"north":{"uv":[10.03125,14.046875,10.296875,14.3125],"tintindex":0,"texture":"#0"},"east":{"uv":[14.1875,8.46875,14.40625,8.734375],"tintindex":0,"texture":"#0"},"south":{"uv":[13.296875,14.046875,13.5625,14.3125],"tintindex":0,"texture":"#0"},"west":{"uv":[14.1875,8.734375,14.40625,9.0],"tintindex":0,"texture":"#0"},"up":{"uv":[14.453125,12.03125,14.1875,11.8125],"tintindex":0,"texture":"#0"},"down":{"uv":[14.453125,12.75,14.1875,12.96875],"tintindex":0,"texture":"#0"}},"rotation":{"angle":45.0,"axis":"z","origin":[0.4824381,1.9615521,4.3981295]}},{"from":[-0.96469784,2.6139193,11.472551],"to":[0.7678137,5.2126865,14.071319],"faces":{"north":{"uv":[13.78125,14.65625,13.890625,14.8125],"tintindex":0,"texture":"#0"},"east":{"uv":[14.625,3.0625,14.78125,3.21875],"tintindex":0,"texture":"#0"},"south":{"uv":[11.0,14.703125,11.109375,14.859375],"tintindex":0,"texture":"#0"},"west":{"uv":[14.625,4.875,14.78125,5.03125],"tintindex":0,"texture":"#0"},"up":{"uv":[14.5625,14.859375,14.453125,14.703125],"tintindex":0,"texture":"#0"},"down":{"uv":[14.828125,0.0,14.71875,0.15625],"tintindex":0,"texture":"#0"}},"rotation":{"angle":-22.5,"axis":"z","origin":[-2.5047083,2.662045,10.895047]}},{"from":[1.826571,4.4265323,3.309617],"to":[7.890361,13.089089,11.105919],"faces":{"north":{"uv":[1.6875,12.234375,2.0625,12.765625],"tintindex":0,"texture":"#0"},"east":{"uv":[3.46875,11.359375,3.9375,11.890625],"tintindex":0,"texture":"#0"},"south":{"uv":[12.28125,0.421875,12.65625,0.953125],"tintindex":0,"texture":"#0"},"west":{"uv":[7.359375,11.359375,7.828125,11.890625],"tintindex":0,"texture":"#0"},"up":{"uv":[3.140625,12.984375,2.765625,12.515625],"tintindex":0,"texture":"#0"},"down":{"uv":[2.4375,12.546875,2.0625,13.015625],"tintindex":0,"texture":"#0"}},"rotation":{"angle":-22.5,"axis":"x","origin":[4.858466,9.624067,7.640896]}},{"from":[5.2915936,11.7173195,-2.4456577],"to":[9.622872,16.0486,1.0193653],"faces":{"north":{"uv":[4.078125,14.015625,4.34375,14.28125],"tintindex":0,"texture":"#0"},"east":{"uv":[14.171875,9.578125,14.390625,9.84375],"tintindex":0,"texture":"#0"},"south":{"uv":[4.34375,14.015625,4.609375,14.28125],"tintindex":0,"texture":"#0"},"west":{"uv":[14.03125,14.171875,14.25,14.4375],"tintindex":0,"texture":"#0"},"up":{"uv":[14.453125,2.875,14.1875,2.65625],"tintindex":0,"texture":"#0"},"down":{"uv":[14.453125,2.875,14.1875,3.09375],"tintindex":0,"texture":"#0"}}},{"from":[4.569714,6.8369646,-3.1061354],"to":[9.767248,12.900755,2.524527],"faces":{"north":{"uv":[8.984375,13.359375,9.296875,13.734375],"tintindex":0,"texture":"#0"},"east":{"uv":[13.0625,6.40625,13.40625,6.78125],"tintindex":0,"texture":"#0"},"south":{"uv":[13.359375,9.71875,13.671875,10.09375],"tintindex":0,"texture":"#0"},"west":{"uv":[2.390625,13.078125,2.734375,13.453125],"tintindex":0,"texture":"#0"},"up":{"uv":[8.09375,13.828125,7.78125,13.484375],"tintindex":0,"texture":"#0"},"down":{"uv":[12.8125,13.5,12.5,13.84375],"tintindex":0,"texture":"#0"}},"rotation":{"angle":-22.5,"axis":"x","origin":[7.312857,9.0686655,0.46400118]}},{"from":[4.136586,0.19774723,-5.274371],"to":[10.2003765,8.860305,2.5219293],"faces":{"north":{"uv":[12.28125,7.640625,12.65625,8.171875],"tintindex":0,"texture":"#0"},"east":{"uv":[11.453125,4.171875,11.921875,4.703125],"tintindex":0,"texture":"#0"},"south":{"uv":[12.296875,0.953125,12.671875,1.484375],"tintindex":0,"texture":"#0"},"west":{"uv":[3.9375,11.46875,4.40625,12.0],"tintindex":0,"texture":"#0"},"up":{"uv":[12.921875,3.46875,12.546875,3.0],"tintindex":0,"texture":"#0"},"down":{"uv":[12.9375,1.78125,12.5625,2.25],"tintindex":0,"texture":"#0"}},"rotation":{"angle":-45.0,"axis":"x","origin":[7.312857,9.0686655,0.46400118]}},{"from":[0.09405947,6.1604505,1.3932061],"to":[5.2915936,10.49173,5.7244844],"faces":{"north":{"uv":[13.6875,0.3125,14.0,0.578125],"tintindex":0,"texture":"#0"},"east":{"uv":[14.015625,6.984375,14.28125,7.25],"tintindex":0,"texture":"#0"},"south":{"uv":[13.703125,12.578125,14.015625,12.84375],"tintindex":0,"texture":"#0"},"west":{"uv":[14.015625,12.21875,14.28125,12.484375],"tintindex":0,"texture":"#0"},"up":{"uv":[10.40625,14.046875,10.09375,13.78125],"tintindex":0,"texture":"#0"},"down":{"uv":[13.609375,13.78125,13.296875,14.046875],"tintindex":0,"texture":"#0"}},"rotation":{"angle":45.0,"axis":"x","origin":[2.3679805,9.456765,1.1415429]}},{"from":[0.09405947,-2.6551666,-8.0],"to":[5.2915936,1.6761117,-3.6687212],"faces":{"north":{"uv":[13.84375,7.390625,14.15625,7.65625],"tintindex":0,"texture":"#0"},"east":{"uv":[3.265625,14.0625,3.53125,14.328125],"tintindex":0,"texture":"#0"},"south":{"uv":[13.84375,10.078125,14.15625,10.34375],"tintindex":0,"texture":"#0"},"west":{"uv":[3.53125,14.0625,3.796875,14.328125],"tintindex":0,