{"textures":{"0":"bettermodel:item/leviathan_meg","1":"bettermodel:item/leviathan_meg_e","particle":"bettermodel:item/leviathan_meg"},"elements":[{"from":[6.487653,6.1455045,10.064486],"to":[11.579643,13.500603,17.419582],"faces":{"north":{"uv":[1.078125,13.875,1.3125,14.21875],"tintindex":0,"texture":"#0"},"east":{"uv":[13.21875,8.625,13.5625,8.96875],"tintindex":0,"texture":"#0"},"south":{"uv":[13.890625,1.65625,14.125,2.0],"tintindex":0,"texture":"#0"},"west":{"uv":[13.328125,6.78125,13.671875,7.125],"tintindex":0,"texture":"#0"},"up":{"uv":[14.125,2.34375,13.890625,2.0],"tintindex":0,"texture":"#0"},"down":{"uv":[14.125,4.25,13.890625,4.59375],"tintindex":0,"texture":"#0"}},"rotation":{"angle":45.0,"axis":"x","origin":[7.813856,15.901373,6.9601183]}},{"from":[6.770541,-0.9091749,6.5429044],"to":[11.296755,5.880147,12.200672],"faces":{"north":{"uv":[6.75,14.140625,6.953125,14.453125],"tintindex":0,"texture":"#0"},"east":{"uv":[0.4375,13.765625,0.703125,14.078125],"tintindex":0,"texture":"#0"},"south":{"uv":[13.0625,14.140625,13.265625,14.453125],"tintindex":0,"texture":"#0"},"west":{"uv":[10.453125,13.765625,10.71875,14.078125],"tintindex":0,"texture":"#0"},"up":{"uv":[14.515625,4.046875,14.3125,3.78125],"tintindex":0,"texture":"#0"},"down":{"uv":[14.515625,4.75,14.3125,5.015625],"tintindex":0,"texture":"#0"}},"rotation":{"angle":22.5,"axis":"x","origin":[8.096745,14.301115,5.759925]}},{"from":[7.336318,-8.0,-0.69791794],"to":[10.165201,-5.171116,2.1309662],"faces":{"north":{"uv":[8.53125,12.25,8.65625,12.375],"tintindex":0,"texture":"#0"},"east":{"uv":[8.65625,12.25,8.78125,12.375],"tintindex":0,"texture":"#0"},"south":{"uv":[2.15625,12.421875,2.28125,12.546875],"tintindex":0,"texture":"#0"},"west":{"uv":[4.15625,12.453125,4.28125,12.578125],"tintindex":0,"texture":"#0"},"up":{"uv":[12.84375,11.1875,12.71875,11.0625],"tintindex":0,"texture":"#0"},"down":{"uv":[0.125,13.34375,0.0,13.46875],"tintindex":0,"texture":"#0"}},"rotation":{"angle":-22.5,"axis":"x","origin":[8.096745,4.4061832,0.1507473]}},{"from":[7.0534296,-4.92173,1.7028503],"to":[10.44809,-0.3955164,5.663288],"faces":{"north":{"uv":[14.515625,12.9375,14.671875,13.15625],"tintindex":0,"texture":"#0"},"east":{"uv":[1.6875,14.484375,1.875,14.703125],"tintindex":0,"texture":"#0"},"south":{"uv":[14.53125,1.296875,14.6875,1.515625],"tintindex":0,"texture":"#0"},"west":{"uv":[1.875,14.484375,2.0625,14.703125],"tintindex":0,"texture":"#0"},"up":{"uv":[14.734375,1.0625,14.578125,0.875],"tintindex":0,"texture":"#0"},"down":{"uv":[14.734375,1.859375,14.578125,2.046875],"tintindex":0,"texture":"#0"}}}]}