{"textures":{"0":"bettermodel:item/leviathan_meg","1":"bettermodel:item/leviathan_meg_e","particle":"bettermodel:item/leviathan_meg"},"elements":[{"from":[3.6393416,-4.5238547,1.194413],"to":[12.360659,6.3805194,11.00726],"faces":{"north":{"uv":[8.21875,9.265625,8.640625,9.796875],"tintindex":0,"texture":"#0"},"east":{"uv":[5.328125,5.859375,5.796875,6.390625],"tintindex":0,"texture":"#0"},"south":{"uv":[5.765625,11.828125,6.1875,12.359375],"tintindex":0,"texture":"#0"},"west":{"uv":[8.828125,11.328125,9.296875,11.859375],"tintindex":0,"texture":"#0"},"up":{"uv":[12.75,7.25,12.328125,6.78125],"tintindex":0,"texture":"#0"},"down":{"uv":[5.96875,12.359375,5.546875,12.828125],"tintindex":0,"texture":"#0"}}},{"from":[2.9017835,-8.0,0.10099697],"to":[9.450958,-4.7254143,11.016288],"faces":{"north":{"uv":[10.453125,12.21875,10.765625,12.375],"tintindex":0,"texture":"#0"},"east":{"uv":[13.53125,7.890625,14.0625,8.046875],"tintindex":0,"texture":"#0"},"south":{"uv":[3.109375,14.328125,3.421875,14.484375],"tintindex":0,"texture":"#0"},"west":{"uv":[13.671875,4.09375,14.203125,4.25],"tintindex":0,"texture":"#0"},"up":{"uv":[2.75,13.078125,2.4375,12.546875],"tintindex":0,"texture":"#0"},"down":{"uv":[4.46875,12.578125,4.15625,13.109375],"tintindex":0,"texture":"#0"}},"rotation":{"angle":-22.5,"axis":"z","origin":[8.0,-4.515806,4.4671135]}},{"from":[6.549042,-8.0,0.10099697],"to":[13.098217,-4.7254143,11.016288],"faces":{"north":{"uv":[3.421875,14.328125,3.734375,14.484375],"tintindex":0,"texture":"#0"},"east":{"uv":[7.359375,13.828125,7.890625,13.984375],"tintindex":0,"texture":"#0"},"south":{"uv":[14.328125,5.4375,14.640625,5.59375],"tintindex":0,"texture":"#0"},"west":{"uv":[13.828125,9.203125,14.359375,9.359375],"tintindex":0,"texture":"#0"},"up":{"uv":[4.78125,13.109375,4.46875,12.578125],"tintindex":0,"texture":"#0"},"down":{"uv":[5.09375,12.578125,4.78125,13.109375],"tintindex":0,"texture":"#0"}},"rotation":{"angle":22.5,"axis":"z","origin":[8.0,-4.515806,4.4671135]}},{"from":[2.1800818,5.121955,5.142721],"to":[4.36314,6.7592483,6.7800145],"faces":{"north":{"uv":[9.890625,6.578125,10.0,6.65625],"tintindex":0,"texture":"#0"},"east":{"uv":[10.5,0.84375,10.578125,0.921875],"tintindex":0,"texture":"#0"},"south":{"uv":[10.109375,5.953125,10.21875,6.03125],"tintindex":0,"texture":"#0"},"west":{"uv":[10.5,0.921875,10.578125,1.0],"tintindex":0,"texture":"#0"},"up":{"uv":[10.328125,6.03125,10.21875,5.953125],"tintindex":0,"texture":"#0"},"down":{"uv":[10.4375,5.953125,10.328125,6.03125],"tintindex":0,"texture":"#0"}}},{"from":[11.63686,5.121955,5.142721],"to":[13.819918,6.7592483,6.7800145],"faces":{"north":{"uv":[10.4375,5.953125,10.546875,6.03125],"tintindex":0,"texture":"#0"},"east":{"uv":[10.703125,8.625,10.78125,8.703125],"tintindex":0,"texture":"#0"},"south":{"uv":[10.5625,10.296875,10.671875,10.375],"tintindex":0,"texture":"#0"},"west":{"uv":[4.140625,10.78125,4.21875,10.859375],"tintindex":0,"texture":"#0"},"up":{"uv":[10.703125,8.703125,10.59375,8.625],"tintindex":0,"texture":"#0"},"down":{"uv":[10.78125,10.296875,10.671875,10.375],"tintindex":0,"texture":"#0"}}},{"from":[1.9017413,6.4809084,0.6377342],"to":[7.916067,9.76641,11.018174],"faces":{"north":{"uv":[6.234375,3.765625,6.53125,3.921875],"tintindex":0,"texture":"#0"},"east":{"uv":[6.53125,4.78125,7.03125,4.9375],"tintindex":0,"texture":"#0"},"south":{"uv":[14.359375,7.375,14.65625,7.53125],"tintindex":0,"texture":"#0"},"west":{"uv":[12.03125,3.0,12.53125,3.15625],"tintindex":0,"texture":"#0"},"up":{"uv":[6.265625,11.828125,5.96875,11.328125],"tintindex":0,"texture":"#0"},"down":{"uv":[10.75,12.796875,10.453125,13.296875],"tintindex":0,"texture":"#0"}},"rotation":{"angle":22.5,"axis":"z","origin":[8.0,9.967066,7.909039]}},{"from":[8.083934,6.4809084,0.6377342],"to":[14.098258,9.76641,11.018174],"faces":{"north":{"uv":[14.390625,2.328125,14.6875,2.484375],"tintindex":0,"texture":"#0"},"east":{"uv":[13.953125,13.328125,14.453125,13.484375],"tintindex":0,"texture":"#0"},"south":{"uv":[14.421875,1.140625,14.71875,1.296875],"tintindex":0,"texture":"#0"},"west":{"uv":[13.953125,13.484375,14.453125,13.640625],"tintindex":0,"texture":"#0"},"up":{"uv":[5.828125,13.328125,5.53125,12.828125],"tintindex":0,"texture":"#0"},"down":{"uv":[9.96875,12.828125,9.671875,13.328125],"tintindex":0,"texture":"#0"}},"rotation":{"angle":-22.5,"axis":"z","origin":[8.0,9.967066,7.909039]}}]}