{"textures":{"0":"bettermodel:item/leviathan_meg","1":"bettermodel:item/leviathan_meg_e","particle":"bettermodel:item/leviathan_meg"},"elements":[{"from":[6.7021847,3.527122,2.9662695],"to":[11.543175,11.192023,10.631169],"faces":{"north":{"uv":[0.53125,12.734375,0.84375,13.234375],"tintindex":0,"texture":"#0"},"east":{"uv":[5.46875,11.328125,5.96875,11.828125],"tintindex":0,"texture":"#0"},"south":{"uv":[12.75,6.4375,13.0625,6.9375],"tintindex":0,"texture":"#0"},"west":{"uv":[6.53125,11.328125,7.03125,11.828125],"tintindex":0,"texture":"#0"},"up":{"uv":[1.875,13.265625,1.5625,12.765625],"tintindex":0,"texture":"#0"},"down":{"uv":[6.28125,12.78125,5.96875,13.28125],"tintindex":0,"texture":"#0"}},"rotation":{"angle":-45.0,"axis":"x","origin":[9.122681,7.3595724,6.798719]}},{"from":[7.100222,-1.7226627,3.566014],"to":[11.145139,5.54958,7.61093],"faces":{"north":{"uv":[10.453125,13.296875,10.71875,13.765625],"tintindex":0,"texture":"#0"},"east":{"uv":[13.296875,10.53125,13.5625,11.0],"tintindex":0,"texture":"#0"},"south":{"uv":[3.125,13.328125,3.390625,13.796875],"tintindex":0,"texture":"#0"},"west":{"uv":[3.390625,13.328125,3.65625,13.796875],"tintindex":0,"texture":"#0"},"up":{"uv":[3.0,14.328125,2.734375,14.0625],"tintindex":0,"texture":"#0"},"down":{"uv":[3.265625,14.0625,3.0,14.328125],"tintindex":0,"texture":"#0"}}},{"from":[7.1634235,-1.2953303,5.508566],"to":[11.081936,6.764918,8.727822],"faces":{"north":{"uv":[0.84375,13.015625,1.09375,13.546875],"tintindex":0,"texture":"#0"},"east":{"uv":[4.21875,13.484375,4.421875,14.015625],"tintindex":0,"texture":"#0"},"south":{"uv":[11.125,13.046875,11.375,13.578125],"tintindex":0,"texture":"#0"},"west":{"uv":[4.421875,13.484375,4.625,14.015625],"tintindex":0,"texture":"#0"},"up":{"uv":[14.578125,2.125,14.328125,1.921875],"tintindex":0,"texture":"#0"},"down":{"uv":[14.578125,2.125,14.328125,2.328125],"tintindex":0,"texture":"#0"}},"rotation":{"angle":22.5,"axis":"x","origin":[9.526096,1.3228383,7.1181936]}},{"from":[8.315848,-8.0,1.6279645],"to":[10.332928,-5.9829206,3.6450438],"faces":{"north":{"uv":[14.671875,10.953125,14.796875,11.078125],"tintindex":0,"texture":"#0"},"east":{"uv":[14.703125,12.59375,14.828125,12.71875],"tintindex":0,"texture":"#0"},"south":{"uv":[4.0,14.71875,4.125,14.84375],"tintindex":0,"texture":"#0"},"west":{"uv":[4.125,14.71875,4.25,14.84375],"tintindex":0,"texture":"#0"},"up":{"uv":[14.84375,4.25,14.71875,4.125],"tintindex":0,"texture":"#0"},"down":{"uv":[5.390625,14.71875,5.265625,14.84375],"tintindex":0,"texture":"#0"}}},{"from":[8.1141405,-6.719,1.4075251],"to":[10.534636,-3.4916735,4.231435],"faces":{"north":{"uv":[2.28125,14.546875,2.4375,14.765625],"tintindex":0,"texture":"#0"},"east":{"uv":[14.484375,7.53125,14.671875,7.75],"tintindex":0,"texture":"#0"},"south":{"uv":[4.515625,14.546875,4.671875,14.765625],"tintindex":0,"texture":"#0"},"west":{"uv":[14.484375,10.859375,14.671875,11.078125],"tintindex":0,"texture":"#0"},"up":{"uv":[14.734375,9.984375,14.578125,9.796875],"tintindex":0,"texture":"#0"},"down":{"uv":[10.125,14.578125,9.96875,14.765625],"tintindex":0,"texture":"#0"}},"rotation":{"angle":22.5,"axis":"x","origin":[9.223534,-4.468033,3.5641975]}},{"from":[7.509017,-4.4482174,0.4187641],"to":[10.736343,0.39277363,4.4529214],"faces":{"north":{"uv":[14.15625,7.25,14.359375,7.5625],"tintindex":0,"texture":"#0"},"east":{"uv":[6.765625,13.828125,7.03125,14.140625],"tintindex":0,"texture":"#0"},"south":{"uv":[1.875,14.171875,2.078125,14.484375],"tintindex":0,"texture":"#0"},"west":{"uv":[11.375,13.828125,11.640625,14.140625],"tintindex":0,"texture":"#0"},"up":{"uv":[10.234375,14.578125,10.03125,14.3125],"tintindex":0,"texture":"#0"},"down":{"uv":[11.546875,14.3125,11.34375,14.578125],"tintindex":0,"texture":"#0"}},"rotation":{"angle":45.0,"axis":"x","origin":[9.223534,-4.468033,3.5641975]}},{"from":[7.9796686,-3.281107,-0.2119875],"to":[10.265692,-0.8606119,2.2085075],"faces":{"north":{"uv":[14.65625,14.484375,14.8125,14.640625],"tintindex":0,"texture":"#0"},"east":{"uv":[14.65625,14.640625,14.8125,14.796875],"tintindex":0,"texture":"#0"},"south":{"uv":[14.671875,0.40625,14.828125,0.5625],"tintindex":0,"texture":"#0"},"west":{"uv":[14.671875,2.640625,14.828125,2.796875],"tintindex":0,"texture":"#0"},"up":{"uv":[14.828125,2.953125,14.671875,2.796875],"tintindex":0,"texture":"#0"},"down":{"uv":[4.828125,14.671875,4.671875,14.828125],"tintindex":0,"texture":"#0"}},"rotation":{"angle":-45.0,"axis":"x","origin":[9.122681,-1.3039522,1.2426734]}},{"from":[8.383084,-1.3087206,0.16645956],"to":[9.862276,0.30494308,2.1835384],"faces":{"north":{"uv":[0.84375,12.734375,0.9375,12.84375],"tintindex":0,"texture":"#0"},"east":{"uv":[12.484375,0.3125,12.609375,0.421875],"tintindex":0,"texture":"#0"},"south":{"uv":[6.8125,12.78125,6.90625,12.890625],"tintindex":0,"texture":"#0"},"west":{"uv":[13.0625,0.203125,13.1875,0.3125],"tintindex":0,"texture":"#0"},"up":{"uv":[0.359375,11.09375,0.265625,10.96875],"tintindex":0,"texture":"#0"},"down":{"uv":[11.953125,8.171875,11.859375,8.296875],"tintindex":0,"texture":"#0"}},"rotation":{"angle":-22.5,"axis":"x","origin":[9.122681,-1.3039522,1.2426734]}}]}