{"textures":{"0":"bettermodel:item/leviathan_meg","1":"bettermodel:item/leviathan_meg_e","particle":"bettermodel:item/leviathan_meg"},"elements":[{"from":[6.155324,2.4210749,15.883591],"to":[10.237755,16.880787,23.998137],"faces":{"north":{"uv":[7.1875,8.71875,7.53125,9.9375],"tintindex":0,"texture":"#0"},"east":{"uv":[5.125,4.640625,5.8125,5.859375],"tintindex":0,"texture":"#0"},"south":{"uv":[5.625,8.734375,5.96875,9.953125],"tintindex":0,"texture":"#0"},"west":{"uv":[0.78125,5.203125,1.46875,6.421875],"tintindex":0,"texture":"#0"},"up":{"uv":[12.03125,2.46875,11.6875,1.78125],"tintindex":0,"texture":"#0"},"down":{"uv":[12.03125,2.46875,11.6875,3.15625],"tintindex":0,"texture":"#0"}}},{"from":[7.098714,-0.7235565,6.379816],"to":[11.81007,14.994008,15.752214],"faces":{"north":{"uv":[0.796875,7.484375,1.1875,8.796875],"tintindex":0,"texture":"#0"},"east":{"uv":[2.375,4.0,3.15625,5.3125],"tintindex":0,"texture":"#0"},"south":{"uv":[1.75,7.53125,2.140625,8.84375],"tintindex":0,"texture":"#0"},"west":{"uv":[0.0,4.3125,0.78125,5.625],"tintindex":0,"texture":"#0"},"up":{"uv":[5.078125,11.609375,4.6875,10.828125],"tintindex":0,"texture":"#0"},"down":{"uv":[5.46875,10.828125,5.078125,11.609375],"tintindex":0,"texture":"#0"}}},{"from":[4.897472,0.84875965,0.0905552],"to":[9.608828,13.421694,6.318321],"faces":{"north":{"uv":[6.71875,8.78125,7.109375,9.828125],"tintindex":0,"texture":"#0"},"east":{"uv":[7.375,3.796875,7.890625,4.84375],"tintindex":0,"texture":"#0"},"south":{"uv":[1.65625,8.84375,2.046875,9.890625],"tintindex":0,"texture":"#0"},"west":{"uv":[7.375,4.84375,7.890625,5.890625],"tintindex":0,"texture":"#0"},"up":{"uv":[12.59375,6.78125,12.203125,6.265625],"tintindex":0,"texture":"#0"},"down":{"uv":[0.9375,12.21875,0.546875,12.734375],"tintindex":0,"texture":"#0"}}},{"from":[5.5263977,2.1066117,-4.3119287],"to":[8.665439,14.05062,0.029058928],"faces":{"north":{"uv":[0.53125,11.171875,0.796875,12.171875],"tintindex":0,"texture":"#0"},"east":{"uv":[5.59375,9.953125,5.953125,10.953125],"tintindex":0,"texture":"#0"},"south":{"uv":[1.890625,11.234375,2.15625,12.234375],"tintindex":0,"texture":"#0"},"west":{"uv":[0.0,9.96875,0.359375,10.96875],"tintindex":0,"texture":"#0"},"up":{"uv":[3.921875,14.0625,3.65625,13.703125],"tintindex":0,"texture":"#0"},"down":{"uv":[13.96875,11.59375,13.703125,11.953125],"tintindex":0,"texture":"#0"}}}]}