{"textures":{"0":"bettermodel:item/leviathan_meg","1":"bettermodel:item/leviathan_meg_e","particle":"bettermodel:item/leviathan_meg"},"elements":[{"from":[4.6099615,3.522397,7.7277174],"to":[11.3900385,14.371424,19.93306],"faces":{"north":{"uv":[13.421875,13.359375,13.6875,13.78125],"tintindex":0,"texture":"#0"},"east":{"uv":[5.96875,12.359375,6.4375,12.78125],"tintindex":0,"texture":"#0"},"south":{"uv":[13.4375,11.59375,13.703125,12.015625],"tintindex":0,"texture":"#0"},"west":{"uv":[6.4375,12.359375,6.90625,12.78125],"tintindex":0,"texture":"#0"},"up":{"uv":[4.734375,1.265625,4.46875,0.796875],"tintindex":0,"texture":"#0"},"down":{"uv":[3.03125,12.046875,2.765625,12.515625],"tintindex":0,"texture":"#0"}}},{"from":[1.9033555,0.13763183,14.515326],"to":[11.38401,10.974605,23.995981],"faces":{"north":{"uv":[12.65625,7.5625,13.03125,7.984375],"tintindex":0,"texture":"#0"},"east":{"uv":[12.671875,0.78125,13.046875,1.203125],"tintindex":0,"texture":"#0"},"south":{"uv":[0.15625,12.6875,0.53125,13.109375],"tintindex":0,"texture":"#0"},"west":{"uv":[12.5625,12.703125,12.9375,13.125],"tintindex":0,"texture":"#0"},"up":{"uv":[9.234375,0.796875,8.859375,0.421875],"tintindex":0,"texture":"#0"},"down":{"uv":[3.734375,12.953125,3.359375,13.328125],"tintindex":0,"texture":"#0"}},"rotation":{"angle":45.0,"axis":"y","origin":[8.0,2.8434844,17.89934]}},{"from":[5.0558286,1.243496,6.37508],"to":[9.8029375,3.9561296,19.938248],"faces":{"north":{"uv":[2.015625,6.15625,2.203125,6.265625],"tintindex":0,"texture":"#0"},"east":{"uv":[4.5625,5.75,5.09375,5.859375],"tintindex":0,"texture":"#0"},"south":{"uv":[1.75,7.390625,1.9375,7.5],"tintindex":0,"texture":"#0"},"west":{"uv":[10.96875,10.71875,11.5,10.828125],"tintindex":0,"texture":"#0"},"up":{"uv":[2.8125,11.453125,2.625,10.921875],"tintindex":0,"texture":"#0"},"down":{"uv":[11.375,13.578125,11.1875,14.109375],"tintindex":0,"texture":"#0"}},"rotation":{"angle":-22.5,"axis":"z","origin":[8.0,5.5729017,11.800347]}},{"from":[6.1970625,1.243496,6.37508],"to":[10.944172,3.9561296,19.938248],"faces":{"north":{"uv":[3.46875,7.453125,3.65625,7.5625],"tintindex":0,"texture":"#0"},"east":{"uv":[13.921875,1.3125,14.453125,1.421875],"tintindex":0,"texture":"#0"},"south":{"uv":[9.078125,7.078125,9.265625,7.1875],"tintindex":0,"texture":"#0"},"west":{"uv":[14.109375,3.671875,14.640625,3.78125],"tintindex":0,"texture":"#0"},"up":{"uv":[13.296875,14.140625,13.109375,13.609375],"tintindex":0,"texture":"#0"},"down":{"uv":[13.859375,9.546875,13.671875,10.078125],"tintindex":0,"texture":"#0"}},"rotation":{"angle":22.5,"axis":"z","origin":[8.0,5.5729017,11.800347]}},{"from":[2.4568753,14.659675,7.0420203],"to":[7.895706,16.707716,21.975069],"faces":{"north":{"uv":[3.15625,4.921875,3.375,5.0],"tintindex":0,"texture":"#0"},"east":{"uv":[8.59375,1.40625,9.171875,1.484375],"tintindex":0,"texture":"#0"},"south":{"uv":[6.578125,6.34375,6.796875,6.421875],"tintindex":0,"texture":"#0"},"west":{"uv":[10.375,5.53125,10.953125,5.609375],"tintindex":0,"texture":"#0"},"up":{"uv":[5.015625,13.6875,4.796875,13.109375],"tintindex":0,"texture":"#0"},"down":{"uv":[13.421875,5.15625,13.203125,5.734375],"tintindex":0,"texture":"#0"}},"rotation":{"angle":22.5,"axis":"z","origin":[8.0,16.957043,16.07723]}},{"from":[8.104294,14.659675,7.0420203],"to":[13.543125,16.707716,21.975069],"faces":{"north":{"uv":[6.796875,6.34375,7.015625,6.421875],"tintindex":0,"texture":"#0"},"east":{"uv":[14.21875,7.78125,14.796875,7.859375],"tintindex":0,"texture":"#0"},"south":{"uv":[7.03125,5.46875,7.25,5.546875],"tintindex":0,"texture":"#0"},"west":{"uv":[14.25,13.1875,14.828125,13.265625],"tintindex":0,"texture":"#0"},"up":{"uv":[13.421875,13.03125,13.203125,12.453125],"tintindex":0,"texture":"#0"},"down":{"uv":[13.421875,13.03125,13.203125,13.609375],"tintindex":0,"texture":"#0"}},"rotation":{"angle":-22.5,"axis":"z","origin":[8.0,16.957043,16.07723]}}]}