{"textures":{"0":"bettermodel:item/leviathan_meg","1":"bettermodel:item/leviathan_meg_e","particle":"bettermodel:item/leviathan_meg"},"elements":[{"from":[7.7087593,9.37698,0.3181548],"to":[8.470517,14.963203,11.99844],"faces":{"north":{"uv":[10.78125,11.25,10.859375,11.828125],"tintindex":0,"texture":"#0"},"east":{"uv":[5.640625,0.0,6.859375,0.578125],"tintindex":0,"texture":"#0"},"south":{"uv":[10.21875,12.296875,10.296875,12.875],"tintindex":0,"texture":"#0"},"west":{"uv":[5.8125,4.96875,7.03125,5.546875],"tintindex":0,"texture":"#0"},"up":{"uv":[3.0625,8.75,2.984375,7.53125],"tintindex":0,"texture":"#0"},"down":{"uv":[1.875,13.265625,1.796875,14.484375],"tintindex":0,"texture":"#0"}},"rotation":{"angle":45.0,"axis":"x","origin":[4.9734497,10.522293,9.471295]}},{"from":[7.772239,0.7960906,-5.189842],"to":[8.407037,9.937183,4.9669285],"faces":{"north":{"uv":[6.171875,1.953125,6.234375,2.90625],"tintindex":0,"texture":"#0"},"east":{"uv":[3.6875,1.3125,4.75,2.265625],"tintindex":0,"texture":"#0"},"south":{"uv":[1.375,6.421875,1.4375,7.375],"tintindex":0,"texture":"#0"},"west":{"uv":[4.328125,3.6875,5.390625,4.640625],"tintindex":0,"texture":"#0"},"up":{"uv":[7.171875,9.84375,7.109375,8.78125],"tintindex":0,"texture":"#0"},"down":{"uv":[2.109375,8.84375,2.046875,9.90625],"tintindex":0,"texture":"#0"}},"rotation":{"angle":22.5,"axis":"x","origin":[5.087864,-5.51777,14.260582]}},{"from":[8.089638,8.764845,6.189265],"to":[8.089638,24.0,21.42442],"faces":{"east":{"uv":[0.0,0.0,1.578125,1.578125],"tintindex":0,"texture":"#0"},"west":{"uv":[0.0,1.578125,1.578125,3.15625],"tintindex":0,"texture":"#0"}}},{"from":[7.8991985,5.5008364,5.2300286],"to":[8.280078,10.579221,11.070171],"faces":{"north":{"uv":[2.9375,7.53125,2.984375,8.0625],"tintindex":0,"texture":"#0"},"east":{"uv":[0.359375,10.0625,0.96875,10.59375],"tintindex":0,"texture":"#0"},"south":{"uv":[0.75,7.578125,0.796875,8.109375],"tintindex":0,"texture":"#0"},"west":{"uv":[5.953125,10.375,6.5625,10.90625],"tintindex":0,"texture":"#0"},"up":{"uv":[1.578125,3.765625,1.53125,3.15625],"tintindex":0,"texture":"#0"},"down":{"uv":[1.578125,3.765625,1.53125,4.375],"tintindex":0,"texture":"#0"}},"rotation":{"angle":22.5,"axis":"x","origin":[5.087864,-5.51777,14.260582]}}]}