{"textures":{"0":"bettermodel:item/leviathan_meg","1":"bettermodel:item/leviathan_meg_e","particle":"bettermodel:item/leviathan_meg"},"elements":[{"from":[6.6059976,6.433395,9.3390665],"to":[9.603955,10.330739,20.431507],"faces":{"north":{"uv":[1.53125,13.734375,1.796875,14.078125],"tintindex":0,"texture":"#0"},"east":{"uv":[10.03125,6.578125,11.0,6.921875],"tintindex":0,"texture":"#0"},"south":{"uv":[8.90625,13.734375,9.171875,14.078125],"tintindex":0,"texture":"#0"},"west":{"uv":[9.59375,10.046875,10.5625,10.390625],"tintindex":0,"texture":"#0"},"up":{"uv":[8.5625,12.25,8.296875,11.28125],"tintindex":0,"texture":"#0"},"down":{"uv":[8.828125,11.28125,8.5625,12.25],"tintindex":0,"texture":"#0"}},"rotation":{"angle":-22.5,"axis":"x","origin":[8.104976,5.983701,14.73539]}},{"from":[7.355487,-5.5584335,13.536206],"to":[8.8544655,8.531965,19.831917],"faces":{"north":{"uv":[5.40625,12.71875,5.53125,13.953125],"tintindex":0,"texture":"#0"},"east":{"uv":[3.15625,6.21875,3.703125,7.453125],"tintindex":0,"texture":"#0"},"south":{"uv":[1.875,12.765625,2.0,14.0],"tintindex":0,"texture":"#0"},"west":{"uv":[6.234375,1.953125,6.78125,3.1875],"tintindex":0,"texture":"#0"},"up":{"uv":[5.515625,14.5,5.390625,13.953125],"tintindex":0,"texture":"#0"},"down":{"uv":[7.875,13.984375,7.75,14.53125],"tintindex":0,"texture":"#0"}}},{"from":[8.0353565,8.123662,19.539862],"to":[10.439719,11.727207,23.143404],"faces":{"north":{"uv":[6.390625,14.125,6.609375,14.4375],"tintindex":0,"texture":"#0"},"east":{"uv":[13.6875,5.96875,14.0,6.28125],"tintindex":0,"texture":"#0"},"south":{"uv":[9.171875,14.125,9.390625,14.4375],"tintindex":0,"texture":"#0"},"west":{"uv":[13.6875,10.9375,14.0,11.25],"tintindex":0,"texture":"#0"},"up":{"uv":[12.84375,14.4375,12.625,14.125],"tintindex":0,"texture":"#0"},"down":{"uv":[13.0625,14.125,12.84375,14.4375],"tintindex":0,"texture":"#0"}},"rotation":{"angle":22.5,"axis":"x","origin":[9.237537,8.982603,20.3988]}},{"from":[8.04102,7.1453133,17.810091],"to":[10.434055,8.938757,22.601496],"faces":{"north":{"uv":[14.546875,2.484375,14.75,2.640625],"tintindex":0,"texture":"#0"},"east":{"uv":[14.125,2.5,14.546875,2.65625],"tintindex":0,"texture":"#0"},"south":{"uv":[0.21875,14.5625,0.421875,14.71875],"tintindex":0,"texture":"#0"},"west":{"uv":[14.140625,11.140625,14.5625,11.296875],"tintindex":0,"texture":"#0"},"up":{"uv":[7.359375,14.171875,7.15625,13.75],"tintindex":0,"texture":"#0"},"down":{"uv":[8.296875,13.75,8.09375,14.171875],"tintindex":0,"texture":"#0"}}},{"from":[8.038355,6.3912306,18.558846],"to":[10.436721,11.187962,20.35762],"faces":{"north":{"uv":[12.8125,13.703125,13.03125,14.125],"tintindex":0,"texture":"#0"},"east":{"uv":[11.1875,14.109375,11.34375,14.53125],"tintindex":0,"texture":"#0"},"south":{"uv":[13.71875,6.28125,13.9375,6.703125],"tintindex":0,"texture":"#0"},"west":{"uv":[4.609375,14.125,4.765625,14.546875],"tintindex":0,"texture":"#0"},"up":{"uv":[14.734375,6.84375,14.515625,6.6875],"tintindex":0,"texture":"#0"},"down":{"uv":[14.75,5.234375,14.53125,5.390625],"tintindex":0,"texture":"#0"}},"rotation":{"angle":45.0,"axis":"x","origin":[9.237537,8.982603,20.3988]}},{"from":[7.7472343,4.62564,19.38012],"to":[9.845804,7.0240054,22.378078],"faces":{"north":{"uv":[3.90625,14.5,4.09375,14.71875],"tintindex":0,"texture":"#0"},"east":{"uv":[0.0,14.203125,0.265625,14.421875],"tintindex":0,"texture":"#0"},"south":{"uv":[4.09375,14.5,4.28125,14.71875],"tintindex":0,"texture":"#0"},"west":{"uv":[14.203125,0.484375,14.46875,0.703125],"tintindex":0,"texture":"#0"},"up":{"uv":[2.921875,14.59375,2.734375,14.328125],"tintindex":0,"texture":"#0"},"down":{"uv":[3.109375,14.328125,2.921875,14.59375],"tintindex":0,"texture":"#0"}},"rotation":{"angle":22.5,"axis":"x","origin":[8.704613,10.185786,21.103745]}},{"from":[8.04703,4.499913,20.556698],"to":[9.546009,6.298687,22.355473],"faces":{"north":{"uv":[10.875,14.703125,11.0,14.859375],"tintindex":0,"texture":"#0"},"east":{"uv":[6.640625,14.671875,6.796875,14.828125],"tintindex":0,"texture":"#0"},"south":{"uv":[11.53125,14.703125,11.65625,14.859375],"tintindex":0,"texture":"#0"},"west":{"uv":[6.796875,14.671875,6.953125,14.828125],"tintindex":0,"texture":"#0"},"up":{"uv":[14.828125,12.4375,14.703125,12.28125],"tintindex":0,"texture":"#0"},"down":{"uv":[14.828125,12.4375,14.703125,12.59375],"tintindex":0,"texture":"#0"}},"rotation":{"angle":45.0,"axis":"x","origin":[8.796519,5.93227,21.189602]}},{"from":[8.946417,5.032883,16.992462],"to":[11.044987,6.8316574,18.791237],"faces":{"north":{"uv":[14.578125,7.203125,14.765625,7.359375],"tintindex":0,"texture":"#0"},"east":{"uv":[7.328125,14.671875,7.484375,14.828125],"tintindex":0,"texture":"#0"},"south":{"uv":[13.1875,14.578125,13.375,14.734375],"tintindex":0,"texture":"#0"},"west":{"uv":[14.671875,7.515625,14.828125,7.671875],"tintindex":0,"texture":"#0"},"up":{"uv":[0.609375,14.75,0.421875,14.59375],"tintindex":0,"texture":"#0"},"down":{"uv":[2.921875,14.59375,2.734375,14.75],"tintindex":0,"texture":"#0"}},"rotation":{"angle":-22.5,"axis":"z","origin":[10.1456,6.8316574,19.09103]}},{"from":[7.5427113,-4.623522,12.590738],"to":[8.741894,5.8693266,17.087673],"faces":{"north":{"uv":[8.796875,13.40625,8.90625,14.328125],"tintindex":0,"texture":"#0"},"east":{"uv":[6.71875,9.828125,7.109375,10.75],"tintindex":0,"texture":"#0"},"south":{"uv":[7.046875,13.421875,7.15625,14.34375],"tintindex":0,"texture":"#0"},"west":{"uv":[7.109375,9.9375,7.5,10.859375],"tintindex":0,"texture":"#0"},"up":{"uv":[10.078125,13.21875,9.96875,12.828125],"tintindex":0,"texture":"#0"},"down":{"uv":[11.65625,14.3125,11.546875,14.703125],"tintindex":0,"texture":"#0"}},"rotation":{"angle":-22.5,"axis":"x","origin":[8.130792,-2.6413584,15.146862]}},{"from":[7.644364,-8.0,11.989845],"to":[8.693649,-3.6529627,16.336884],"faces":{"north":{"uv":[5.171875,14.46875,5.265625,14.84375],"tintindex":0,"texture":"#0"},"east":{"uv":[1.15625,13.0,1.53125,13.375],"tintindex":0,"texture":"#0"},"south":{"uv":[2.1875,14.484375,2.28125,14.859375],"tintindex":0,"texture":"#0"},"west":{"uv":[13.0,6.03125,13.375,6.40625],"tintindex":0,"texture":"#0"},"up":{"uv":[3.765625,14.859375,3.671875,14.484375],"tintindex":0,"texture":"#0"},"down":{"uv":[7.328125,14.484375,7.234375,14.859375],"tintindex":0,"texture":"#0"}},"rotation":{"angle":-45.0,"axis":"x","origin":[8.130792,-2.6413584,15.146862]}}]}