{"textures":{"0":"bettermodel:item/leviathan_meg","1":"bettermodel:item/leviathan_meg_e","particle":"bettermodel:item/leviathan_meg"},"elements":[{"from":[-8.004454,4.3014307,3.483049],"to":[-4.9831314,8.074326,7.2559423],"faces":{"north":{"uv":[10.96875,1.40625,11.078125,1.53125],"tintindex":0,"texture":"#0"},"east":{"uv":[8.1875,10.78125,8.3125,10.90625],"tintindex":0,"texture":"#0"},"south":{"uv":[4.0,13.359375,4.109375,13.484375],"tintindex":0,"texture":"#0"},"west":{"uv":[5.46875,10.828125,5.59375,10.953125],"tintindex":0,"texture":"#0"},"up":{"uv":[13.53125,3.609375,13.421875,3.484375],"tintindex":0,"texture":"#0"},"down":{"uv":[1.796875,14.34375,1.6875,14.46875],"tintindex":0,"texture":"#0"}}},{"from":[20.983131,4.3014307,3.483049],"to":[24.004454,8.074326,7.2559423],"faces":{"north":{"uv":[14.734375,2.078125,14.84375,2.203125],"tintindex":0,"texture":"#0"},"east":{"uv":[14.71875,11.078125,14.84375,11.203125],"tintindex":0,"texture":"#0"},"south":{"uv":[14.734375,6.625,14.84375,6.75],"tintindex":0,"texture":"#0"},"west":{"uv":[14.71875,12.046875,14.84375,12.171875],"tintindex":0,"texture":"#0"},"up":{"uv":[14.84375,6.875,14.734375,6.75],"tintindex":0,"texture":"#0"},"down":{"uv":[14.84375,6.875,14.734375,7.0],"tintindex":0,"texture":"#0"}}},{"from":[-6.1587706,5.2635603,-1.8447667],"to":[11.142431,15.80061,16.341623],"faces":{"north":{"uv":[11.78125,11.265625,12.390625,11.640625],"tintindex":0,"texture":"#0"},"east":{"uv":[11.5625,6.484375,12.203125,6.859375],"tintindex":0,"texture":"#0"},"south":{"uv":[5.15625,11.828125,5.765625,12.203125],"tintindex":0,"texture":"#0"},"west":{"uv":[11.640625,0.65625,12.28125,1.03125],"tintindex":0,"texture":"#0"},"up":{"uv":[5.59375,10.03125,4.984375,9.390625],"tintindex":0,"texture":"#0"},"down":{"uv":[10.21875,3.90625,9.609375,4.546875],"tintindex":0,"texture":"#0"}},"rotation":{"angle":22.5,"axis":"z","origin":[8.0,8.2505245,6.496855]}},{"from":[4.8575683,5.2635603,-1.8447667],"to":[22.15877,15.80061,16.341623],"faces":{"north":{"uv":[11.84375,11.640625,12.453125,12.015625],"tintindex":0,"texture":"#0"},"east":{"uv":[11.640625,1.03125,12.28125,1.40625],"tintindex":0,"texture":"#0"},"south":{"uv":[11.859375,7.265625,12.46875,7.640625],"tintindex":0,"texture":"#0"},"west":{"uv":[11.65625,1.40625,12.296875,1.78125],"tintindex":0,"texture":"#0"},"up":{"uv":[10.21875,5.1875,9.609375,4.546875],"tintindex":0,"texture":"#0"},"down":{"uv":[10.265625,1.6875,9.65625,2.328125],"tintindex":0,"texture":"#0"}},"rotation":{"angle":-22.5,"axis":"z","origin":[8.0,8.2505245,6.496855]}}]}