{"textures":{"0":"bettermodel:item/mf_ember_claw_mf_ember_claw","1":"bettermodel:item/mf_ember_claw_mf_ember_claw_e","particle":"bettermodel:item/mf_ember_claw_mf_ember_claw"},"elements":[{"from":[5.62289,6.037941,5.811549],"to":[12.641025,15.093598,10.339378],"faces":{"north":{"uv":[11.390625,13.515625,11.75,13.984375],"tintindex":0,"texture":"#0"},"east":{"uv":[3.15625,14.109375,3.390625,14.578125],"tintindex":0,"texture":"#0"},"south":{"uv":[6.453125,13.5625,6.8125,14.03125],"tintindex":0,"texture":"#0"},"west":{"uv":[8.3125,14.203125,8.546875,14.671875],"tintindex":0,"texture":"#0"},"up":{"uv":[10.34375,14.65625,9.984375,14.421875],"tintindex":0,"texture":"#0"},"down":{"uv":[3.046875,14.4375,2.6875,14.671875],"tintindex":0,"texture":"#0"}}},{"from":[5.62289,3.0193887,10.339378],"to":[5.62289,13.584322,13.961641],"faces":{"north":{"uv":[0.0,0.0,0.0,0.546875],"tintindex":0,"texture":"#0"},"east":{"uv":[7.875,8.765625,8.0625,9.3125],"tintindex":0,"texture":"#0"},"south":{"uv":[0.0,0.0,0.0,0.546875],"tintindex":0,"texture":"#0"},"west":{"uv":[0.375,12.921875,0.5625,13.46875],"tintindex":0,"texture":"#0"},"up":{"uv":[0.0,0.1875,0.0,0.0],"tintindex":0,"texture":"#0"},"down":{"uv":[0.0,0.0,0.0,0.1875],"tintindex":0,"texture":"#0"}}},{"from":[5.9921074,11.925791,11.850562],"to":[12.104675,17.208258,11.850562],"faces":{"north":{"uv":[13.4375,14.4375,13.75,14.703125],"tintindex":0,"texture":"#0"},"east":{"uv":[0.0,0.0,0.0,0.265625],"tintindex":0,"texture":"#0"},"south":{"uv":[14.453125,0.0,14.765625,0.265625],"tintindex":0,"texture":"#0"},"west":{"uv":[0.0,0.0,0.0,0.265625],"tintindex":0,"texture":"#0"},"up":{"uv":[0.3125,0.0,0.0,0.0],"tintindex":0,"texture":"#0"},"down":{"uv":[0.3125,0.0,0.0,0.0],"tintindex":0,"texture":"#0"}},"rotation":{"angle":-45.0,"axis":"x","origin":[9.048391,16.981865,10.884625]}},{"from":[7.199528,14.793415,7.9566293],"to":[10.897255,24.0,11.880748],"faces":{"north":{"uv":[12.15625,14.390625,12.34375,14.859375],"tintindex":0,"texture":"#0"},"east":{"uv":[14.328125,3.28125,14.53125,3.75],"tintindex":0,"texture":"#0"},"south":{"uv":[12.34375,14.390625,12.53125,14.859375],"tintindex":0,"texture":"#0"},"west":{"uv":[14.328125,3.75,14.53125,4.21875],"tintindex":0,"texture":"#0"},"up":{"uv":[11.265625,15.015625,11.078125,14.8125],"tintindex":0,"texture":"#0"},"down":{"uv":[15.0,11.671875,14.8125,11.875],"tintindex":0,"texture":"#0"}},"rotation":{"angle":-45.0,"axis":"x","origin":[9.048391,16.981865,10.884625]}}]}