{"textures":{"0":"bettermodel:item/mf_ember_claw_mf_ember_claw","1":"bettermodel:item/mf_ember_claw_mf_ember_claw_e","particle":"bettermodel:item/mf_ember_claw_mf_ember_claw"},"elements":[{"from":[22.439024,22.439024,22.439024],"to":[-6.439024,-6.439024,-6.439024],"faces":{"north":{"uv":[10.40625,2.5,11.5625,3.65625],"tintindex":0,"texture":"#0"},"east":{"uv":[7.078125,10.75,8.234375,11.90625],"tintindex":0,"texture":"#0"},"south":{"uv":[8.234375,10.75,9.390625,11.90625],"tintindex":0,"texture":"#0"},"west":{"uv":[9.390625,10.78125,10.546875,11.9375],"tintindex":0,"texture":"#0"},"up":{"uv":[11.703125,11.9375,10.546875,10.78125],"tintindex":0,"texture":"#0"},"down":{"uv":[11.953125,3.65625,10.796875,4.8125],"tintindex":0,"texture":"#0"}}},{"from":[24.0,24.0,24.0],"to":[-8.0,-8.0,-8.0],"faces":{"north":{"uv":[9.125,3.15625,10.40625,4.4375],"tintindex":0,"texture":"#0"},"east":{"uv":[7.078125,9.46875,8.359375,10.75],"tintindex":0,"texture":"#0"},"south":{"uv":[8.359375,9.46875,9.640625,10.75],"tintindex":0,"texture":"#0"},"west":{"uv":[9.515625,4.4375,10.796875,5.71875],"tintindex":0,"texture":"#0"},"up":{"uv":[10.921875,7.0,9.640625,5.71875],"tintindex":0,"texture":"#0"},"down":{"uv":[10.921875,7.0,9.640625,8.28125],"tintindex":0,"texture":"#0"}}},{"from":[23.609756,23.609756,23.609756],"to":[-7.6097565,-7.6097565,-7.6097565],"faces":{"north":{"uv":[9.640625,8.28125,10.890625,9.53125],"tintindex":0,"texture":"#0"},"east":{"uv":[9.640625,9.53125,10.890625,10.78125],"tintindex":0,"texture":"#0"},"south":{"uv":[0.0,9.78125,1.25,11.03125],"tintindex":0,"texture":"#0"},"west":{"uv":[1.25,9.78125,2.5,11.03125],"tintindex":0,"texture":"#0"},"up":{"uv":[11.484375,1.25,10.234375,0.0],"tintindex":0,"texture":"#0"},"down":{"uv":[11.484375,1.25,10.234375,2.5],"tintindex":0,"texture":"#0"}}},{"from":[-4.4878044,-4.4878044,-4.4878044],"to":[20.487804,20.487804,20.487804],"faces":{"north":{"uv":[10.890625,8.28125,11.890625,9.28125],"tintindex":0,"texture":"#0"},"east":{"uv":[10.890625,9.28125,11.890625,10.28125],"tintindex":0,"texture":"#0"},"south":{"uv":[10.921875,4.8125,11.921875,5.8125],"tintindex":0,"texture":"#0"},"west":{"uv":[10.921875,5.8125,11.921875,6.8125],"tintindex":0,"texture":"#0"},"up":{"uv":[11.921875,7.8125,10.921875,6.8125],"tintindex":0,"texture":"#0"},"down":{"uv":[3.5,10.984375,2.5,11.984375],"tintindex":0,"texture":"#0"}}}]}