{"textures":{"0":"bettermodel:item/mf_ember_claw_mf_ember_claw","1":"bettermodel:item/mf_ember_claw_mf_ember_claw_e","particle":"bettermodel:item/mf_ember_claw_mf_ember_claw"},"elements":[{"from":[3.1577735,-1.1878138,6.758404],"to":[13.173319,9.572689,11.062605],"faces":{"north":{"uv":[12.90625,9.21875,13.375,9.734375],"tintindex":0,"texture":"#0"},"east":{"uv":[14.28125,14.21875,14.484375,14.734375],"tintindex":0,"texture":"#0"},"south":{"uv":[2.234375,12.96875,2.703125,13.484375],"tintindex":0,"texture":"#0"},"west":{"uv":[0.34375,14.296875,0.546875,14.8125],"tintindex":0,"texture":"#0"},"up":{"uv":[14.796875,3.078125,14.328125,2.875],"tintindex":0,"texture":"#0"},"down":{"uv":[14.796875,3.078125,14.328125,3.28125],"tintindex":0,"texture":"#0"}}},{"from":[13.173319,2.1231098,3.4474797],"to":[13.173319,9.572689,6.758404],"faces":{"north":{"uv":[0.0,0.0,0.0,0.359375],"tintindex":0,"texture":"#0"},"east":{"uv":[7.4375,14.671875,7.59375,15.03125],"tintindex":0,"texture":"#0"},"south":{"uv":[0.0,0.0,0.0,0.359375],"tintindex":0,"texture":"#0"},"west":{"uv":[2.015625,14.6875,2.171875,15.046875],"tintindex":0,"texture":"#0"},"up":{"uv":[0.0,0.15625,0.0,0.0],"tintindex":0,"texture":"#0"},"down":{"uv":[0.0,0.0,0.0,0.15625],"tintindex":0,"texture":"#0"}}},{"from":[5.8803997,-8.0,4.9722166],"to":[9.936281,2.0983176,9.276418],"faces":{"north":{"uv":[6.765625,14.390625,6.953125,14.859375],"tintindex":0,"texture":"#0"},"east":{"uv":[0.5625,12.296875,0.765625,12.765625],"tintindex":0,"texture":"#0"},"south":{"uv":[6.953125,14.390625,7.140625,14.859375],"tintindex":0,"texture":"#0"},"west":{"uv":[5.34375,14.3125,5.546875,14.78125],"tintindex":0,"texture":"#0"},"up":{"uv":[15.0,9.890625,14.8125,9.6875],"tintindex":0,"texture":"#0"},"down":{"uv":[11.078125,14.8125,10.890625,15.015625],"tintindex":0,"texture":"#0"}},"rotation":{"angle":-45.0,"axis":"x","origin":[8.033966,-1.1813049,8.888704]}},{"from":[4.55603,-2.912981,-1.4857473],"to":[11.260651,2.881136,-1.4857473],"faces":{"north":{"uv":[14.390625,4.625,14.703125,4.90625],"tintindex":0,"texture":"#0"},"east":{"uv":[0.0,0.0,0.0,0.28125],"tintindex":0,"texture":"#0"},"south":{"uv":[14.390625,7.84375,14.703125,8.125],"tintindex":0,"texture":"#0"},"west":{"uv":[0.0,0.0,0.0,0.28125],"tintindex":0,"texture":"#0"},"up":{"uv":[0.3125,0.0,0.0,0.0],"tintindex":0,"texture":"#0"},"down":{"uv":[0.3125,0.0,0.0,0.0],"tintindex":0,"texture":"#0"}},"rotation":{"angle":-45.0,"axis":"x","origin":[8.033966,6.554457,2.3976316]}}]}