{"textures":{"0":"bettermodel:item/mf_ember_claw_pet_mf_ember_claw","1":"bettermodel:item/mf_ember_claw_pet_mf_ember_claw_e","particle":"bettermodel:item/mf_ember_claw_pet_mf_ember_claw"},"elements":[{"from":[4.01875,5.025,-7.3125],"to":[9.70625,10.275,9.3125],"faces":{"north":{"uv":[14.671875,12.15625,14.921875,12.390625],"tintindex":0,"texture":"#0"},"east":{"uv":[13.609375,0.859375,14.359375,1.09375],"tintindex":0,"texture":"#0"},"south":{"uv":[14.671875,12.390625,14.921875,12.625],"tintindex":0,"texture":"#0"},"west":{"uv":[13.609375,1.09375,14.359375,1.328125],"tintindex":0,"texture":"#0"},"up":{"uv":[1.1875,14.109375,0.9375,13.359375],"tintindex":0,"texture":"#0"},"down":{"uv":[3.421875,13.359375,3.171875,14.109375],"tintindex":0,"texture":"#0"}}},{"from":[-0.2687502,5.025,-7.3125],"to":[4.01875,5.025,9.3125],"faces":{"north":{"uv":[0.0,0.0,0.1875,0.0],"tintindex":0,"texture":"#0"},"east":{"uv":[0.0,0.0,0.75,0.0],"tintindex":0,"texture":"#0"},"south":{"uv":[0.0,0.0,0.1875,0.0],"tintindex":0,"texture":"#0"},"west":{"uv":[0.0,0.0,0.75,0.0],"tintindex":0,"texture":"#0"},"up":{"uv":[1.609375,14.734375,1.421875,13.984375],"tintindex":0,"texture":"#0"},"down":{"uv":[11.5625,13.984375,11.375,14.734375],"tintindex":0,"texture":"#0"}}},{"from":[9.70625,-0.22500038,-5.9125004],"to":[9.70625,5.025,9.3125],"faces":{"north":{"uv":[0.0,0.0,0.0,0.234375],"tintindex":0,"texture":"#0"},"east":{"uv":[13.703125,4.71875,14.390625,4.953125],"tintindex":0,"texture":"#0"},"south":{"uv":[0.0,0.0,0.0,0.234375],"tintindex":0,"texture":"#0"},"west":{"uv":[13.703125,7.890625,14.390625,8.125],"tintindex":0,"texture":"#0"},"up":{"uv":[0.0,0.6875,0.0,0.0],"tintindex":0,"texture":"#0"},"down":{"uv":[0.0,0.0,0.0,0.6875],"tintindex":0,"texture":"#0"}}}]}