{"textures":{"0":"bettermodel:item/mf_ember_claw_mf_ember_claw","1":"bettermodel:item/mf_ember_claw_mf_ember_claw_e","particle":"bettermodel:item/mf_ember_claw_mf_ember_claw"},"elements":[{"from":[-0.48924637,-2.0763655,-5.2136974],"to":[14.422299,9.58712,9.62403],"faces":{"north":{"uv":[7.078125,8.765625,7.875,9.390625],"tintindex":0,"texture":"#0"},"east":{"uv":[5.3125,11.625,6.09375,12.25],"tintindex":0,"texture":"#0"},"south":{"uv":[11.5625,2.78125,12.359375,3.40625],"tintindex":0,"texture":"#0"},"west":{"uv":[0.0,11.671875,0.78125,12.296875],"tintindex":0,"texture":"#0"},"up":{"uv":[3.296875,10.5625,2.5,9.78125],"tintindex":0,"texture":"#0"},"down":{"uv":[1.8125,11.03125,1.015625,11.8125],"tintindex":0,"texture":"#0"}},"rotation":{"angle":-22.5,"axis":"x","origin":[8.0,2.3897152,-0.12014866]}},{"from":[-0.48924637,-5.3004065,-5.835187],"to":[-0.48924637,-2.1999865,5.7544804],"faces":{"north":{"uv":[0.0,0.0,0.0,0.171875],"tintindex":0,"texture":"#0"},"east":{"uv":[14.203125,9.5625,14.8125,9.734375],"tintindex":0,"texture":"#0"},"south":{"uv":[0.0,0.0,0.0,0.171875],"tintindex":0,"texture":"#0"},"west":{"uv":[14.203125,9.734375,14.8125,9.90625],"tintindex":0,"texture":"#0"},"up":{"uv":[0.0,0.609375,0.0,0.0],"tintindex":0,"texture":"#0"},"down":{"uv":[0.0,0.0,0.0,0.609375],"tintindex":0,"texture":"#0"}},"rotation":{"angle":-22.5,"axis":"x","origin":[8.0,3.8901253,-0.7416382]}},{"from":[14.422299,-5.3004065,-5.835187],"to":[14.422299,-2.1999865,5.7544804],"faces":{"north":{"uv":[0.0,0.0,0.0,0.171875],"tintindex":0,"texture":"#0"},"east":{"uv":[14.21875,2.703125,14.828125,2.875],"tintindex":0,"texture":"#0"},"south":{"uv":[0.0,0.0,0.0,0.171875],"tintindex":0,"texture":"#0"},"west":{"uv":[14.265625,1.328125,14.875,1.5],"tintindex":0,"texture":"#0"},"up":{"uv":[0.0,0.609375,0.0,0.0],"tintindex":0,"texture":"#0"},"down":{"uv":[0.0,0.0,0.0,0.609375],"tintindex":0,"texture":"#0"}},"rotation":{"angle":-22.5,"axis":"x","origin":[5.933053,3.8901253,-0.7416382]}},{"from":[-0.48924637,-4.3261185,-1.0186357],"to":[14.422299,-4.3261185,2.3770628],"faces":{"north":{"uv":[0.0,0.0,0.796875,0.0],"tintindex":0,"texture":"#0"},"east":{"uv":[0.0,0.0,0.1875,0.0],"tintindex":0,"texture":"#0"},"south":{"uv":[0.0,0.0,0.796875,0.0],"tintindex":0,"texture":"#0"},"west":{"uv":[0.0,0.0,0.1875,0.0],"tintindex":0,"texture":"#0"},"up":{"uv":[14.71875,12.96875,13.921875,12.78125],"tintindex":0,"texture":"#0"},"down":{"uv":[14.71875,12.96875,13.921875,13.15625],"tintindex":0,"texture":"#0"}},"rotation":{"angle":22.5,"axis":"x","origin":[6.9665265,-3.597928,2.8170424]}},{"from":[-0.48924637,-2.4580154,-3.625369],"to":[14.422299,1.6758785,-3.625369],"faces":{"north":{"uv":[13.609375,6.484375,14.40625,6.703125],"tintindex":0,"texture":"#0"},"east":{"uv":[0.0,0.0,0.0,0.21875],"tintindex":0,"texture":"#0"},"south":{"uv":[13.609375,6.703125,14.40625,6.921875],"tintindex":0,"texture":"#0"},"west":{"uv":[0.0,0.0,0.0,0.21875],"tintindex":0,"texture":"#0"},"up":{"uv":[0.796875,0.0,0.0,0.0],"tintindex":0,"texture":"#0"},"down":{"uv":[0.796875,0.0,0.0,0.0],"tintindex":0,"texture":"#0"}},"rotation":{"angle":-45.0,"axis":"x","origin":[6.9665265,-2.4580154,-3.625369]}},{"from":[-2.5561934,5.748504,-7.2806444],"to":[16.489246,16.821434,4.7519407],"faces":{"north":{"uv":[11.484375,0.0,12.5,0.59375],"tintindex":0,"texture":"#0"},"east":{"uv":[12.140625,1.1875,12.78125,1.78125],"tintindex":0,"texture":"#0"},"south":{"uv":[11.484375,0.59375,12.5,1.1875],"tintindex":0,"texture":"#0"},"west":{"uv":[11.4375,12.1875,12.078125,12.78125],"tintindex":0,"texture":"#0"},"up":{"uv":[6.328125,11.625,5.3125,10.984375],"tintindex":0,"texture":"#0"},"down":{"uv":[1.015625,11.03125,0.0,11.671875],"tintindex":0,"texture":"#0"}},"rotation":{"angle":-45.0,"axis":"x","origin":[7.409444,9.181112,-2.1870956]}},{"from":[-2.5561934,16.424458,-4.7519407],"to":[16.489246,21.296545,-4.7519407],"faces":{"north":{"uv":[12.703125,8.6875,13.71875,8.953125],"tintindex":0,"texture":"#0"},"east":{"uv":[0.0,0.0,0.0,0.265625],"tintindex":0,"texture":"#0"},"south":{"uv":[12.703125,8.953125,13.71875,9.21875],"tintindex":0,"texture":"#0"},"west":{"uv":[0.0,0.0,0.0,0.265625],"tintindex":0,"texture":"#0"},"up":{"uv":[1.015625,0.0,0.0,0.0],"tintindex":0,"texture":"#0"},"down":{"uv":[1.015625,0.0,0.0,0.0],"tintindex":0,"texture":"#0"}}},{"from":[-2.5561934,14.209872,-8.0],"to":[16.489246,19.081963,-8.0],"faces":{"north":{"uv":[12.71875,11.84375,13.734375,12.109375],"tintindex":0,"texture":"#0"},"east":{"uv":[0.0,0.0,0.0,0.265625],"tintindex":0,"texture":"#0"},"south":{"uv":[12.75,7.328125,13.765625,7.59375],"tintindex":0,"texture":"#0"},"west":{"uv":[0.0,0.0,0.0,0.265625],"tintindex":0,"texture":"#0"},"up":{"uv":[1.015625,0.0,0.0,0.0],"tintindex":0,"texture":"#0"},"down":{"uv":[1.015625,0.0,0.0,0.0],"tintindex":0,"texture":"#0"}}},{"from":[-2.5561934,19.47588,-2.6800566],"to":[16.489246,19.47588,3.1516867],"faces":{"north":{"uv":[0.0,0.0,1.015625,0.0],"tintindex":0,"texture":"#0"},"east":{"uv":[0.0,0.0,0.3125,0.0],"tintindex":0,"texture":"#0"},"south":{"uv":[0.0,0.0,1.015625,0.0],"tintindex":0,"texture":"#0"},"west":{"uv":[0.0,0.0,0.3125,0.0],"tintindex":0,"texture":"#0"},"up":{"uv":[6.984375,5.140625,5.96875,4.828125],"tintindex":0,"texture":"#0"},"down":{"uv":[6.75,12.34375,5.734375,12.65625],"tintindex":0,"texture":"#0"}},"rotation":{"angle":-22.5,"axis":"x","origin":[6.9665265,19.47588,-2.7169666]}},{"from":[-1.5596294,4.959229,-2.4272747],"to":[15.492683,14.555769,13.074827],"faces":{"north":{"uv":[11.703125,10.28125,12.609375,10.796875],"tintindex":0,"texture":"#0"},"east":{"uv":[11.921875,6.59375,12.75,7.109375],"tintindex":0,"texture":"#0"},"south":{"uv":[11.703125,10.796875,12.609375,11.3125],"tintindex":0,"texture":"#0"},"west":{"uv":[11.921875,7.109375,12.75,7.625],"tintindex":0,"texture":"#0"},"up":{"uv":[4.40625,11.8125,3.5,10.984375],"tintindex":0,"texture":"#0"},"down":{"uv":[5.3125,10.984375,4.40625,11.8125],"tintindex":0,"texture":"#0"}},"rotation":{"angle":22.5,"axis":"x","origin":[6.9665265,13.153197,5.619054]}},{"from":[-1.5596294,11.242218,12.962116],"to":[15.492683,11.242218,16.653093],"faces":{"north":{"uv":[0.0,0.0,0.90625,0.0],"tintindex":0,"texture":"#0"},"east":{"uv":[0.0,0.0,0.203125,0.0],"tintindex":0,"texture":"#0"},"south":{"uv":[0.0,0.0,0.90625,0.0],"tintindex":0,"texture":"#0"},"west":{"uv":[0.0,0.0,0.203125,0.0],"tintindex":0,"texture":"#0"},"up":{"uv":[14.21875,2.90625,13.3125,2.703125],"tintindex":0,"texture":"#0"},"down":{"uv":[8.734375,13.375,7.828125,13.578125],"tintindex":0,"texture":"#0"}},"rotation":{"angle":45.0,"axis":"x","origin":[6.9665265,11.242218,13.035936]}},{"from":[-2.5931034,16.483395,1.8700142],"to":[16.526157,16.483395,9.990163],"faces":{"north":{"uv":[0.0,0.0,1.015625,0.0],"tintindex":0,"texture":"#0"},"east":{"uv":[0.0,0.0,0.4375,0.0],"tintindex":0,"texture":"#0"},"south":{"uv":[0.0,0.0,1.015625,0.0],"tintindex":0,"texture":"#0"},"west":{"uv":[0.0,0.0,0.4375,0.0],"tintindex":0,"texture":"#0"},"up":{"uv":[11.9375,8.25,10.921875,7.8125],"tintindex":0,"texture":"#0"},"down":{"uv":[12.71875,11.3125,11.703125,11.75],"tintindex":0,"texture":"#0"}}},{"from":[-2.5931034,13.825893,7.4802985],"to":[16.526157,13.825893,15.600447],"faces":{"north":{"uv":[0.0,0.0,1.015625,0.0],"tintindex":0,"texture":"#0"},"east":{"uv":[0.0,0.0,0.4375,0.0],"tintindex":0,"texture":"#0"},"south":{"uv":[0.0,0.0,1.015625,0.0],"tintindex":0,"texture":"#0"},"west":{"uv":[0.0,0.0,0.4375,0.0],"tintindex":0,"texture":"#0"},"up":{"uv":[12.71875,12.1875,11.703125,11.75],"tintindex":0,"texture":"#0"},"down":{"uv":[1.796875,11.8125,0.78125,12.25],"tintindex":0,"texture":"#0"}}},{"from":[-2.5931034,13.825893,7.4802985],"to":[16.526157,13.825893,15.600447],"faces":{"north":{"uv":[0.0,0.0,1.015625,0.0],"tintindex":0,"texture":"#0"},"east":{"uv":[0.0,0.0,0.4375,0.0],"tintindex":0,"texture":"#0"},"south":{"uv":[0.0,0.0,1.015625,0.0],"tintindex":0,"texture":"#0"},"west":{"uv":[0.0,0.0,0.4375,0.0],"tintindex":0,"texture":"#0"},