{"textures":{"0":"bettermodel:item/mf_ember_claw_pet_mf_ember_claw","1":"bettermodel:item/mf_ember_claw_pet_mf_ember_claw_e","particle":"bettermodel:item/mf_ember_claw_pet_mf_ember_claw"},"elements":[{"from":[-0.4892454,-2.0763655,-5.2136955],"to":[14.422298,9.58712,9.62403],"faces":{"north":{"uv":[7.078125,8.765625,7.875,9.390625],"tintindex":0,"texture":"#0"},"east":{"uv":[5.3125,11.625,6.09375,12.25],"tintindex":0,"texture":"#0"},"south":{"uv":[11.5625,2.78125,12.359375,3.40625],"tintindex":0,"texture":"#0"},"west":{"uv":[0.0,11.671875,0.78125,12.296875],"tintindex":0,"texture":"#0"},"up":{"uv":[3.296875,10.5625,2.5,9.78125],"tintindex":0,"texture":"#0"},"down":{"uv":[1.8125,11.03125,1.015625,11.8125],"tintindex":0,"texture":"#0"}},"rotation":{"angle":-22.5,"axis":"x","origin":[8.0,2.3897161,-0.120147705]}},{"from":[-0.4892454,-5.3004065,-5.835188],"to":[-0.4892454,-2.1999865,5.7544775],"faces":{"north":{"uv":[0.0,0.0,0.0,0.171875],"tintindex":0,"texture":"#0"},"east":{"uv":[14.203125,9.5625,14.8125,9.734375],"tintindex":0,"texture":"#0"},"south":{"uv":[0.0,0.0,0.0,0.171875],"tintindex":0,"texture":"#0"},"west":{"uv":[14.203125,9.734375,14.8125,9.90625],"tintindex":0,"texture":"#0"},"up":{"uv":[0.0,0.609375,0.0,0.0],"tintindex":0,"texture":"#0"},"down":{"uv":[0.0,0.0,0.0,0.609375],"tintindex":0,"texture":"#0"}},"rotation":{"angle":-22.5,"axis":"x","origin":[8.0,3.8901248,-0.7416401]}},{"from":[14.422298,-5.3004065,-5.835188],"to":[14.422298,-2.1999865,5.7544775],"faces":{"north":{"uv":[0.0,0.0,0.0,0.171875],"tintindex":0,"texture":"#0"},"east":{"uv":[14.21875,2.703125,14.828125,2.875],"tintindex":0,"texture":"#0"},"south":{"uv":[0.0,0.0,0.0,0.171875],"tintindex":0,"texture":"#0"},"west":{"uv":[14.265625,1.328125,14.875,1.5],"tintindex":0,"texture":"#0"},"up":{"uv":[0.0,0.609375,0.0,0.0],"tintindex":0,"texture":"#0"},"down":{"uv":[0.0,0.0,0.0,0.609375],"tintindex":0,"texture":"#0"}},"rotation":{"angle":-22.5,"axis":"x","origin":[5.933053,3.8901248,-0.7416401]}},{"from":[-0.4892454,-4.3261156,-1.0186377],"to":[14.422298,-4.3261156,2.3770604],"faces":{"north":{"uv":[0.0,0.0,0.796875,0.0],"tintindex":0,"texture":"#0"},"east":{"uv":[0.0,0.0,0.1875,0.0],"tintindex":0,"texture":"#0"},"south":{"uv":[0.0,0.0,0.796875,0.0],"tintindex":0,"texture":"#0"},"west":{"uv":[0.0,0.0,0.1875,0.0],"tintindex":0,"texture":"#0"},"up":{"uv":[14.71875,12.96875,13.921875,12.78125],"tintindex":0,"texture":"#0"},"down":{"uv":[14.71875,12.96875,13.921875,13.15625],"tintindex":0,"texture":"#0"}},"rotation":{"angle":22.5,"axis":"x","origin":[6.9665265,-3.5979252,2.8170424]}},{"from":[-0.4892454,-2.4580164,-3.625368],"to":[14.422298,1.6758771,-3.625368],"faces":{"north":{"uv":[13.609375,6.484375,14.40625,6.703125],"tintindex":0,"texture":"#0"},"east":{"uv":[0.0,0.0,0.0,0.21875],"tintindex":0,"texture":"#0"},"south":{"uv":[13.609375,6.703125,14.40625,6.921875],"tintindex":0,"texture":"#0"},"west":{"uv":[0.0,0.0,0.0,0.21875],"tintindex":0,"texture":"#0"},"up":{"uv":[0.796875,0.0,0.0,0.0],"tintindex":0,"texture":"#0"},"down":{"uv":[0.796875,0.0,0.0,0.0],"tintindex":0,"texture":"#0"}},"rotation":{"angle":-45.0,"axis":"x","origin":[6.9665265,-2.4580164,-3.625368]}},{"from":[-2.5561934,5.7485037,-7.2806416],"to":[16.489246,16.821434,4.7519407],"faces":{"north":{"uv":[11.484375,0.0,12.5,0.59375],"tintindex":0,"texture":"#0"},"east":{"uv":[12.140625,1.1875,12.78125,1.78125],"tintindex":0,"texture":"#0"},"south":{"uv":[11.484375,0.59375,12.5,1.1875],"tintindex":0,"texture":"#0"},"west":{"uv":[11.4375,12.1875,12.078125,12.78125],"tintindex":0,"texture":"#0"},"up":{"uv":[6.328125,11.625,5.3125,10.984375],"tintindex":0,"texture":"#0"},"down":{"uv":[1.015625,11.03125,0.0,11.671875],"tintindex":0,"texture":"#0"}},"rotation":{"angle":-45.0,"axis":"x","origin":[7.409444,9.181112,-2.1870956]}},{"from":[-2.5561934,16.424452,-4.751939],"to":[16.489246,21.296543,-4.751939],"faces":{"north":{"uv":[12.703125,8.6875,13.71875,8.953125],"tintindex":0,"texture":"#0"},"east":{"uv":[0.0,0.0,0.0,0.265625],"tintindex":0,"texture":"#0"},"south":{"uv":[12.703125,8.953125,13.71875,9.21875],"tintindex":0,"texture":"#0"},"west":{"uv":[0.0,0.0,0.0,0.265625],"tintindex":0,"texture":"#0"},"up":{"uv":[1.015625,0.0,0.0,0.0],"tintindex":0,"texture":"#0"},"down":{"uv":[1.015625,0.0,0.0,0.0],"tintindex":0,"texture":"#0"}}},{"from":[-2.5561934,14.209866,-8.0],"to":[16.489246,19.081955,-8.0],"faces":{"north":{"uv":[12.71875,11.84375,13.734375,12.109375],"tintindex":0,"texture":"#0"},"east":{"uv":[0.0,0.0,0.0,0.265625],"tintindex":0,"texture":"#0"},"south":{"uv":[12.75,7.328125,13.765625,7.59375],"tintindex":0,"texture":"#0"},"west":{"uv":[0.0,0.0,0.0,0.265625],"tintindex":0,"texture":"#0"},"up":{"uv":[1.015625,0.0,0.0,0.0],"tintindex":0,"texture":"#0"},"down":{"uv":[1.015625,0.0,0.0,0.0],"tintindex":0,"texture":"#0"}}},{"from":[-2.5561934,19.475883,-2.6800575],"to":[16.489246,19.475883,3.1516848],"faces":{"north":{"uv":[0.0,0.0,1.015625,0.0],"tintindex":0,"texture":"#0"},"east":{"uv":[0.0,0.0,0.3125,0.0],"tintindex":0,"texture":"#0"},"south":{"uv":[0.0,0.0,1.015625,0.0],"tintindex":0,"texture":"#0"},"west":{"uv":[0.0,0.0,0.3125,0.0],"tintindex":0,"texture":"#0"},"up":{"uv":[6.984375,5.140625,5.96875,4.828125],"tintindex":0,"texture":"#0"},"down":{"uv":[6.75,12.34375,5.734375,12.65625],"tintindex":0,"texture":"#0"}},"rotation":{"angle":-22.5,"axis":"x","origin":[6.9665265,19.475883,-2.7169666]}},{"from":[-1.5596285,4.9592266,-2.4272738],"to":[15.4926815,14.555763,13.074827],"faces":{"north":{"uv":[11.703125,10.28125,12.609375,10.796875],"tintindex":0,"texture":"#0"},"east":{"uv":[11.921875,6.59375,12.75,7.109375],"tintindex":0,"texture":"#0"},"south":{"uv":[11.703125,10.796875,12.609375,11.3125],"tintindex":0,"texture":"#0"},"west":{"uv":[11.921875,7.109375,12.75,7.625],"tintindex":0,"texture":"#0"},"up":{"uv":[4.40625,11.8125,3.5,10.984375],"tintindex":0,"texture":"#0"},"down":{"uv":[5.3125,10.984375,4.40625,11.8125],"tintindex":0,"texture":"#0"}},"rotation":{"angle":22.5,"axis":"x","origin":[6.9665265,13.153193,5.6190543]}},{"from":[-1.5596285,11.242213,12.962114],"to":[15.4926815,11.242213,16.653091],"faces":{"north":{"uv":[0.0,0.0,0.90625,0.0],"tintindex":0,"texture":"#0"},"east":{"uv":[0.0,0.0,0.203125,0.0],"tintindex":0,"texture":"#0"},"south":{"uv":[0.0,0.0,0.90625,0.0],"tintindex":0,"texture":"#0"},"west":{"uv":[0.0,0.0,0.203125,0.0],"tintindex":0,"texture":"#0"},"up":{"uv":[14.21875,2.90625,13.3125,2.703125],"tintindex":0,"texture":"#0"},"down":{"uv":[8.734375,13.375,7.828125,13.578125],"tintindex":0,"texture":"#0"}},"rotation":{"angle":45.0,"axis":"x","origin":[6.9665265,11.242213,13.035934]}},{"from":[-2.5931025,16.48339,1.870018],"to":[16.526155,16.48339,9.990166],"faces":{"north":{"uv":[0.0,0.0,1.015625,0.0],"tintindex":0,"texture":"#0"},"east":{"uv":[0.0,0.0,0.4375,0.0],"tintindex":0,"texture":"#0"},"south":{"uv":[0.0,0.0,1.015625,0.0],"tintindex":0,"texture":"#0"},"west":{"uv":[0.0,0.0,0.4375,0.0],"tintindex":0,"texture":"#0"},"up":{"uv":[11.9375,8.25,10.921875,7.8125],"tintindex":0,"texture":"#0"},"down":{"uv":[12.71875,11.3125,11.703125,11.75],"tintindex":0,"texture":"#0"}}},{"from":[-2.5931025,13.825888,7.4803023],"to":[16.526155,13.825888,15.60045],"faces":{"north":{"uv":[0.0,0.0,1.015625,0.0],"tintindex":0,"texture":"#0"},"east":{"uv":[0.0,0.0,0.4375,0.0],"tintindex":0,"texture":"#0"},"south":{"uv":[0.0,0.0,1.015625,0.0],"tintindex":0,"texture":"#0"},"west":{"uv":[0.0,0.0,0.4375,0.0],"tintindex":0,"texture":"#0"},"up":{"uv":[12.71875,12.1875,11.703125,11.75],"tintindex":0,"texture":"#0"},"down":{"uv":[1.796875,11.8125,0.78125,12.25],"tintindex":0,"texture":"#0"}}},{"from":[-2.5931025,13.825888,7.4803023],"to":[16.526155,13.825888,15.60045],"faces":{"north":{"uv":[0.0,0.0,1.015625,0.0],"tintindex":0,"texture":"#0"},"east":{"uv":[0.0,0.0,0.4375,0.0],"tintindex":0,"texture":"#0"},"south":{"uv":[0.0,0.0,1.015625,0.0],"tintindex":0,"texture":"#0"},"west":{"uv":[0.0,0.0,0.4375,0.0],"tintindex":0,