{"textures":{"0":"bettermodel:item/mf_ember_claw_mf_ember_claw","1":"bettermodel:item/mf_ember_claw_mf_ember_claw_e","particle":"bettermodel:item/mf_ember_claw_mf_ember_claw"},"elements":[{"from":[2.8266811,-1.1878138,6.758404],"to":[12.842226,9.572689,11.062605],"faces":{"north":{"uv":[2.703125,12.96875,3.171875,13.484375],"tintindex":0,"texture":"#0"},"east":{"uv":[1.609375,14.296875,1.8125,14.8125],"tintindex":0,"texture":"#0"},"south":{"uv":[12.984375,0.0,13.453125,0.515625],"tintindex":0,"texture":"#0"},"west":{"uv":[1.8125,14.296875,2.015625,14.8125],"tintindex":0,"texture":"#0"},"up":{"uv":[14.796875,10.109375,14.328125,9.90625],"tintindex":0,"texture":"#0"},"down":{"uv":[14.796875,10.109375,14.328125,10.3125],"tintindex":0,"texture":"#0"}}},{"from":[2.8266811,2.1231098,3.4474797],"to":[2.8266811,9.572689,6.758404],"faces":{"north":{"uv":[0.0,0.0,0.0,0.359375],"tintindex":0,"texture":"#0"},"east":{"uv":[0.921875,14.71875,1.078125,15.078125],"tintindex":0,"texture":"#0"},"south":{"uv":[0.0,0.0,0.0,0.359375],"tintindex":0,"texture":"#0"},"west":{"uv":[1.078125,14.71875,1.234375,15.078125],"tintindex":0,"texture":"#0"},"up":{"uv":[0.0,0.15625,0.0,0.0],"tintindex":0,"texture":"#0"},"down":{"uv":[0.0,0.0,0.0,0.15625],"tintindex":0,"texture":"#0"}}},{"from":[6.063719,-8.0,4.9722166],"to":[10.1196,2.0983176,9.276418],"faces":{"north":{"uv":[3.578125,14.40625,3.765625,14.875],"tintindex":0,"texture":"#0"},"east":{"uv":[11.953125,14.34375,12.15625,14.8125],"tintindex":0,"texture":"#0"},"south":{"uv":[5.546875,14.40625,5.734375,14.875],"tintindex":0,"texture":"#0"},"west":{"uv":[14.359375,0.71875,14.5625,1.1875],"tintindex":0,"texture":"#0"},"up":{"uv":[0.734375,15.046875,0.546875,14.84375],"tintindex":0,"texture":"#0"},"down":{"uv":[15.03125,1.09375,14.84375,1.296875],"tintindex":0,"texture":"#0"}},"rotation":{"angle":-45.0,"axis":"x","origin":[7.9660335,-1.1813049,8.888704]}},{"from":[4.7393494,-2.912981,-1.4857473],"to":[11.44397,2.881136,-1.4857473],"faces":{"north":{"uv":[14.40625,6.46875,14.71875,6.75],"tintindex":0,"texture":"#0"},"east":{"uv":[0.0,0.0,0.0,0.28125],"tintindex":0,"texture":"#0"},"south":{"uv":[14.40625,10.828125,14.71875,11.109375],"tintindex":0,"texture":"#0"},"west":{"uv":[0.0,0.0,0.0,0.28125],"tintindex":0,"texture":"#0"},"up":{"uv":[0.3125,0.0,0.0,0.0],"tintindex":0,"texture":"#0"},"down":{"uv":[0.3125,0.0,0.0,0.0],"tintindex":0,"texture":"#0"}},"rotation":{"angle":-45.0,"axis":"x","origin":[7.9660335,6.554457,2.3976316]}}]}