{"textures":{"0":"bettermodel:item/mf_ember_claw_mf_ember_claw","1":"bettermodel:item/mf_ember_claw_mf_ember_claw_e","particle":"bettermodel:item/mf_ember_claw_mf_ember_claw"},"elements":[{"from":[-0.31372643,-1.7254896,-4.6274557],"to":[16.313726,17.72549,11.215687],"faces":{"north":{"uv":[13.234375,5.78125,13.65625,6.265625],"tintindex":0,"texture":"#0"},"east":{"uv":[10.171875,13.28125,10.5625,13.765625],"tintindex":0,"texture":"#0"},"south":{"uv":[13.28125,7.890625,13.703125,8.375],"tintindex":0,"texture":"#0"},"west":{"uv":[10.5625,13.28125,10.953125,13.765625],"tintindex":0,"texture":"#0"},"up":{"uv":[11.375,14.0,10.953125,13.609375],"tintindex":0,"texture":"#0"},"down":{"uv":[2.09375,13.625,1.671875,14.015625],"tintindex":0,"texture":"#0"}}},{"from":[-0.31372643,-8.0,-4.6274557],"to":[-0.31372643,-1.7254896,10.588236],"faces":{"north":{"uv":[0.0,0.0,0.0,0.15625],"tintindex":0,"texture":"#0"},"east":{"uv":[12.359375,3.234375,12.734375,3.390625],"tintindex":0,"texture":"#0"},"south":{"uv":[0.0,0.0,0.0,0.15625],"tintindex":0,"texture":"#0"},"west":{"uv":[13.375,9.5625,13.75,9.71875],"tintindex":0,"texture":"#0"},"up":{"uv":[0.0,0.375,0.0,0.0],"tintindex":0,"texture":"#0"},"down":{"uv":[0.0,0.0,0.0,0.375],"tintindex":0,"texture":"#0"}},"rotation":{"angle":-22.5,"axis":"z","origin":[-0.31372643,-1.7254896,3.2941146]}},{"from":[16.313726,-8.0,-4.6274557],"to":[16.313726,-1.7254896,10.588236],"faces":{"north":{"uv":[0.0,0.0,0.0,0.15625],"tintindex":0,"texture":"#0"},"east":{"uv":[13.453125,0.34375,13.828125,0.5],"tintindex":0,"texture":"#0"},"south":{"uv":[0.0,0.0,0.0,0.15625],"tintindex":0,"texture":"#0"},"west":{"uv":[14.625,7.46875,15.0,7.625],"tintindex":0,"texture":"#0"},"up":{"uv":[0.0,0.375,0.0,0.0],"tintindex":0,"texture":"#0"},"down":{"uv":[0.0,0.0,0.0,0.375],"tintindex":0,"texture":"#0"}},"rotation":{"angle":22.5,"axis":"z","origin":[16.313726,-1.7254896,3.2941146]}}]}