{"textures":{"0":"bettermodel:item/mf_ember_claw_mf_ember_claw","1":"bettermodel:item/mf_ember_claw_mf_ember_claw_e","particle":"bettermodel:item/mf_ember_claw_mf_ember_claw"},"elements":[{"from":[5.6076827,5.1591234,-6.8024635],"to":[10.392317,9.196158,-1.3449898],"faces":{"north":{"uv":[14.671875,13.421875,14.921875,13.640625],"tintindex":0,"texture":"#0"},"east":{"uv":[14.5625,1.09375,14.84375,1.3125],"tintindex":0,"texture":"#0"},"south":{"uv":[14.703125,7.828125,14.953125,8.046875],"tintindex":0,"texture":"#0"},"west":{"uv":[9.640625,14.625,9.921875,14.84375],"tintindex":0,"texture":"#0"},"up":{"uv":[11.953125,14.734375,11.703125,14.453125],"tintindex":0,"texture":"#0"},"down":{"uv":[5.984375,14.515625,5.734375,14.796875],"tintindex":0,"texture":"#0"}}},{"from":[5.6076827,5.1591234,-6.8024635],"to":[5.6076827,9.196158,-3.7373066],"faces":{"north":{"uv":[0.0,0.0,0.0,0.21875],"tintindex":0,"texture":"#0"},"east":{"uv":[6.75,12.34375,6.90625,12.5625],"tintindex":0,"texture":"#0"},"south":{"uv":[0.0,0.0,0.0,0.21875],"tintindex":0,"texture":"#0"},"west":{"uv":[7.28125,12.71875,7.4375,12.9375],"tintindex":0,"texture":"#0"},"up":{"uv":[0.0,0.15625,0.0,0.0],"tintindex":0,"texture":"#0"},"down":{"uv":[0.0,0.0,0.0,0.15625],"tintindex":0,"texture":"#0"}},"rotation":{"angle":-22.5,"axis":"y","origin":[5.6076827,7.177641,-6.7650833]}},{"from":[10.392317,5.1591234,-6.8024635],"to":[10.392317,9.196158,-3.7373066],"faces":{"north":{"uv":[0.0,0.0,0.0,0.21875],"tintindex":0,"texture":"#0"},"east":{"uv":[8.578125,13.578125,8.734375,13.796875],"tintindex":0,"texture":"#0"},"south":{"uv":[0.0,0.0,0.0,0.21875],"tintindex":0,"texture":"#0"},"west":{"uv":[13.328125,13.65625,13.484375,13.875],"tintindex":0,"texture":"#0"},"up":{"uv":[0.0,0.15625,0.0,0.0],"tintindex":0,"texture":"#0"},"down":{"uv":[0.0,0.0,0.0,0.15625],"tintindex":0,"texture":"#0"}},"rotation":{"angle":22.5,"axis":"y","origin":[10.392317,7.177641,-6.7650833]}},{"from":[4.9348435,5.1591234,-1.4197493],"to":[11.065157,11.588476,1.944447],"faces":{"north":{"uv":[7.984375,14.203125,8.3125,14.546875],"tintindex":0,"texture":"#0"},"east":{"uv":[3.21875,14.578125,3.390625,14.921875],"tintindex":0,"texture":"#0"},"south":{"uv":[9.171875,14.203125,9.5,14.546875],"tintindex":0,"texture":"#0"},"west":{"uv":[4.0,14.640625,4.171875,14.984375],"tintindex":0,"texture":"#0"},"up":{"uv":[13.046875,14.84375,12.71875,14.671875],"tintindex":0,"texture":"#0"},"down":{"uv":[13.375,14.671875,13.046875,14.84375],"tintindex":0,"texture":"#0"}}},{"from":[3.761448,9.345678,-0.70723057],"to":[5.406166,10.9903965,2.0588865],"faces":{"north":{"uv":[12.609375,11.21875,12.703125,11.3125],"tintindex":0,"texture":"#0"},"east":{"uv":[7.390625,3.15625,7.53125,3.25],"tintindex":0,"texture":"#0"},"south":{"uv":[12.90625,9.734375,13.0,9.828125],"tintindex":0,"texture":"#0"},"west":{"uv":[5.953125,12.25,6.09375,12.34375],"tintindex":0,"texture":"#0"},"up":{"uv":[7.078125,11.78125,6.984375,11.640625],"tintindex":0,"texture":"#0"},"down":{"uv":[4.453125,12.875,4.359375,13.015625],"tintindex":0,"texture":"#0"}},"rotation":{"angle":-22.5,"axis":"y","origin":[4.8600836,10.168037,1.9070668]}},{"from":[10.593834,9.345678,-0.70723057],"to":[12.238552,10.9903965,2.0588865],"faces":{"north":{"uv":[4.359375,13.015625,4.453125,13.109375],"tintindex":0,"texture":"#0"},"east":{"uv":[6.75,12.5625,6.890625,12.65625],"tintindex":0,"texture":"#0"},"south":{"uv":[13.28125,0.515625,13.375,0.609375],"tintindex":0,"texture":"#0"},"west":{"uv":[13.28125,8.59375,13.421875,8.6875],"tintindex":0,"texture":"#0"},"up":{"uv":[4.9375,13.25,4.84375,13.109375],"tintindex":0,"texture":"#0"},"down":{"uv":[4.9375,13.25,4.84375,13.390625],"tintindex":0,"texture":"#0"}},"rotation":{"angle":22.5,"axis":"y","origin":[11.139916,10.168037,1.9070668]}},{"from":[6.430042,7.8312564,-8.0],"to":[9.569958,9.999294,-5.757202],"faces":{"north":{"uv":[6.90625,11.796875,7.078125,11.90625],"tintindex":0,"texture":"#0"},"east":{"uv":[7.9375,7.0625,8.0625,7.171875],"tintindex":0,"texture":"#0"},"south":{"uv":[12.984375,0.515625,13.15625,0.625],"tintindex":0,"texture":"#0"},"west":{"uv":[13.15625,0.515625,13.28125,0.625],"tintindex":0,"texture":"#0"},"up":{"uv":[0.953125,11.796875,0.78125,11.671875],"tintindex":0,"texture":"#0"},"down":{"uv":[13.15625,7.890625,12.984375,8.015625],"tintindex":0,"texture":"#0"}},"rotation":{"angle":-45.0,"axis":"x","origin":[8.0,9.452856,-5.787117]}},{"from":[5.8319626,9.9740715,-6.0723085],"to":[10.168037,9.9740715,-5.324709],"faces":{"north":{"uv":[0.0,0.0,0.234375,0.0],"tintindex":0,"texture":"#0"},"east":{"uv":[0.0,0.0,0.046875,0.0],"tintindex":0,"texture":"#0"},"south":{"uv":[0.0,0.0,0.234375,0.0],"tintindex":0,"texture":"#0"},"west":{"uv":[0.0,0.0,0.046875,0.0],"tintindex":0,"texture":"#0"},"up":{"uv":[6.203125,5.1875,5.96875,5.140625],"tintindex":0,"texture":"#0"},"down":{"uv":[6.4375,5.140625,6.203125,5.1875],"tintindex":0,"texture":"#0"}},"rotation":{"angle":-45.0,"axis":"x","origin":[8.0,9.452856,-5.787117]}},{"from":[3.5891647,3.9629645,1.122088],"to":[12.410835,12.186556,8.224279],"faces":{"north":{"uv":[13.234375,4.28125,13.703125,4.71875],"tintindex":0,"texture":"#0"},"east":{"uv":[12.953125,13.65625,13.328125,14.09375],"tintindex":0,"texture":"#0"},"south":{"uv":[13.234375,4.71875,13.703125,5.15625],"tintindex":0,"texture":"#0"},"west":{"uv":[13.703125,4.28125,14.078125,4.71875],"tintindex":0,"texture":"#0"},"up":{"uv":[13.953125,13.890625,13.484375,13.515625],"tintindex":0,"texture":"#0"},"down":{"uv":[0.84375,13.53125,0.375,13.90625],"tintindex":0,"texture":"#0"}}},{"from":[12.410835,1.5706482,5.5478754],"to":[12.410835,3.9629645,8.224279],"faces":{"north":{"uv":[0.0,0.0,0.0,0.125],"tintindex":0,"texture":"#0"},"east":{"uv":[12.6875,2.40625,12.828125,2.53125],"tintindex":0,"texture":"#0"},"south":{"uv":[0.0,0.0,0.0,0.125],"tintindex":0,"texture":"#0"},"west":{"uv":[13.734375,11.96875,13.875,12.09375],"tintindex":0,"texture":"#0"},"up":{"uv":[0.0,0.140625,0.0,0.0],"tintindex":0,"texture":"#0"},"down":{"uv":[0.0,0.0,0.0,0.140625],"tintindex":0,"texture":"#0"}},"rotation":{"angle":22.5,"axis":"z","origin":[12.410835,3.9629645,6.0188622]}},{"from":[3.5891647,1.5706482,5.5478754],"to":[3.5891647,3.9629645,8.224279],"faces":{"north":{"uv":[0.0,0.0,0.0,0.125],"tintindex":0,"texture":"#0"},"east":{"uv":[7.46875,13.921875,7.609375,14.046875],"tintindex":0,"texture":"#0"},"south":{"uv":[0.0,0.0,0.0,0.125],"tintindex":0,"texture":"#0"},"west":{"uv":[13.984375,6.921875,14.125,7.046875],"tintindex":0,"texture":"#0"},"up":{"uv":[0.0,0.140625,0.0,0.0],"tintindex":0,"texture":"#0"},"down":{"uv":[0.0,0.0,0.0,0.140625],"tintindex":0,"texture":"#0"}},"rotation":{"angle":-22.5,"axis":"z","origin":[3.5891647,3.9629645,6.0188622]}}]}