{"textures":{"0":"bettermodel:item/mf_ember_claw_pet_mf_ember_claw","1":"bettermodel:item/mf_ember_claw_pet_mf_ember_claw_e","particle":"bettermodel:item/mf_ember_claw_pet_mf_ember_claw"},"elements":[{"from":[6.29375,5.025,-7.3125],"to":[11.98125,10.275,9.3125],"faces":{"north":{"uv":[8.171875,14.671875,8.421875,14.90625],"tintindex":0,"texture":"#0"},"east":{"uv":[7.828125,13.578125,8.578125,13.8125],"tintindex":0,"texture":"#0"},"south":{"uv":[14.671875,11.921875,14.921875,12.15625],"tintindex":0,"texture":"#0"},"west":{"uv":[4.359375,13.59375,5.109375,13.828125],"tintindex":0,"texture":"#0"},"up":{"uv":[1.671875,13.984375,1.421875,13.234375],"tintindex":0,"texture":"#0"},"down":{"uv":[7.078125,13.34375,6.828125,14.09375],"tintindex":0,"texture":"#0"}}},{"from":[11.98125,5.025,-7.3125],"to":[16.26875,5.025,9.3125],"faces":{"north":{"uv":[0.0,0.0,0.1875,0.0],"tintindex":0,"texture":"#0"},"east":{"uv":[0.0,0.0,0.75,0.0],"tintindex":0,"texture":"#0"},"south":{"uv":[0.0,0.0,0.1875,0.0],"tintindex":0,"texture":"#0"},"west":{"uv":[0.0,0.0,0.75,0.0],"tintindex":0,"texture":"#0"},"up":{"uv":[9.171875,14.609375,8.984375,13.859375],"tintindex":0,"texture":"#0"},"down":{"uv":[0.921875,13.90625,0.734375,14.65625],"tintindex":0,"texture":"#0"}}},{"from":[6.29375,-0.22500038,-5.9125004],"to":[6.29375,5.025,9.3125],"faces":{"north":{"uv":[0.0,0.0,0.0,0.234375],"tintindex":0,"texture":"#0"},"east":{"uv":[11.890625,10.046875,12.578125,10.28125],"tintindex":0,"texture":"#0"},"south":{"uv":[0.0,0.0,0.0,0.234375],"tintindex":0,"texture":"#0"},"west":{"uv":[13.65625,5.96875,14.34375,6.203125],"tintindex":0,"texture":"#0"},"up":{"uv":[0.0,0.6875,0.0,0.0],"tintindex":0,"texture":"#0"},"down":{"uv":[0.0,0.0,0.0,0.6875],"tintindex":0,"texture":"#0"}}}]}