{"textures":{"0":"bettermodel:item/protgodzilla_sculkdemon","1":"bettermodel:item/protgodzilla_spinvfx","particle":"bettermodel:item/protgodzilla_sculkdemon"},"elements":[{"from":[10.133519,10.821792,10.508277],"to":[24.0,13.218431,13.243567],"faces":{"north":{"uv":[8.25,3.875,9.9140625,4.1640625],"tintindex":0,"texture":"#0"},"east":{"uv":[8.25,3.875,9.9140625,4.1640625],"tintindex":0,"texture":"#0"},"south":{"uv":[8.25,3.875,9.9140625,4.1640625],"tintindex":0,"texture":"#0"},"west":{"uv":[8.25,3.875,9.9140625,4.1640625],"tintindex":0,"texture":"#0"},"up":{"uv":[9.9140625,4.1640625,8.25,3.875],"tintindex":0,"texture":"#0"},"down":{"uv":[9.9140625,3.875,8.25,4.1640625],"tintindex":0,"texture":"#0"}},"rotation":{"angle":22.5,"axis":"z","origin":[17.066755,11.759607,11.615418]}},{"from":[10.133519,10.821792,6.861223],"to":[24.0,13.218431,9.596514],"faces":{"north":{"uv":[8.25,3.875,9.9140625,4.1640625],"tintindex":0,"texture":"#0"},"east":{"uv":[8.25,3.875,9.9140625,4.1640625],"tintindex":0,"texture":"#0"},"south":{"uv":[8.25,3.875,9.9140625,4.1640625],"tintindex":0,"texture":"#0"},"west":{"uv":[8.25,3.875,9.9140625,4.1640625],"tintindex":0,"texture":"#0"},"up":{"uv":[9.9140625,4.1640625,8.25,3.875],"tintindex":0,"texture":"#0"},"down":{"uv":[9.9140625,3.875,8.25,4.1640625],"tintindex":0,"texture":"#0"}},"rotation":{"angle":22.5,"axis":"z","origin":[17.066755,11.759607,7.9683642]}},{"from":[4.108143,6.8016825,7.192438],"to":[11.579257,8.052102,9.328569],"faces":{"north":{"uv":[10.625,8.3125,11.5234375,8.4609375],"tintindex":0,"texture":"#0"},"east":{"uv":[10.625,8.3125,11.5234375,8.4609375],"tintindex":0,"texture":"#0"},"south":{"uv":[10.625,8.3125,11.5234375,8.4609375],"tintindex":0,"texture":"#0"},"west":{"uv":[10.625,8.3125,11.5234375,8.4609375],"tintindex":0,"texture":"#0"},"up":{"uv":[11.5234375,8.4609375,10.625,8.3125],"tintindex":0,"texture":"#0"},"down":{"uv":[11.5234375,8.3125,10.625,8.4609375],"tintindex":0,"texture":"#0"}},"rotation":{"angle":45.0,"axis":"z","origin":[8.0,8.0,8.0]}},{"from":[10.133519,10.821792,13.634323],"to":[24.0,13.218431,16.369614],"faces":{"north":{"uv":[8.25,3.875,9.9140625,4.1640625],"tintindex":0,"texture":"#0"},"east":{"uv":[8.25,3.875,9.9140625,4.1640625],"tintindex":0,"texture":"#0"},"south":{"uv":[8.25,3.875,9.9140625,4.1640625],"tintindex":0,"texture":"#0"},"west":{"uv":[8.25,3.875,9.9140625,4.1640625],"tintindex":0,"texture":"#0"},"up":{"uv":[9.9140625,4.1640625,8.25,3.875],"tintindex":0,"texture":"#0"},"down":{"uv":[9.9140625,3.875,8.25,4.1640625],"tintindex":0,"texture":"#0"}},"rotation":{"angle":22.5,"axis":"z","origin":[17.066755,11.759607,15.262472]}},{"from":[4.108143,6.8016825,10.839492],"to":[11.579257,8.052102,12.975624],"faces":{"north":{"uv":[10.625,8.3125,11.5234375,8.4609375],"tintindex":0,"texture":"#0"},"east":{"uv":[10.625,8.3125,11.5234375,8.4609375],"tintindex":0,"texture":"#0"},"south":{"uv":[10.625,8.3125,11.5234375,8.4609375],"tintindex":0,"texture":"#0"},"west":{"uv":[10.625,8.3125,11.5234375,8.4609375],"tintindex":0,"texture":"#0"},"up":{"uv":[11.5234375,8.4609375,10.625,8.3125],"tintindex":0,"texture":"#0"},"down":{"uv":[11.5234375,8.3125,10.625,8.4609375],"tintindex":0,"texture":"#0"}},"rotation":{"angle":45.0,"axis":"z","origin":[8.0,8.0,8.0]}},{"from":[4.108143,6.8016825,13.965539],"to":[11.579257,8.052102,16.10167],"faces":{"north":{"uv":[10.625,8.3125,11.5234375,8.4609375],"tintindex":0,"texture":"#0"},"east":{"uv":[10.625,8.3125,11.5234375,8.4609375],"tintindex":0,"texture":"#0"},"south":{"uv":[10.625,8.3125,11.5234375,8.4609375],"tintindex":0,"texture":"#0"},"west":{"uv":[10.625,8.3125,11.5234375,8.4609375],"tintindex":0,"texture":"#0"},"up":{"uv":[11.5234375,8.4609375,10.625,8.3125],"tintindex":0,"texture":"#0"},"down":{"uv":[11.5234375,8.3125,10.625,8.4609375],"tintindex":0,"texture":"#0"}},"rotation":{"angle":45.0,"axis":"z","origin":[8.0,8.0,8.0]}}]}