{"textures":{"0":"bettermodel:item/protgodzilla_sculkdemon","1":"bettermodel:item/protgodzilla_spinvfx","particle":"bettermodel:item/protgodzilla_sculkdemon"},"elements":[{"from":[7.312637,0.088644505,13.280352],"to":[9.017525,4.1803756,15.326218],"faces":{"north":{"uv":[8.875,10.0390625,9.765625,9.6875],"tintindex":0,"texture":"#0"},"east":{"uv":[8.875,10.0390625,9.765625,9.6875],"tintindex":0,"texture":"#0"},"south":{"uv":[8.875,10.0390625,9.765625,9.6875],"tintindex":0,"texture":"#0"},"west":{"uv":[8.875,10.0390625,9.765625,9.6875],"tintindex":0,"texture":"#0"},"up":{"uv":[8.875,10.0390625,9.765625,9.6875],"tintindex":0,"texture":"#0"},"down":{"uv":[8.875,10.0390625,9.765625,9.6875],"tintindex":0,"texture":"#0"}},"rotation":{"angle":-22.5,"axis":"x","origin":[8.165081,2.13451,14.303285]}},{"from":[7.2135487,3.3303251,11.340738],"to":[8.918437,10.149877,13.386604],"faces":{"north":{"uv":[8.875,10.0390625,9.765625,9.6875],"tintindex":0,"texture":"#0"},"east":{"uv":[8.875,10.0390625,9.765625,9.6875],"tintindex":0,"texture":"#0"},"south":{"uv":[8.875,10.0390625,9.765625,9.6875],"tintindex":0,"texture":"#0"},"west":{"uv":[8.875,10.0390625,9.765625,9.6875],"tintindex":0,"texture":"#0"},"up":{"uv":[8.875,10.0390625,9.765625,9.6875],"tintindex":0,"texture":"#0"},"down":{"uv":[8.875,10.0390625,9.765625,9.6875],"tintindex":0,"texture":"#0"}},"rotation":{"angle":-22.5,"axis":"x","origin":[8.065992,6.740101,12.363671]}},{"from":[7.171053,8.87016,8.63148],"to":[8.87594,13.6438465,10.677346],"faces":{"north":{"uv":[8.875,10.0390625,9.765625,9.6875],"tintindex":0,"texture":"#0"},"east":{"uv":[8.875,10.0390625,9.765625,9.6875],"tintindex":0,"texture":"#0"},"south":{"uv":[8.875,10.0390625,9.765625,9.6875],"tintindex":0,"texture":"#0"},"west":{"uv":[8.875,10.0390625,9.765625,9.6875],"tintindex":0,"texture":"#0"},"up":{"uv":[8.875,10.0390625,9.765625,9.6875],"tintindex":0,"texture":"#0"},"down":{"uv":[8.875,10.0390625,9.765625,9.6875],"tintindex":0,"texture":"#0"}},"rotation":{"angle":-45.0,"axis":"x","origin":[8.023497,11.257003,9.654413]}},{"from":[7.2135487,13.053316,5.49192],"to":[8.918437,15.099182,10.265605],"faces":{"north":{"uv":[8.875,9.6875,9.765625,10.0390625],"tintindex":0,"texture":"#0"},"east":{"uv":[8.875,9.6875,9.765625,10.0390625],"tintindex":0,"texture":"#0"},"south":{"uv":[8.875,9.6875,9.765625,10.0390625],"tintindex":0,"texture":"#0"},"west":{"uv":[8.875,9.6875,9.765625,10.0390625],"tintindex":0,"texture":"#0"},"up":{"uv":[8.875,9.6875,9.765625,10.0390625],"tintindex":0,"texture":"#0"},"down":{"uv":[8.875,9.6875,9.765625,10.0390625],"tintindex":0,"texture":"#0"}},"rotation":{"angle":22.5,"axis":"x","origin":[7.980748,17.868917,5.8564095]}},{"from":[6.9664664,13.590376,3.8067408],"to":[8.87594,18.364063,5.5116286],"faces":{"north":{"uv":[8.875,9.6875,9.765625,10.0390625],"rotation":180.0,"tintindex":0,"texture":"#0"},"east":{"uv":[8.875,9.6875,9.765625,10.0390625],"rotation":270.0,"tintindex":0,"texture":"#0"},"south":{"uv":[8.875,9.6875,9.765625,10.0390625],"tintindex":0,"texture":"#0"},"west":{"uv":[8.875,9.6875,9.765625,10.0390625],"rotation":90.0,"tintindex":0,"texture":"#0"},"up":{"uv":[8.875,9.6875,9.765625,10.0390625],"rotation":180.0,"tintindex":0,"texture":"#0"},"down":{"uv":[8.875,9.6875,9.765625,10.0390625],"tintindex":0,"texture":"#0"}}},{"from":[7.2817445,16.645973,3.8974533],"to":[8.611557,21.078682,5.6023417],"faces":{"north":{"uv":[8.875,9.6875,9.765625,10.0390625],"tintindex":0,"texture":"#0"},"east":{"uv":[8.875,9.6875,9.765625,10.0390625],"tintindex":0,"texture":"#0"},"south":{"uv":[8.875,9.6875,9.765625,10.0390625],"tintindex":0,"texture":"#0"},"west":{"uv":[8.875,9.6875,9.765625,10.0390625],"tintindex":0,"texture":"#0"},"up":{"uv":[8.875,9.6875,9.765625,10.0390625],"tintindex":0,"texture":"#0"},"down":{"uv":[8.875,9.6875,9.765625,10.0390625],"tintindex":0,"texture":"#0"}},"rotation":{"angle":22.5,"axis":"x","origin":[8.3558235,17.868917,6.2996817]}},{"from":[7.3074436,22.60199,5.0476074],"to":[8.637257,24.0,11.014715],"faces":{"north":{"uv":[8.875,9.6875,9.765625,10.0390625],"rotation":180.0,"tintindex":0,"texture":"#0"},"east":{"uv":[8.875,9.6875,9.765625,10.0390625],"rotation":270.0,"tintindex":0,"texture":"#0"},"south":{"uv":[8.875,9.6875,9.765625,10.0390625],"tintindex":0,"texture":"#0"},"west":{"uv":[8.875,9.6875,9.765625,10.0390625],"rotation":90.0,"tintindex":0,"texture":"#0"},"up":{"uv":[8.875,9.6875,9.765625,10.0390625],"rotation":180.0,"tintindex":0,"texture":"#0"},"down":{"uv":[8.875,9.6875,9.765625,10.0390625],"tintindex":0,"texture":"#0"}},"rotation":{"angle":-45.0,"axis":"x","origin":[7.97235,23.300995,8.031161]}}]}