{"textures":{"0":"bettermodel:item/protgodzilla_sculkdemon","1":"bettermodel:item/protgodzilla_spinvfx","particle":"bettermodel:item/protgodzilla_sculkdemon"},"elements":[{"from":[-8.0,10.821792,10.508277],"to":[5.866481,13.218431,13.243567],"faces":{"north":{"uv":[8.25,4.1875,9.9140625,4.4765625],"tintindex":0,"texture":"#0"},"east":{"uv":[8.25,4.1875,9.9140625,4.4765625],"tintindex":0,"texture":"#0"},"south":{"uv":[8.25,4.1875,9.9140625,4.4765625],"tintindex":0,"texture":"#0"},"west":{"uv":[8.25,4.1875,9.9140625,4.4765625],"tintindex":0,"texture":"#0"},"up":{"uv":[9.9140625,4.4765625,8.25,4.1875],"tintindex":0,"texture":"#0"},"down":{"uv":[9.9140625,4.1875,8.25,4.4765625],"tintindex":0,"texture":"#0"}},"rotation":{"angle":-22.5,"axis":"z","origin":[-1.0667553,11.759607,11.615418]}},{"from":[-8.0,10.821792,6.861223],"to":[5.866481,13.218431,9.596514],"faces":{"north":{"uv":[8.25,4.1875,9.9140625,4.4765625],"tintindex":0,"texture":"#0"},"east":{"uv":[8.25,4.1875,9.9140625,4.4765625],"tintindex":0,"texture":"#0"},"south":{"uv":[8.25,4.1875,9.9140625,4.4765625],"tintindex":0,"texture":"#0"},"west":{"uv":[8.25,4.1875,9.9140625,4.4765625],"tintindex":0,"texture":"#0"},"up":{"uv":[9.9140625,4.4765625,8.25,4.1875],"tintindex":0,"texture":"#0"},"down":{"uv":[9.9140625,4.1875,8.25,4.4765625],"tintindex":0,"texture":"#0"}},"rotation":{"angle":-22.5,"axis":"z","origin":[-1.0667553,11.759607,7.9683642]}},{"from":[4.420743,6.8016825,7.192438],"to":[11.891857,8.052102,9.328569],"faces":{"north":{"uv":[10.625,8.5,11.5234375,8.6484375],"tintindex":0,"texture":"#0"},"east":{"uv":[10.625,8.5,11.5234375,8.6484375],"tintindex":0,"texture":"#0"},"south":{"uv":[10.625,8.5,11.5234375,8.6484375],"tintindex":0,"texture":"#0"},"west":{"uv":[10.625,8.5,11.5234375,8.6484375],"tintindex":0,"texture":"#0"},"up":{"uv":[11.5234375,8.6484375,10.625,8.5],"tintindex":0,"texture":"#0"},"down":{"uv":[11.5234375,8.5,10.625,8.6484375],"tintindex":0,"texture":"#0"}},"rotation":{"angle":-45.0,"axis":"z","origin":[8.0,8.0,8.0]}},{"from":[-8.0,10.821792,13.634323],"to":[5.866481,13.218431,16.369614],"faces":{"north":{"uv":[8.25,4.1875,9.9140625,4.4765625],"tintindex":0,"texture":"#0"},"east":{"uv":[8.25,4.1875,9.9140625,4.4765625],"tintindex":0,"texture":"#0"},"south":{"uv":[8.25,4.1875,9.9140625,4.4765625],"tintindex":0,"texture":"#0"},"west":{"uv":[8.25,4.1875,9.9140625,4.4765625],"tintindex":0,"texture":"#0"},"up":{"uv":[9.9140625,4.4765625,8.25,4.1875],"tintindex":0,"texture":"#0"},"down":{"uv":[9.9140625,4.1875,8.25,4.4765625],"tintindex":0,"texture":"#0"}},"rotation":{"angle":-22.5,"axis":"z","origin":[-1.0667553,11.759607,15.262472]}},{"from":[4.420743,6.8016825,10.839492],"to":[11.891857,8.052102,12.975624],"faces":{"north":{"uv":[10.625,8.5,11.5234375,8.6484375],"tintindex":0,"texture":"#0"},"east":{"uv":[10.625,8.5,11.5234375,8.6484375],"tintindex":0,"texture":"#0"},"south":{"uv":[10.625,8.5,11.5234375,8.6484375],"tintindex":0,"texture":"#0"},"west":{"uv":[10.625,8.5,11.5234375,8.6484375],"tintindex":0,"texture":"#0"},"up":{"uv":[11.5234375,8.6484375,10.625,8.5],"tintindex":0,"texture":"#0"},"down":{"uv":[11.5234375,8.5,10.625,8.6484375],"tintindex":0,"texture":"#0"}},"rotation":{"angle":-45.0,"axis":"z","origin":[8.0,8.0,8.0]}},{"from":[4.420743,6.8016825,13.965539],"to":[11.891857,8.052102,16.10167],"faces":{"north":{"uv":[10.625,8.5,11.5234375,8.6484375],"tintindex":0,"texture":"#0"},"east":{"uv":[10.625,8.5,11.5234375,8.6484375],"tintindex":0,"texture":"#0"},"south":{"uv":[10.625,8.5,11.5234375,8.6484375],"tintindex":0,"texture":"#0"},"west":{"uv":[10.625,8.5,11.5234375,8.6484375],"tintindex":0,"texture":"#0"},"up":{"uv":[11.5234375,8.6484375,10.625,8.5],"tintindex":0,"texture":"#0"},"down":{"uv":[11.5234375,8.5,10.625,8.6484375],"tintindex":0,"texture":"#0"}},"rotation":{"angle":-45.0,"axis":"z","origin":[8.0,8.0,8.0]}}]}