{"textures":{"0":"bettermodel:item/protgodzilla_sculkdemon","1":"bettermodel:item/protgodzilla_spinvfx","particle":"bettermodel:item/protgodzilla_sculkdemon"},"elements":[{"from":[17.857214,4.363323,3.8381686],"to":[22.751469,18.485401,9.053801],"faces":{"north":{"uv":[9.6875,5.9375,10.578125,6.2890625],"tintindex":0,"texture":"#0"},"east":{"uv":[9.6875,5.9375,10.578125,6.2890625],"tintindex":0,"texture":"#0"},"south":{"uv":[9.6875,5.9375,10.578125,6.2890625],"tintindex":0,"texture":"#0"},"west":{"uv":[9.6875,5.9375,10.578125,6.2890625],"tintindex":0,"texture":"#0"},"up":{"uv":[10.578125,6.2890625,9.6875,5.9375],"tintindex":0,"texture":"#0"},"down":{"uv":[10.578125,5.9375,9.6875,6.2890625],"tintindex":0,"texture":"#0"}},"rotation":{"angle":45.0,"axis":"x","origin":[20.304344,11.424362,6.4459877]}},{"from":[-6.4229965,4.363323,3.8381686],"to":[-1.5287418,18.485401,9.053801],"faces":{"north":{"uv":[9.6875,5.9375,10.578125,6.2890625],"tintindex":0,"texture":"#0"},"east":{"uv":[9.6875,5.9375,10.578125,6.2890625],"tintindex":0,"texture":"#0"},"south":{"uv":[9.6875,5.9375,10.578125,6.2890625],"tintindex":0,"texture":"#0"},"west":{"uv":[9.6875,5.9375,10.578125,6.2890625],"tintindex":0,"texture":"#0"},"up":{"uv":[10.578125,6.2890625,9.6875,5.9375],"tintindex":0,"texture":"#0"},"down":{"uv":[10.578125,5.9375,9.6875,6.2890625],"tintindex":0,"texture":"#0"}},"rotation":{"angle":45.0,"axis":"x","origin":[-3.9758654,11.424362,6.4459877]}},{"from":[-5.6001263,12.524458,10.747771],"to":[-2.1056337,22.60762,14.471733],"faces":{"north":{"uv":[9.6875,5.9375,10.578125,6.2890625],"tintindex":0,"texture":"#0"},"east":{"uv":[9.6875,5.9375,10.578125,6.2890625],"tintindex":0,"texture":"#0"},"south":{"uv":[9.6875,5.9375,10.578125,6.2890625],"tintindex":0,"texture":"#0"},"west":{"uv":[9.6875,5.9375,10.578125,6.2890625],"tintindex":0,"texture":"#0"},"up":{"uv":[10.578125,6.2890625,9.6875,5.9375],"tintindex":0,"texture":"#0"},"down":{"uv":[10.578125,5.9375,9.6875,6.2890625],"tintindex":0,"texture":"#0"}},"rotation":{"angle":45.0,"axis":"x","origin":[-3.8528767,17.56604,12.609756]}},{"from":[-5.2234755,16.33679,-4.0050287],"to":[-2.5676537,24.0,-1.1748219],"faces":{"north":{"uv":[9.6875,5.9375,10.578125,6.2890625],"tintindex":0,"texture":"#0"},"east":{"uv":[9.6875,5.9375,10.578125,6.2890625],"tintindex":0,"texture":"#0"},"south":{"uv":[9.6875,5.9375,10.578125,6.2890625],"tintindex":0,"texture":"#0"},"west":{"uv":[9.6875,5.9375,10.578125,6.2890625],"tintindex":0,"texture":"#0"},"up":{"uv":[10.578125,6.2890625,9.6875,5.9375],"tintindex":0,"texture":"#0"},"down":{"uv":[10.578125,5.9375,9.6875,6.2890625],"tintindex":0,"texture":"#0"}},"rotation":{"angle":45.0,"axis":"x","origin":[-1.0081882,-2.4056425,8.565847]}},{"from":[18.680084,12.524458,10.747771],"to":[22.174578,22.60762,14.471733],"faces":{"north":{"uv":[9.6875,5.9375,10.578125,6.2890625],"tintindex":0,"texture":"#0"},"east":{"uv":[9.6875,5.9375,10.578125,6.2890625],"tintindex":0,"texture":"#0"},"south":{"uv":[9.6875,5.9375,10.578125,6.2890625],"tintindex":0,"texture":"#0"},"west":{"uv":[9.6875,5.9375,10.578125,6.2890625],"tintindex":0,"texture":"#0"},"up":{"uv":[10.578125,6.2890625,9.6875,5.9375],"tintindex":0,"texture":"#0"},"down":{"uv":[10.578125,5.9375,9.6875,6.2890625],"tintindex":0,"texture":"#0"}},"rotation":{"angle":45.0,"axis":"x","origin":[20.427334,17.56604,12.609756]}},{"from":[18.859869,16.33679,-4.0050287],"to":[21.51569,24.0,-1.1748219],"faces":{"north":{"uv":[9.6875,5.9375,10.578125,6.2890625],"tintindex":0,"texture":"#0"},"east":{"uv":[9.6875,5.9375,10.578125,6.2890625],"tintindex":0,"texture":"#0"},"south":{"uv":[9.6875,5.9375,10.578125,6.2890625],"tintindex":0,"texture":"#0"},"west":{"uv":[9.6875,5.9375,10.578125,6.2890625],"tintindex":0,"texture":"#0"},"up":{"uv":[10.578125,6.2890625,9.6875,5.9375],"tintindex":0,"texture":"#0"},"down":{"uv":[10.578125,5.9375,9.6875,6.2890625],"tintindex":0,"texture":"#0"}},"rotation":{"angle":45.0,"axis":"x","origin":[-1.0081882,-2.4056425,8.565847]}}]}