{"textures":{"0":"bettermodel:item/protgodzilla_sculkdemon","1":"bettermodel:item/protgodzilla_spinvfx","particle":"bettermodel:item/protgodzilla_sculkdemon"},"elements":[{"from":[19.167908,6.0069532,8.228666],"to":[22.31471,7.569619,9.72595],"faces":{"north":{"uv":[3.875,10.125,4.3125,10.5859375],"tintindex":0,"texture":"#0"},"east":{"uv":[3.875,10.125,4.3125,10.5859375],"tintindex":0,"texture":"#0"},"south":{"uv":[3.875,10.125,4.3125,10.5859375],"tintindex":0,"texture":"#0"},"west":{"uv":[3.875,10.125,4.3125,10.5859375],"tintindex":0,"texture":"#0"},"up":{"uv":[4.3125,10.5859375,3.875,10.125],"tintindex":0,"texture":"#0"},"down":{"uv":[4.3125,10.125,3.875,10.5859375],"tintindex":0,"texture":"#0"}},"rotation":{"angle":45.0,"axis":"z","origin":[20.74131,6.7882867,8.977308]}},{"from":[19.699932,7.6503687,9.564472],"to":[21.184593,11.093609,11.226168],"faces":{"north":{"uv":[5.8125,8.375,6.25,9.3984375],"tintindex":0,"texture":"#0"},"east":{"uv":[5.8125,8.375,6.25,9.3984375],"tintindex":0,"texture":"#0"},"south":{"uv":[5.8125,8.375,6.25,9.3984375],"tintindex":0,"texture":"#0"},"west":{"uv":[5.8125,8.375,6.25,9.3984375],"tintindex":0,"texture":"#0"},"up":{"uv":[6.25,9.3984375,5.8125,8.375],"tintindex":0,"texture":"#0"},"down":{"uv":[6.25,8.375,5.8125,9.3984375],"tintindex":0,"texture":"#0"}},"rotation":{"angle":-45.0,"axis":"x","origin":[20.442265,9.371986,10.816029]}},{"from":[11.80967,9.556318,5.813597],"to":[19.23053,13.752471,9.694543],"faces":{"north":{"uv":[4.0,3.25,6.203125,4.5],"tintindex":0,"texture":"#0"},"east":{"uv":[4.0,2.0625,7.203125,3.2265625],"tintindex":0,"texture":"#0"},"south":{"uv":[4.0,4.5,6.203125,5.75],"tintindex":0,"texture":"#0"},"west":{"uv":[4.0,2.0625,7.203125,3.2265625],"tintindex":0,"texture":"#0"},"up":{"uv":[6.203125,5.75,4.0,4.5],"tintindex":0,"texture":"#0"},"down":{"uv":[6.203125,3.25,4.0,4.5],"tintindex":0,"texture":"#0"}},"rotation":{"angle":-22.5,"axis":"z","origin":[15.5201,11.654393,7.75407]}},{"from":[18.96416,9.105885,5.7735853],"to":[24.0,11.061551,9.842714],"faces":{"north":{"uv":[6.75,1.25,8.25,1.828125],"tintindex":0,"texture":"#0"},"east":{"uv":[6.75,1.25,8.25,1.828125],"tintindex":0,"texture":"#0"},"south":{"uv":[6.75,1.25,8.25,1.828125],"tintindex":0,"texture":"#0"},"west":{"uv":[6.75,1.25,8.25,1.828125],"tintindex":0,"texture":"#0"},"up":{"uv":[8.25,1.828125,6.75,1.25],"tintindex":0,"texture":"#0"},"down":{"uv":[8.25,1.25,6.75,1.828125],"tintindex":0,"texture":"#0"}},"rotation":{"angle":-22.5,"axis":"z","origin":[21.482079,10.083718,7.80815]}}]}