{"textures":{"0":"bettermodel:item/protgodzilla_sculkdemon","1":"bettermodel:item/protgodzilla_spinvfx","particle":"bettermodel:item/protgodzilla_sculkdemon"},"elements":[{"from":[6.182198,6.3575983,6.412109],"to":[9.462442,11.277963,16.252842],"faces":{"north":{"uv":[7.8125,8.0625,8.4140625,8.9609375],"tintindex":0,"texture":"#0"},"east":{"uv":[2.125,5.125,3.921875,6.0234375],"tintindex":0,"texture":"#0"},"south":{"uv":[8.25,0.875,8.8515625,1.7734375],"tintindex":0,"texture":"#0"},"west":{"uv":[3.9375,5.75,5.734375,6.6484375],"tintindex":0,"texture":"#0"},"up":{"uv":[2.7265625,7.859375,2.125,6.0625],"tintindex":0,"texture":"#0"},"down":{"uv":[3.3515625,6.0625,2.75,7.859375],"tintindex":0,"texture":"#0"}}},{"from":[6.4555516,9.091675,11.8558655],"to":[9.189089,11.825212,17.869648],"faces":{"north":{"uv":[0.0,10.0625,0.5,10.5625],"tintindex":0,"texture":"#0"},"east":{"uv":[7.8125,7.0625,8.9140625,7.5625],"tintindex":0,"texture":"#0"},"south":{"uv":[1.0,10.0625,1.5,10.5625],"tintindex":0,"texture":"#0"},"west":{"uv":[7.8125,7.5625,8.9140625,8.0625],"tintindex":0,"texture":"#0"},"up":{"uv":[4.4375,8.7265625,3.9375,7.625],"tintindex":0,"texture":"#0"},"down":{"uv":[2.625,7.875,2.125,8.9765625],"tintindex":0,"texture":"#0"}},"rotation":{"angle":-22.5,"axis":"x","origin":[7.82232,10.458443,14.862755]}},{"from":[6.4555516,10.750683,9.402909],"to":[9.189089,12.390802,13.22986],"faces":{"north":{"uv":[10.375,1.6875,10.875,1.984375],"tintindex":0,"texture":"#0"},"east":{"uv":[9.5625,7.375,10.265625,7.671875],"tintindex":0,"texture":"#0"},"south":{"uv":[10.4375,5.5,10.9375,5.796875],"tintindex":0,"texture":"#0"},"west":{"uv":[9.9375,4.6875,10.640625,4.984375],"tintindex":0,"texture":"#0"},"up":{"uv":[5.6875,7.390625,5.1875,6.6875],"tintindex":0,"texture":"#0"},"down":{"uv":[5.75,9.1875,5.25,9.890625],"tintindex":0,"texture":"#0"}},"rotation":{"angle":-45.0,"axis":"x","origin":[7.82232,11.570744,11.316384]}},{"from":[7.0022593,-0.095124245,20.98008],"to":[8.642381,0.45158243,22.620201],"faces":{"north":{"uv":[7.4375,9.625,7.734375,9.7265625],"tintindex":0,"texture":"#0"},"east":{"uv":[7.75,9.625,8.046875,9.7265625],"tintindex":0,"texture":"#0"},"south":{"uv":[4.8125,9.8125,5.109375,9.9140625],"tintindex":0,"texture":"#0"},"west":{"uv":[10.8125,1.1875,11.109375,1.2890625],"tintindex":0,"texture":"#0"},"up":{"uv":[3.359375,10.171875,3.0625,9.875],"tintindex":0,"texture":"#0"},"down":{"uv":[11.109375,7.9375,10.8125,8.234375],"tintindex":0,"texture":"#0"}},"rotation":{"angle":-45.0,"axis":"x","origin":[7.5489664,-3.480857,1.4395113]}},{"from":[6.4555516,6.068232,12.381353],"to":[9.189089,8.801769,18.395134],"faces":{"north":{"uv":[1.5,10.0625,2.0,10.5625],"tintindex":0,"texture":"#0"},"east":{"uv":[0.6875,7.9375,1.7890625,8.4375],"tintindex":0,"texture":"#0"},"south":{"uv":[2.0,10.0625,2.5,10.5625],"tintindex":0,"texture":"#0"},"west":{"uv":[8.0,4.5625,9.1015625,5.0625],"tintindex":0,"texture":"#0"},"up":{"uv":[3.125,8.9765625,2.625,7.875],"tintindex":0,"texture":"#0"},"down":{"uv":[4.9375,7.9375,4.4375,9.0390625],"tintindex":0,"texture":"#0"}},"rotation":{"angle":22.5,"axis":"x","origin":[7.82232,7.4350004,15.388245]}},{"from":[6.4555516,5.2482305,9.369002],"to":[9.189089,7.4350576,13.195954],"faces":{"north":{"uv":[10.0,3.375,10.5,3.7734375],"tintindex":0,"texture":"#0"},"east":{"uv":[9.9375,3.8125,10.640625,4.2109375],"tintindex":0,"texture":"#0"},"south":{"uv":[5.75,10.125,6.25,10.5234375],"tintindex":0,"texture":"#0"},"west":{"uv":[9.9375,4.25,10.640625,4.6484375],"tintindex":0,"texture":"#0"},"up":{"uv":[9.75,9.390625,9.25,8.6875],"tintindex":0,"texture":"#0"},"down":{"uv":[0.5,9.3125,0.0,10.015625],"tintindex":0,"texture":"#0"}},"rotation":{"angle":45.0,"axis":"x","origin":[7.82232,6.3416443,11.282478]}},{"from":[7.0022593,4.1075277,12.057138],"to":[8.642381,5.200941,13.69726],"faces":{"north":{"uv":[8.0625,9.0,8.359375,9.203125],"tintindex":0,"texture":"#0"},"east":{"uv":[3.4375,11.0,3.734375,11.203125],"tintindex":0,"texture":"#0"},"south":{"uv":[3.75,11.0,4.046875,11.203125],"tintindex":0,"texture":"#0"},"west":{"uv":[11.0,3.8125,11.296875,4.015625],"tintindex":0,"texture":"#0"},"up":{"uv":[11.171875,1.796875,10.875,1.5],"tintindex":0,"texture":"#0"},"down":{"uv":[6.296875,10.875,6.0,11.171875],"tintindex":0,"texture":"#0"}},"rotation":{"angle":45.0,"axis":"x","origin":[7.82232,4.6542344,12.8772]}},{"from":[7.0022593,5.6805754,6.934894],"to":[8.642381,6.7739916,8.575016],"faces":{"north":{"uv":[5.125,11.0,5.421875,11.203125],"tintindex":0,"texture":"#0"},"east":{"uv":[11.0,5.9375,11.296875,6.140625],"tintindex":0,"texture":"#0"},"south":{"uv":[8.75,11.0,9.046875,11.203125],"tintindex":0,"texture":"#0"},"west":{"uv":[9.0625,11.0,9.359375,11.203125],"tintindex":0,"texture":"#0"},"up":{"uv":[6.609375,11.171875,6.3125,10.875],"tintindex":0,"texture":"#0"},"down":{"uv":[9.796875,10.875,9.5,11.171875],"tintindex":0,"texture":"#0"}},"rotation":{"angle":45.0,"axis":"x","origin":[7.82232,6.227282,7.754955]}},{"from":[7.5489664,4.731219,7.877387],"to":[8.095674,5.2779255,8.970802],"faces":{"north":{"uv":[10.75,5.375,10.8515625,5.4765625],"tintindex":0,"texture":"#0"},"east":{"uv":[7.375,5.75,7.578125,5.8515625],"tintindex":0,"texture":"#0"},"south":{"uv":[11.0,6.1875,11.1015625,6.2890625],"tintindex":0,"texture":"#0"},"west":{"uv":[1.8125,9.9375,2.015625,10.0390625],"tintindex":0,"texture":"#0"},"up":{"uv":[8.8515625,9.953125,8.75,9.75],"tintindex":0,"texture":"#0"},"down":{"uv":[9.9765625,2.875,9.875,3.078125],"tintindex":0,"texture":"#0"}},"rotation":{"angle":45.0,"axis":"x","origin":[7.82232,5.004571,8.424094]}},{"from":[7.5489664,3.4159708,13.336342],"to":[8.095674,3.9626775,14.429756],"faces":{"north":{"uv":[11.125,1.1875,11.2265625,1.2890625],"tintindex":0,"texture":"#0"},"east":{"uv":[10.9375,5.6875,11.140625,5.7890625],"tintindex":0,"texture":"#0"},"south":{"uv":[11.125,6.4375,11.2265625,6.5390625],"tintindex":0,"texture":"#0"},"west":{"uv":[11.0625,1.875,11.265625,1.9765625],"tintindex":0,"texture":"#0"},"up":{"uv":[10.3515625,6.890625,10.25,6.6875],"tintindex":0,"texture":"#0"},"down":{"uv":[8.4765625,11.1875,8.375,11.390625],"tintindex":0,"texture":"#0"}},"rotation":{"angle":45.0,"axis":"x","origin":[7.82232,3.689323,13.883049]}},{"from":[7.0022593,4.917057,17.974026],"to":[8.642381,6.5571804,20.707561],"faces":{"north":{"uv":[0.0,10.9375,0.296875,11.234375],"tintindex":0,"texture":"#0"},"east":{"uv":[10.5,2.875,11.0,3.171875],"tintindex":0,"texture":"#0"},"south":{"uv":[4.8125,10.9375,5.109375,11.234375],"tintindex":0,"texture":"#0"},"west":{"uv":[3.1875,10.5,3.6875,10.796875],"tintindex":0,"texture":"#0"},"up":{"uv":[10.796875,3.6875,10.5,3.1875],"tintindex":0,"texture":"#0"},"down":{"uv":[5.421875,10.5,5.125,11.0],"tintindex":0,"texture":"#0"}},"rotation":{"angle":22.5,"axis":"x","origin":[7.82232,5.7371187,19.340794]}},{"from":[7.5489664,3.9306726,20.173046],"to":[8.095674,5.024086,24.0],"faces":{"north":{"uv":[8.5,11.1875,8.6015625,11.390625],"tintindex":0,"texture":"#0"},"east":{"uv":[10.25,9.4375,10.953125,9.640625],"tintindex":0,"texture":"#0"},"south":{"uv":[8.625,11.1875,8.7265625,11.390625],"tintindex":0,"texture":"#0"},"west":{"uv":[0.9375,10.5625,1.640625,10.765625],"tintindex":0,"texture":"#0"},"up":{"uv":[6.5390625,5.265625,6.4375,4.5625],"tintindex":0,"texture":"#0"},"down":{"uv":[8.3515625,10.125,8.25,10.828125],"tintindex":0,"texture":"#0"}},"rotation":{"angle":22.5,"axis":"x","origin":[7.82232,4.47738,22.086523]}},{"from":[7.0022593,11.077445,17.437244],"to":[8.642381,12.717567,19.077366],"faces":{"north":{"uv":[10.9375,5.375,11.234375,5.671875],"tintindex":0,"texture":"#0"},"east":{"uv":[7.1875,10.9375,7.484375,11.234375],"tintindex":0,"texture":"#0"},"south":{"uv":[7.5,10.9375,7.796875,11.234375],"tintindex":0,"texture":"#0"},"west":{"uv":[10.9375,9.875,11.234375,10.171875],"tintindex":0,"texture":"#0"},"up":{"uv":[11.234375,10.484375,10.9375,10.1875],"tintindex":0,"texture":"#0"},"down":{"uv":[10.859375,10.9375,10.5625,11.234375],