{"textures":{"0":"bettermodel:item/protgodzilla_sculkdemon","1":"bettermodel:item/protgodzilla_spinvfx","particle":"bettermodel:item/protgodzilla_sculkdemon"},"elements":[{"from":[7.0780125,17.872341,6.156031],"to":[8.950353,22.638296,15.517735],"faces":{"north":{"uv":[2.4375,11.125,2.578125,11.4765625],"tintindex":0,"texture":"#0"},"east":{"uv":[8.75,10.625,9.1015625,11.0],"tintindex":0,"texture":"#0"},"south":{"uv":[11.0625,10.9375,11.203125,11.2890625],"tintindex":0,"texture":"#0"},"west":{"uv":[9.125,10.625,9.4765625,11.0],"tintindex":0,"texture":"#0"},"up":{"uv":[11.203125,7.75,11.0625,7.375],"tintindex":0,"texture":"#0"},"down":{"uv":[11.203125,8.6875,11.0625,9.0625],"tintindex":0,"texture":"#0"}}},{"from":[6.2269487,3.9148936,4.879435],"to":[9.631204,24.0,7.432627],"faces":{"north":{"uv":[1.8125,7.9375,2.0625,9.9140625],"tintindex":0,"texture":"#0"},"east":{"uv":[8.875,1.5,10.8515625,1.6875],"tintindex":0,"texture":"#0"},"south":{"uv":[3.125,7.875,3.375,9.8515625],"tintindex":0,"texture":"#0"},"west":{"uv":[8.9375,0.625,10.9140625,0.8125],"tintindex":0,"texture":"#0"},"up":{"uv":[9.625,5.6875,9.375,5.5],"tintindex":0,"texture":"#0"},"down":{"uv":[6.875,10.5,6.625,10.6875],"tintindex":0,"texture":"#0"}}},{"from":[7.0780125,5.1063833,7.0070934],"to":[8.950353,9.87234,14.666668],"faces":{"north":{"uv":[11.125,4.375,11.265625,4.7265625],"tintindex":0,"texture":"#0"},"east":{"uv":[1.4375,8.4375,1.7890625,9.625],"tintindex":0,"texture":"#0"},"south":{"uv":[11.125,2.5,11.265625,2.8515625],"tintindex":0,"texture":"#0"},"west":{"uv":[7.0625,8.625,7.4140625,9.8125],"tintindex":0,"texture":"#0"},"up":{"uv":[6.390625,5.75,6.25,4.5625],"tintindex":0,"texture":"#0"},"down":{"uv":[8.203125,10.125,8.0625,11.3125],"tintindex":0,"texture":"#0"}}},{"from":[7.0780125,11.914894,6.156031],"to":[8.950353,16.680851,20.624115],"faces":{"north":{"uv":[11.125,4.375,11.265625,4.7265625],"tintindex":0,"texture":"#0"},"east":{"uv":[1.4375,8.4375,1.7890625,9.625],"tintindex":0,"texture":"#0"},"south":{"uv":[11.125,2.5,11.265625,2.8515625],"tintindex":0,"texture":"#0"},"west":{"uv":[7.0625,8.625,7.4140625,9.8125],"tintindex":0,"texture":"#0"},"up":{"uv":[6.390625,5.75,6.25,4.5625],"tintindex":0,"texture":"#0"},"down":{"uv":[8.203125,10.125,8.0625,11.3125],"tintindex":0,"texture":"#0"}}}]}