{"textures":{"0":"bettermodel:item/protgodzilla_sculkdemon","1":"bettermodel:item/protgodzilla_spinvfx","particle":"bettermodel:item/protgodzilla_sculkdemon"},"elements":[{"from":[6.7385087,2.892373,6.696054],"to":[8.540639,7.2174854,8.858611],"faces":{"north":{"uv":[9.765625,9.6875,8.875,10.0390625],"tintindex":0,"texture":"#0"},"east":{"uv":[9.765625,9.6875,8.875,10.0390625],"tintindex":0,"texture":"#0"},"south":{"uv":[9.765625,9.6875,8.875,10.0390625],"tintindex":0,"texture":"#0"},"west":{"uv":[9.765625,9.6875,8.875,10.0390625],"tintindex":0,"texture":"#0"},"up":{"uv":[9.765625,9.6875,8.875,10.0390625],"tintindex":0,"texture":"#0"},"down":{"uv":[9.765625,9.6875,8.875,10.0390625],"tintindex":0,"texture":"#0"}},"rotation":{"angle":22.5,"axis":"x","origin":[7.639574,5.0549293,7.777333]}},{"from":[6.8432484,-3.417616,4.6458106],"to":[8.645379,3.7909083,6.808367],"faces":{"north":{"uv":[9.765625,9.6875,8.875,10.0390625],"tintindex":0,"texture":"#0"},"east":{"uv":[9.765625,9.6875,8.875,10.0390625],"tintindex":0,"texture":"#0"},"south":{"uv":[9.765625,9.6875,8.875,10.0390625],"tintindex":0,"texture":"#0"},"west":{"uv":[9.765625,9.6875,8.875,10.0390625],"tintindex":0,"texture":"#0"},"up":{"uv":[9.765625,9.6875,8.875,10.0390625],"tintindex":0,"texture":"#0"},"down":{"uv":[9.765625,9.6875,8.875,10.0390625],"tintindex":0,"texture":"#0"}},"rotation":{"angle":22.5,"axis":"x","origin":[7.7443137,0.18664503,5.727089]}},{"from":[6.8881683,-7.110874,1.7820234],"to":[8.690299,-2.06491,3.94458],"faces":{"north":{"uv":[9.765625,9.6875,8.875,10.0390625],"tintindex":0,"texture":"#0"},"east":{"uv":[9.765625,9.6875,8.875,10.0390625],"tintindex":0,"texture":"#0"},"south":{"uv":[9.765625,9.6875,8.875,10.0390625],"tintindex":0,"texture":"#0"},"west":{"uv":[9.765625,9.6875,8.875,10.0390625],"tintindex":0,"texture":"#0"},"up":{"uv":[9.765625,9.6875,8.875,10.0390625],"tintindex":0,"texture":"#0"},"down":{"uv":[9.765625,9.6875,8.875,10.0390625],"tintindex":0,"texture":"#0"}},"rotation":{"angle":45.0,"axis":"x","origin":[7.7892337,-4.5878925,2.8633018]}},{"from":[6.8432484,-8.0,-3.0485687],"to":[8.645379,-5.8374434,1.997396],"faces":{"north":{"uv":[9.765625,9.6875,8.875,10.0390625],"tintindex":0,"texture":"#0"},"east":{"uv":[9.765625,9.6875,8.875,10.0390625],"tintindex":0,"texture":"#0"},"south":{"uv":[9.765625,9.6875,8.875,10.0390625],"tintindex":0,"texture":"#0"},"west":{"uv":[9.765625,9.6875,8.875,10.0390625],"tintindex":0,"texture":"#0"},"up":{"uv":[9.765625,9.6875,8.875,10.0390625],"tintindex":0,"texture":"#0"},"down":{"uv":[9.765625,9.6875,8.875,10.0390625],"tintindex":0,"texture":"#0"}},"rotation":{"angle":-22.5,"axis":"x","origin":[7.7443137,-6.918722,-0.5255861]}},{"from":[6.8881683,-7.3473854,-6.275837],"to":[8.906554,-5.5452547,-1.2298737],"faces":{"north":{"uv":[9.765625,9.6875,8.875,10.0390625],"tintindex":0,"texture":"#0"},"east":{"uv":[9.765625,9.6875,8.875,10.0390625],"tintindex":0,"texture":"#0"},"south":{"uv":[9.765625,9.6875,8.875,10.0390625],"tintindex":0,"texture":"#0"},"west":{"uv":[9.765625,9.6875,8.875,10.0390625],"tintindex":0,"texture":"#0"},"up":{"uv":[9.765625,9.6875,8.875,10.0390625],"tintindex":0,"texture":"#0"},"down":{"uv":[9.765625,9.6875,8.875,10.0390625],"tintindex":0,"texture":"#0"}},"rotation":{"angle":45.0,"axis":"x","origin":[7.8252764,-6.4463196,-3.7528563]}},{"from":[7.5641007,-6.0324945,-6.8511324],"to":[8.284953,-1.3469563,-5.0490017],"faces":{"north":{"uv":[9.765625,9.6875,8.875,10.0390625],"tintindex":0,"texture":"#0"},"east":{"uv":[9.765625,9.6875,8.875,10.0390625],"tintindex":0,"texture":"#0"},"south":{"uv":[9.765625,9.6875,8.875,10.0390625],"tintindex":0,"texture":"#0"},"west":{"uv":[9.765625,9.6875,8.875,10.0390625],"tintindex":0,"texture":"#0"},"up":{"uv":[9.765625,9.6875,8.875,10.0390625],"tintindex":0,"texture":"#0"},"down":{"uv":[9.765625,9.6875,8.875,10.0390625],"tintindex":0,"texture":"#0"}},"rotation":{"angle":-22.5,"axis":"x","origin":[7.9245267,-3.689725,-5.9500675]}},{"from":[7.5369353,-2.3064747,-6.63813],"to":[8.257788,2.7394876,-5.5568523],"faces":{"north":{"uv":[9.765625,9.6875,8.875,10.0390625],"tintindex":0,"texture":"#0"},"east":{"uv":[9.765625,9.6875,8.875,10.0390625],"tintindex":0,"texture":"#0"},"south":{"uv":[9.765625,9.6875,8.875,10.0390625],"tintindex":0,"texture":"#0"},"west":{"uv":[9.765625,9.6875,8.875,10.0390625],"tintindex":0,"texture":"#0"},"up":{"uv":[9.765625,9.6875,8.875,10.0390625],"tintindex":0,"texture":"#0"},"down":{"uv":[9.765625,9.6875,8.875,10.0390625],"tintindex":0,"texture":"#0"}},"rotation":{"angle":22.5,"axis":"x","origin":[8.077575,0.3967209,-6.0974913]}}]}