{"textures":{"0":"bettermodel:item/protgodzilla_sculkdemon","1":"bettermodel:item/protgodzilla_spinvfx","particle":"bettermodel:item/protgodzilla_sculkdemon"},"elements":[{"from":[4.783001,5.0,-1.8397789],"to":[7.783001,11.0,1.1602211],"faces":{"north":{"uv":[11.0,2.875,11.1875,3.25],"tintindex":0,"texture":"#0"},"east":{"uv":[3.0625,11.0,3.25,11.375],"tintindex":0,"texture":"#0"},"south":{"uv":[3.25,11.0,3.4375,11.375],"tintindex":0,"texture":"#0"},"west":{"uv":[11.0,3.25,11.1875,3.625],"tintindex":0,"texture":"#0"},"up":{"uv":[11.125,0.8125,10.9375,0.625],"tintindex":0,"texture":"#0"},"down":{"uv":[11.3125,0.625,11.125,0.8125],"tintindex":0,"texture":"#0"}}},{"from":[5.4219112,3.83814,-2.7693195],"to":[7.4219112,9.8381405,-0.76931953],"faces":{"north":{"uv":[11.1875,2.875,11.3125,3.25],"tintindex":0,"texture":"#0"},"east":{"uv":[11.1875,3.25,11.3125,3.625],"tintindex":0,"texture":"#0"},"south":{"uv":[6.0,11.1875,6.125,11.5625],"tintindex":0,"texture":"#0"},"west":{"uv":[6.125,11.1875,6.25,11.5625],"tintindex":0,"texture":"#0"},"up":{"uv":[9.875,8.0625,9.75,7.9375],"tintindex":0,"texture":"#0"},"down":{"uv":[5.25,9.8125,5.125,9.9375],"tintindex":0,"texture":"#0"}},"rotation":{"angle":22.5,"axis":"x","origin":[6.4219112,6.83814,-1.7693195]}},{"from":[3.8869,4.73473,0.8996506],"to":[8.8869,12.73473,8.899651],"faces":{"north":{"uv":[7.5,10.4375,7.8125,10.9375],"tintindex":0,"texture":"#0"},"east":{"uv":[10.0,0.8125,10.5,1.3125],"tintindex":0,"texture":"#0"},"south":{"uv":[10.4375,10.0625,10.75,10.5625],"tintindex":0,"texture":"#0"},"west":{"uv":[10.0,2.875,10.5,3.375],"tintindex":0,"texture":"#0"},"up":{"uv":[10.8125,1.3125,10.5,0.8125],"tintindex":0,"texture":"#0"},"down":{"uv":[3.1875,10.5,2.875,11.0],"tintindex":0,"texture":"#0"}}}]}