{"textures":{"0":"bettermodel:item/protgodzilla_sculkdemon","1":"bettermodel:item/protgodzilla_spinvfx","particle":"bettermodel:item/protgodzilla_sculkdemon"},"elements":[{"from":[-8.0,4.2398424,5.1929083],"to":[10.520201,10.979888,10.957909],"faces":{"north":{"uv":[4.0,2.0625,7.203125,3.2265625],"tintindex":0,"texture":"#0"},"east":{"uv":[4.0,2.0625,7.203125,3.2265625],"tintindex":0,"texture":"#0"},"south":{"uv":[4.0,2.0625,7.203125,3.2265625],"tintindex":0,"texture":"#0"},"west":{"uv":[4.0,2.0625,7.203125,3.2265625],"tintindex":0,"texture":"#0"},"up":{"uv":[7.203125,3.2265625,4.0,2.0625],"tintindex":0,"texture":"#0"},"down":{"uv":[7.203125,2.0625,4.0,3.2265625],"tintindex":0,"texture":"#0"}},"rotation":{"angle":22.5,"axis":"z","origin":[6.2720795,11.794259,7.9676867]}},{"from":[2.274304,10.47079,12.179181],"to":[7.4194465,12.51149,13.787069],"faces":{"north":{"uv":[9.6875,5.9375,10.578125,6.2890625],"tintindex":0,"texture":"#0"},"east":{"uv":[9.6875,5.9375,10.578125,6.2890625],"tintindex":0,"texture":"#0"},"south":{"uv":[9.6875,5.9375,10.578125,6.2890625],"tintindex":0,"texture":"#0"},"west":{"uv":[9.6875,5.9375,10.578125,6.2890625],"tintindex":0,"texture":"#0"},"up":{"uv":[10.578125,6.2890625,9.6875,5.9375],"tintindex":0,"texture":"#0"},"down":{"uv":[10.578125,5.9375,9.6875,6.2890625],"tintindex":0,"texture":"#0"}}},{"from":[2.8074417,9.682208,10.405486],"to":[7.9525843,13.168861,13.278582],"faces":{"north":{"uv":[9.6875,5.9375,10.578125,6.2890625],"tintindex":0,"texture":"#0"},"east":{"uv":[9.6875,5.9375,10.578125,6.2890625],"tintindex":0,"texture":"#0"},"south":{"uv":[9.6875,5.9375,10.578125,6.2890625],"tintindex":0,"texture":"#0"},"west":{"uv":[9.6875,5.9375,10.578125,6.2890625],"tintindex":0,"texture":"#0"},"up":{"uv":[10.578125,6.2890625,9.6875,5.9375],"tintindex":0,"texture":"#0"},"down":{"uv":[10.578125,5.9375,9.6875,6.2890625],"tintindex":0,"texture":"#0"}},"rotation":{"angle":45.0,"axis":"y","origin":[6.2720795,11.794259,7.9676867]}},{"from":[2.274304,10.47079,2.1483002],"to":[7.4194465,12.51149,3.7561884],"faces":{"north":{"uv":[9.6875,5.9375,10.578125,6.2890625],"tintindex":0,"texture":"#0"},"east":{"uv":[9.6875,5.9375,10.578125,6.2890625],"tintindex":0,"texture":"#0"},"south":{"uv":[9.6875,5.9375,10.578125,6.2890625],"tintindex":0,"texture":"#0"},"west":{"uv":[9.6875,5.9375,10.578125,6.2890625],"tintindex":0,"texture":"#0"},"up":{"uv":[10.578125,6.2890625,9.6875,5.9375],"tintindex":0,"texture":"#0"},"down":{"uv":[10.578125,5.9375,9.6875,6.2890625],"tintindex":0,"texture":"#0"}}},{"from":[2.8074446,9.682208,2.6567912],"to":[7.952587,13.168861,5.529887],"faces":{"north":{"uv":[9.6875,5.9375,10.578125,6.2890625],"tintindex":0,"texture":"#0"},"east":{"uv":[9.6875,5.9375,10.578125,6.2890625],"tintindex":0,"texture":"#0"},"south":{"uv":[9.6875,5.9375,10.578125,6.2890625],"tintindex":0,"texture":"#0"},"west":{"uv":[9.6875,5.9375,10.578125,6.2890625],"tintindex":0,"texture":"#0"},"up":{"uv":[10.578125,6.2890625,9.6875,5.9375],"tintindex":0,"texture":"#0"},"down":{"uv":[10.578125,5.9375,9.6875,6.2890625],"tintindex":0,"texture":"#0"}},"rotation":{"angle":-45.0,"axis":"y","origin":[6.2720795,11.794259,7.9676867]}},{"from":[7.458878,5.1589966,6.2773724],"to":[10.435092,15.513924,9.873445],"faces":{"north":{"uv":[9.6875,5.9375,10.578125,6.2890625],"tintindex":0,"texture":"#0"},"east":{"uv":[9.6875,5.9375,10.578125,6.2890625],"tintindex":0,"texture":"#0"},"south":{"uv":[9.6875,5.9375,10.578125,6.2890625],"tintindex":0,"texture":"#0"},"west":{"uv":[9.6875,5.9375,10.578125,6.2890625],"tintindex":0,"texture":"#0"},"up":{"uv":[10.578125,6.2890625,9.6875,5.9375],"tintindex":0,"texture":"#0"},"down":{"uv":[10.578125,5.9375,9.6875,6.2890625],"tintindex":0,"texture":"#0"}},"rotation":{"angle":22.5,"axis":"z","origin":[6.2720795,11.794259,7.9676867]}},{"from":[6.3446736,15.292572,6.63886],"to":[8.597912,19.86369,9.511956],"faces":{"north":{"uv":[9.6875,5.9375,10.578125,6.2890625],"tintindex":0,"texture":"#0"},"east":{"uv":[9.6875,5.9375,10.578125,6.2890625],"tintindex":0,"texture":"#0"},"south":{"uv":[9.6875,5.9375,10.578125,6.2890625],"tintindex":0,"texture":"#0"},"west":{"uv":[9.6875,5.9375,10.578125,6.2890625],"tintindex":0,"texture":"#0"},"up":{"uv":[10.578125,6.2890625,9.6875,5.9375],"tintindex":0,"texture":"#0"},"down":{"uv":[10.578125,5.9375,9.6875,6.2890625],"tintindex":0,"texture":"#0"}}}]}