{"textures":{"0":"bettermodel:item/protgodzilla_sculkdemon","1":"bettermodel:item/protgodzilla_spinvfx","particle":"bettermodel:item/protgodzilla_sculkdemon"},"elements":[{"from":[-2.6844168,7.932679,-4.6887865],"to":[8.465429,12.355005,-1.2043924],"faces":{"north":{"uv":[8.875,9.6875,9.765625,10.0390625],"tintindex":0,"texture":"#0"},"east":{"uv":[8.875,9.6875,9.765625,10.0390625],"tintindex":0,"texture":"#0"},"south":{"uv":[8.875,9.6875,9.765625,10.0390625],"tintindex":0,"texture":"#0"},"west":{"uv":[8.875,9.6875,9.765625,10.0390625],"tintindex":0,"texture":"#0"},"up":{"uv":[9.765625,10.0390625,8.875,9.6875],"tintindex":0,"texture":"#0"},"down":{"uv":[9.765625,9.6875,8.875,10.0390625],"tintindex":0,"texture":"#0"}}},{"from":[-1.529068,6.5081167,-3.586855],"to":[9.620778,14.063911,2.6393242],"faces":{"north":{"uv":[8.875,9.6875,9.765625,10.0390625],"tintindex":0,"texture":"#0"},"east":{"uv":[8.875,9.6875,9.765625,10.0390625],"tintindex":0,"texture":"#0"},"south":{"uv":[8.875,9.6875,9.765625,10.0390625],"tintindex":0,"texture":"#0"},"west":{"uv":[8.875,9.6875,9.765625,10.0390625],"tintindex":0,"texture":"#0"},"up":{"uv":[9.765625,10.0390625,8.875,9.6875],"tintindex":0,"texture":"#0"},"down":{"uv":[9.765625,9.6875,8.875,10.0390625],"tintindex":0,"texture":"#0"}},"rotation":{"angle":-45.0,"axis":"y","origin":[5.9790125,9.486964,7.9221883]}},{"from":[8.5508795,1.4262195,4.2591705],"to":[15.000521,23.865995,12.052085],"faces":{"north":{"uv":[8.875,9.6875,9.765625,10.0390625],"tintindex":0,"texture":"#0"},"east":{"uv":[8.875,9.6875,9.765625,10.0390625],"tintindex":0,"texture":"#0"},"south":{"uv":[8.875,9.6875,9.765625,10.0390625],"tintindex":0,"texture":"#0"},"west":{"uv":[8.875,9.6875,9.765625,10.0390625],"tintindex":0,"texture":"#0"},"up":{"uv":[9.765625,10.0390625,8.875,9.6875],"tintindex":0,"texture":"#0"},"down":{"uv":[9.765625,9.6875,8.875,10.0390625],"tintindex":0,"texture":"#0"}},"rotation":{"angle":-22.5,"axis":"z","origin":[5.9790125,9.486964,7.9221883]}},{"from":[6.136329,-8.0,5.0425377],"to":[11.0192375,1.9059,11.268717],"faces":{"north":{"uv":[8.875,9.6875,9.765625,10.0390625],"tintindex":0,"texture":"#0"},"east":{"uv":[8.875,9.6875,9.765625,10.0390625],"tintindex":0,"texture":"#0"},"south":{"uv":[8.875,9.6875,9.765625,10.0390625],"tintindex":0,"texture":"#0"},"west":{"uv":[8.875,9.6875,9.765625,10.0390625],"tintindex":0,"texture":"#0"},"up":{"uv":[9.765625,10.0390625,8.875,9.6875],"tintindex":0,"texture":"#0"},"down":{"uv":[9.765625,9.6875,8.875,10.0390625],"tintindex":0,"texture":"#0"}}},{"from":[-1.5290747,6.5081167,13.205051],"to":[9.620772,14.063911,19.43123],"faces":{"north":{"uv":[8.875,9.6875,9.765625,10.0390625],"tintindex":0,"texture":"#0"},"east":{"uv":[8.875,9.6875,9.765625,10.0390625],"tintindex":0,"texture":"#0"},"south":{"uv":[8.875,9.6875,9.765625,10.0390625],"tintindex":0,"texture":"#0"},"west":{"uv":[8.875,9.6875,9.765625,10.0390625],"tintindex":0,"texture":"#0"},"up":{"uv":[9.765625,10.0390625,8.875,9.6875],"tintindex":0,"texture":"#0"},"down":{"uv":[9.765625,9.6875,8.875,10.0390625],"tintindex":0,"texture":"#0"}},"rotation":{"angle":45.0,"axis":"y","origin":[5.9790125,9.486964,7.9221883]}},{"from":[-2.6844168,7.932679,17.048761],"to":[8.465429,12.355005,20.533154],"faces":{"north":{"uv":[8.875,9.6875,9.765625,10.0390625],"tintindex":0,"texture":"#0"},"east":{"uv":[8.875,9.6875,9.765625,10.0390625],"tintindex":0,"texture":"#0"},"south":{"uv":[8.875,9.6875,9.765625,10.0390625],"tintindex":0,"texture":"#0"},"west":{"uv":[8.875,9.6875,9.765625,10.0390625],"tintindex":0,"texture":"#0"},"up":{"uv":[9.765625,10.0390625,8.875,9.6875],"tintindex":0,"texture":"#0"},"down":{"uv":[9.765625,9.6875,8.875,10.0390625],"tintindex":0,"texture":"#0"}}}]}