{"textures":{"0":"bettermodel:item/protgodzilla_sculkdemon","1":"bettermodel:item/protgodzilla_spinvfx","particle":"bettermodel:item/protgodzilla_sculkdemon"},"elements":[{"from":[9.03134,5.7158756,4.4470615],"to":[9.389537,6.9695644,8.566323],"faces":{"north":{"uv":[6.4375,5.3125,6.5625,5.75],"tintindex":0,"texture":"#0"},"east":{"uv":[7.5,0.0,8.9375,0.4375],"tintindex":0,"texture":"#0"},"south":{"uv":[9.375,11.0,9.5,11.4375],"tintindex":0,"texture":"#0"},"west":{"uv":[7.5,0.4375,8.9375,0.875],"tintindex":0,"texture":"#0"},"up":{"uv":[4.4375,11.5625,4.3125,10.125],"tintindex":0,"texture":"#0"},"down":{"uv":[4.5625,10.125,4.4375,11.5625],"tintindex":0,"texture":"#0"}}},{"from":[9.192529,5.1785808,4.8052583],"to":[9.192529,5.894974,8.745421],"faces":{"north":{"uv":[0.0,0.0,0.0,0.25],"tintindex":0,"texture":"#0"},"east":{"uv":[8.9375,7.6875,10.3125,7.9375],"tintindex":0,"texture":"#0"},"south":{"uv":[0.0,0.0,0.0,0.25],"tintindex":0,"texture":"#0"},"west":{"uv":[9.375,5.0,10.75,5.25],"tintindex":0,"texture":"#0"},"up":{"uv":[0.0,1.375,0.0,0.0],"tintindex":0,"texture":"#0"},"down":{"uv":[0.0,0.0,0.0,1.375],"tintindex":0,"texture":"#0"}}},{"from":[9.371627,5.1785808,4.6261597],"to":[9.371627,5.894974,8.566323],"faces":{"north":{"uv":[0.0,0.0,0.0,0.25],"tintindex":0,"texture":"#0"},"east":{"uv":[8.9375,7.6875,10.3125,7.9375],"tintindex":0,"texture":"#0"},"south":{"uv":[0.0,0.0,0.0,0.25],"tintindex":0,"texture":"#0"},"west":{"uv":[9.375,5.0,10.75,5.25],"tintindex":0,"texture":"#0"},"up":{"uv":[0.0,1.375,0.0,0.0],"tintindex":0,"texture":"#0"},"down":{"uv":[0.0,0.0,0.0,1.375],"tintindex":0,"texture":"#0"}}}],"display":{"fixed":{"rotation":[-0.0,5.0000005,-0.0]}}}