{"textures":{"0":"bettermodel:item/protgodzilla_sculkdemon","1":"bettermodel:item/protgodzilla_spinvfx","particle":"bettermodel:item/protgodzilla_sculkdemon"},"elements":[{"from":[5.281356,5.19092,-5.153449],"to":[10.718645,13.346851,11.15842],"faces":{"north":{"uv":[8.4140625,8.0625,7.8125,8.9609375],"tintindex":0,"texture":"#0"},"east":{"uv":[5.734375,5.75,3.9375,6.6484375],"tintindex":0,"texture":"#0"},"south":{"uv":[8.8515625,0.875,8.25,1.7734375],"tintindex":0,"texture":"#0"},"west":{"uv":[3.921875,5.125,2.125,6.0234375],"tintindex":0,"texture":"#0"},"up":{"uv":[2.125,7.859375,2.7265625,6.0625],"tintindex":0,"texture":"#0"},"down":{"uv":[2.75,6.0625,3.3515625,7.859375],"tintindex":0,"texture":"#0"}}},{"from":[5.7344627,11.763695,3.465289],"to":[10.265537,16.29477,13.433653],"faces":{"north":{"uv":[0.5,10.0625,0.0,10.5625],"tintindex":0,"texture":"#0"},"east":{"uv":[8.9140625,7.5625,7.8125,8.0625],"tintindex":0,"texture":"#0"},"south":{"uv":[1.5,10.0625,1.0,10.5625],"tintindex":0,"texture":"#0"},"west":{"uv":[8.9140625,7.0625,7.8125,7.5625],"tintindex":0,"texture":"#0"},"up":{"uv":[3.9375,8.7265625,4.4375,7.625],"tintindex":0,"texture":"#0"},"down":{"uv":[2.125,7.875,2.625,8.9765625],"tintindex":0,"texture":"#0"}},"rotation":{"angle":-22.5,"axis":"x","origin":[8.0,14.026268,13.781775]}},{"from":[5.7344627,13.615713,-1.9678593],"to":[10.265537,20.29905,4.375644],"faces":{"north":{"uv":[10.875,1.6875,10.375,1.984375],"tintindex":0,"texture":"#0"},"east":{"uv":[10.640625,4.6875,9.9375,4.984375],"tintindex":0,"texture":"#0"},"south":{"uv":[10.9375,5.5,10.4375,5.796875],"tintindex":0,"texture":"#0"},"west":{"uv":[10.265625,7.375,9.5625,7.671875],"tintindex":0,"texture":"#0"},"up":{"uv":[5.1875,7.390625,5.6875,6.6875],"tintindex":0,"texture":"#0"},"down":{"uv":[5.25,9.1875,5.75,9.890625],"tintindex":0,"texture":"#0"}},"rotation":{"angle":-45.0,"axis":"x","origin":[3.8425922,16.542494,3.46943]}},{"from":[6.640678,14.521933,4.375644],"to":[9.359323,15.428143,7.0942893],"faces":{"north":{"uv":[7.734375,9.625,7.4375,9.7265625],"tintindex":0,"texture":"#0"},"east":{"uv":[11.109375,1.1875,10.8125,1.2890625],"tintindex":0,"texture":"#0"},"south":{"uv":[5.109375,9.8125,4.8125,9.9140625],"tintindex":0,"texture":"#0"},"west":{"uv":[8.046875,9.625,7.75,9.7265625],"tintindex":0,"texture":"#0"},"up":{"uv":[3.0625,10.171875,3.359375,9.875],"tintindex":0,"texture":"#0"},"down":{"uv":[10.8125,7.9375,11.109375,8.234375],"tintindex":0,"texture":"#0"}},"rotation":{"angle":-45.0,"axis":"x","origin":[3.8425922,16.542494,3.46943]}},{"from":[5.7344627,4.7112703,4.7410865],"to":[10.265537,9.242345,14.70945],"faces":{"north":{"uv":[2.0,10.0625,1.5,10.5625],"tintindex":0,"texture":"#0"},"east":{"uv":[9.1015625,4.5625,8.0,5.0625],"tintindex":0,"texture":"#0"},"south":{"uv":[2.5,10.0625,2.0,10.5625],"tintindex":0,"texture":"#0"},"west":{"uv":[1.7890625,7.9375,0.6875,8.4375],"tintindex":0,"texture":"#0"},"up":{"uv":[2.625,8.9765625,3.125,7.875],"tintindex":0,"texture":"#0"},"down":{"uv":[4.4375,7.9375,4.9375,9.0390625],"tintindex":0,"texture":"#0"}},"rotation":{"angle":22.5,"axis":"x","origin":[8.0,6.9768076,9.725269]}},{"from":[5.7344627,3.3520465,-0.25214005],"to":[10.265537,6.976903,6.0913644],"faces":{"north":{"uv":[10.5,3.375,10.0,3.7734375],"tintindex":0,"texture":"#0"},"east":{"uv":[10.640625,4.25,9.9375,4.6484375],"tintindex":0,"texture":"#0"},"south":{"uv":[6.25,10.125,5.75,10.5234375],"tintindex":0,"texture":"#0"},"west":{"uv":[10.640625,3.8125,9.9375,4.2109375],"tintindex":0,"texture":"#0"},"up":{"uv":[9.25,9.390625,9.75,8.6875],"tintindex":0,"texture":"#0"},"down":{"uv":[0.0,9.3125,0.5,10.015625],"tintindex":0,"texture":"#0"}},"rotation":{"angle":45.0,"axis":"x","origin":[8.0,5.1644745,2.919612]}},{"from":[6.640678,1.4612241,4.203679],"to":[9.359323,3.2736607,6.922323],"faces":{"north":{"uv":[8.359375,9.0,8.0625,9.203125],"tintindex":0,"texture":"#0"},"east":{"uv":[11.296875,3.8125,11.0,4.015625],"tintindex":0,"texture":"#0"},"south":{"uv":[4.046875,11.0,3.75,11.203125],"tintindex":0,"texture":"#0"},"west":{"uv":[3.734375,11.0,3.4375,11.203125],"tintindex":0,"texture":"#0"},"up":{"uv":[10.875,1.796875,11.171875,1.5],"tintindex":0,"texture":"#0"},"down":{"uv":[6.0,10.875,6.296875,11.171875],"tintindex":0,"texture":"#0"}},"rotation":{"angle":45.0,"axis":"x","origin":[8.0,2.3674421,5.5630007]}},{"from":[6.640678,4.068695,-4.286893],"to":[9.359323,5.8811235,-1.5682459],"faces":{"north":{"uv":[5.421875,11.0,5.125,11.203125],"tintindex":0,"texture":"#0"},"east":{"uv":[9.359375,11.0,9.0625,11.203125],"tintindex":0,"texture":"#0"},"south":{"uv":[9.046875,11.0,8.75,11.203125],"tintindex":0,"texture":"#0"},"west":{"uv":[11.296875,5.9375,11.0,6.140625],"tintindex":0,"texture":"#0"},"up":{"uv":[6.3125,11.171875,6.609375,10.875],"tintindex":0,"texture":"#0"},"down":{"uv":[9.5,10.875,9.796875,11.171875],"tintindex":0,"texture":"#0"}},"rotation":{"angle":45.0,"axis":"x","origin":[8.0,4.9749136,-2.9275694]}},{"from":[7.5468926,2.4950466,-2.7246237],"to":[8.453108,3.4012647,-0.9121933],"faces":{"north":{"uv":[10.8515625,5.375,10.75,5.4765625],"tintindex":0,"texture":"#0"},"east":{"uv":[2.015625,9.9375,1.8125,10.0390625],"tintindex":0,"texture":"#0"},"south":{"uv":[11.1015625,6.1875,11.0,6.2890625],"tintindex":0,"texture":"#0"},"west":{"uv":[7.578125,5.75,7.375,5.8515625],"tintindex":0,"texture":"#0"},"up":{"uv":[8.75,9.953125,8.8515625,9.75],"tintindex":0,"texture":"#0"},"down":{"uv":[9.875,2.875,9.9765625,3.078125],"tintindex":0,"texture":"#0"}},"rotation":{"angle":45.0,"axis":"x","origin":[8.0,2.9481554,-1.818407]}},{"from":[7.5468926,0.3149128,6.3240623],"to":[8.453108,1.2211313,8.136493],"faces":{"north":{"uv":[11.2265625,1.1875,11.125,1.2890625],"tintindex":0,"texture":"#0"},"east":{"uv":[11.265625,1.875,11.0625,1.9765625],"tintindex":0,"texture":"#0"},"south":{"uv":[11.2265625,6.4375,11.125,6.5390625],"tintindex":0,"texture":"#0"},"west":{"uv":[11.140625,5.6875,10.9375,5.7890625],"tintindex":0,"texture":"#0"},"up":{"uv":[10.25,6.890625,10.3515625,6.6875],"tintindex":0,"texture":"#0"},"down":{"uv":[8.375,11.1875,8.4765625,11.390625],"tintindex":0,"texture":"#0"}},"rotation":{"angle":45.0,"axis":"x","origin":[8.0,0.76802206,7.2302775]}},{"from":[6.640678,2.8031025,14.011427],"to":[9.359323,5.52174,18.542501],"faces":{"north":{"uv":[0.296875,10.9375,0.0,11.234375],"tintindex":0,"texture":"#0"},"east":{"uv":[3.6875,10.5,3.1875,10.796875],"tintindex":0,"texture":"#0"},"south":{"uv":[5.109375,10.9375,4.8125,11.234375],"tintindex":0,"texture":"#0"},"west":{"uv":[11.0,2.875,10.5,3.171875],"tintindex":0,"texture":"#0"},"up":{"uv":[10.5,3.6875,10.796875,3.1875],"tintindex":0,"texture":"#0"},"down":{"uv":[5.125,10.5,5.421875,11.0],"tintindex":0,"texture":"#0"}},"rotation":{"angle":22.5,"axis":"x","origin":[8.0,4.162421,16.276964]}},{"from":[7.5468926,1.1680756,17.656494],"to":[8.453108,2.980504,24.0],"faces":{"north":{"uv":[8.6015625,11.1875,8.5,11.390625],"tintindex":0,"texture":"#0"},"east":{"uv":[1.640625,10.5625,0.9375,10.765625],"tintindex":0,"texture":"#0"},"south":{"uv":[8.7265625,11.1875,8.625,11.390625],"tintindex":0,"texture":"#0"},"west":{"uv":[10.953125,9.4375,10.25,9.640625],"tintindex":0,"texture":"#0"},"up":{"uv":[6.4375,5.265625,6.5390625,4.5625],"tintindex":0,"texture":"#0"},"down":{"uv":[8.25,10.125,8.3515625,10.828125],"tintindex":0,"texture":"#0"}},"rotation":{"angle":22.5,"axis":"x","origin":[8.0,2.074294,20.828247]}},{"from":[6.640678,12.720446,13.201435],"to":[9.359323,15.439092,15.92008],"faces":{"north":{"uv":[11.234375,5.375,10.9375,5.671875],"tintindex":0,"texture":"#0"},"east":{"uv":[11.234375,9.875,10.9375,10.171875],"tintindex":0,"texture":"#0"},"south":{"uv":[7.796875,10.9375,7.5,11.234375],"tintindex":0,"texture":"#0"},"west":{"uv":[7.484375,10.9375,7.1875,11.234375],"tintindex":0,"texture":"#0"},"up":{"uv":[10.9375,10.484375,11.234375,10.1875],"tintindex":0,"texture":"#0"},"down":{"uv":[10.5625,10.9375,10.859375,11.234375],"tintindex":0,"texture":"#0"}},