{"textures":{"0":"bettermodel:item/protgodzilla_sculkdemon","1":"bettermodel:item/protgodzilla_spinvfx","particle":"bettermodel:item/protgodzilla_sculkdemon"},"elements":[{"from":[6.610463,5.7158756,4.4470615],"to":[6.96866,6.9695644,8.566323],"faces":{"north":{"uv":[6.625,11.0625,6.75,11.5],"tintindex":0,"texture":"#0"},"east":{"uv":[0.6875,7.5,2.125,7.9375],"tintindex":0,"texture":"#0"},"south":{"uv":[6.75,11.0625,6.875,11.5],"tintindex":0,"texture":"#0"},"west":{"uv":[7.625,5.75,9.0625,6.1875],"tintindex":0,"texture":"#0"},"up":{"uv":[7.9375,11.5625,7.8125,10.125],"tintindex":0,"texture":"#0"},"down":{"uv":[8.0625,10.125,7.9375,11.5625],"tintindex":0,"texture":"#0"}}},{"from":[6.8074713,5.1785808,4.8052583],"to":[6.8074713,5.894974,8.745421],"faces":{"north":{"uv":[0.0,0.0,0.0,0.25],"tintindex":0,"texture":"#0"},"east":{"uv":[9.375,5.25,10.75,5.5],"tintindex":0,"texture":"#0"},"south":{"uv":[0.0,0.0,0.0,0.25],"tintindex":0,"texture":"#0"},"west":{"uv":[8.875,9.4375,10.25,9.6875],"tintindex":0,"texture":"#0"},"up":{"uv":[0.0,1.375,0.0,0.0],"tintindex":0,"texture":"#0"},"down":{"uv":[0.0,0.0,0.0,1.375],"tintindex":0,"texture":"#0"}}},{"from":[6.628373,5.1785808,4.6261597],"to":[6.628373,5.894974,8.566323],"faces":{"north":{"uv":[0.0,0.0,0.0,0.25],"tintindex":0,"texture":"#0"},"east":{"uv":[9.375,5.25,10.75,5.5],"tintindex":0,"texture":"#0"},"south":{"uv":[0.0,0.0,0.0,0.25],"tintindex":0,"texture":"#0"},"west":{"uv":[8.875,9.4375,10.25,9.6875],"tintindex":0,"texture":"#0"},"up":{"uv":[0.0,1.375,0.0,0.0],"tintindex":0,"texture":"#0"},"down":{"uv":[0.0,0.0,0.0,1.375],"tintindex":0,"texture":"#0"}}}],"display":{"fixed":{"rotation":[0.0,-5.0000005,0.0]}}}