{"textures":{"0":"bettermodel:item/protgodzilla_sculkdemon","1":"bettermodel:item/protgodzilla_spinvfx","particle":"bettermodel:item/protgodzilla_sculkdemon"},"elements":[{"from":[7.459361,2.892373,6.696054],"to":[9.261492,7.2174854,8.858611],"faces":{"north":{"uv":[8.875,9.6875,9.765625,10.0390625],"tintindex":0,"texture":"#0"},"east":{"uv":[8.875,9.6875,9.765625,10.0390625],"tintindex":0,"texture":"#0"},"south":{"uv":[8.875,9.6875,9.765625,10.0390625],"tintindex":0,"texture":"#0"},"west":{"uv":[8.875,9.6875,9.765625,10.0390625],"tintindex":0,"texture":"#0"},"up":{"uv":[8.875,9.6875,9.765625,10.0390625],"tintindex":0,"texture":"#0"},"down":{"uv":[8.875,9.6875,9.765625,10.0390625],"tintindex":0,"texture":"#0"}},"rotation":{"angle":22.5,"axis":"x","origin":[8.360426,5.0549293,7.777333]}},{"from":[7.354621,-3.417616,4.6458106],"to":[9.156752,3.7909083,6.808367],"faces":{"north":{"uv":[8.875,9.6875,9.765625,10.0390625],"tintindex":0,"texture":"#0"},"east":{"uv":[8.875,9.6875,9.765625,10.0390625],"tintindex":0,"texture":"#0"},"south":{"uv":[8.875,9.6875,9.765625,10.0390625],"tintindex":0,"texture":"#0"},"west":{"uv":[8.875,9.6875,9.765625,10.0390625],"tintindex":0,"texture":"#0"},"up":{"uv":[8.875,9.6875,9.765625,10.0390625],"tintindex":0,"texture":"#0"},"down":{"uv":[8.875,9.6875,9.765625,10.0390625],"tintindex":0,"texture":"#0"}},"rotation":{"angle":22.5,"axis":"x","origin":[8.255687,0.18664503,5.727089]}},{"from":[7.309701,-7.110874,1.7820234],"to":[9.111832,-2.06491,3.94458],"faces":{"north":{"uv":[8.875,9.6875,9.765625,10.0390625],"tintindex":0,"texture":"#0"},"east":{"uv":[8.875,9.6875,9.765625,10.0390625],"tintindex":0,"texture":"#0"},"south":{"uv":[8.875,9.6875,9.765625,10.0390625],"tintindex":0,"texture":"#0"},"west":{"uv":[8.875,9.6875,9.765625,10.0390625],"tintindex":0,"texture":"#0"},"up":{"uv":[8.875,9.6875,9.765625,10.0390625],"tintindex":0,"texture":"#0"},"down":{"uv":[8.875,9.6875,9.765625,10.0390625],"tintindex":0,"texture":"#0"}},"rotation":{"angle":45.0,"axis":"x","origin":[8.210767,-4.5878925,2.8633018]}},{"from":[7.354621,-8.0,-3.0485687],"to":[9.156752,-5.8374434,1.997396],"faces":{"north":{"uv":[8.875,9.6875,9.765625,10.0390625],"tintindex":0,"texture":"#0"},"east":{"uv":[8.875,9.6875,9.765625,10.0390625],"tintindex":0,"texture":"#0"},"south":{"uv":[8.875,9.6875,9.765625,10.0390625],"tintindex":0,"texture":"#0"},"west":{"uv":[8.875,9.6875,9.765625,10.0390625],"tintindex":0,"texture":"#0"},"up":{"uv":[8.875,9.6875,9.765625,10.0390625],"tintindex":0,"texture":"#0"},"down":{"uv":[8.875,9.6875,9.765625,10.0390625],"tintindex":0,"texture":"#0"}},"rotation":{"angle":-22.5,"axis":"x","origin":[8.255687,-6.918722,-0.5255861]}},{"from":[7.093446,-7.3473854,-6.275837],"to":[9.111832,-5.5452547,-1.2298737],"faces":{"north":{"uv":[8.875,9.6875,9.765625,10.0390625],"tintindex":0,"texture":"#0"},"east":{"uv":[8.875,9.6875,9.765625,10.0390625],"tintindex":0,"texture":"#0"},"south":{"uv":[8.875,9.6875,9.765625,10.0390625],"tintindex":0,"texture":"#0"},"west":{"uv":[8.875,9.6875,9.765625,10.0390625],"tintindex":0,"texture":"#0"},"up":{"uv":[8.875,9.6875,9.765625,10.0390625],"tintindex":0,"texture":"#0"},"down":{"uv":[8.875,9.6875,9.765625,10.0390625],"tintindex":0,"texture":"#0"}},"rotation":{"angle":45.0,"axis":"x","origin":[8.174724,-6.4463196,-3.7528563]}},{"from":[7.7150474,-6.0324945,-6.8511324],"to":[8.4359,-1.3469563,-5.0490017],"faces":{"north":{"uv":[8.875,9.6875,9.765625,10.0390625],"tintindex":0,"texture":"#0"},"east":{"uv":[8.875,9.6875,9.765625,10.0390625],"tintindex":0,"texture":"#0"},"south":{"uv":[8.875,9.6875,9.765625,10.0390625],"tintindex":0,"texture":"#0"},"west":{"uv":[8.875,9.6875,9.765625,10.0390625],"tintindex":0,"texture":"#0"},"up":{"uv":[8.875,9.6875,9.765625,10.0390625],"tintindex":0,"texture":"#0"},"down":{"uv":[8.875,9.6875,9.765625,10.0390625],"tintindex":0,"texture":"#0"}},"rotation":{"angle":-22.5,"axis":"x","origin":[8.075473,-3.689725,-5.9500675]}},{"from":[7.7422123,-2.3064747,-6.63813],"to":[8.463064,2.7394876,-5.5568523],"faces":{"north":{"uv":[8.875,9.6875,9.765625,10.0390625],"tintindex":0,"texture":"#0"},"east":{"uv":[8.875,9.6875,9.765625,10.0390625],"tintindex":0,"texture":"#0"},"south":{"uv":[8.875,9.6875,9.765625,10.0390625],"tintindex":0,"texture":"#0"},"west":{"uv":[8.875,9.6875,9.765625,10.0390625],"tintindex":0,"texture":"#0"},"up":{"uv":[8.875,9.6875,9.765625,10.0390625],"tintindex":0,"texture":"#0"},"down":{"uv":[8.875,9.6875,9.765625,10.0390625],"tintindex":0,"texture":"#0"}},"rotation":{"angle":22.5,"axis":"x","origin":[7.9224253,0.3967209,-6.0974913]}}]}