{"textures":{"0":"bettermodel:item/santa_hat_santa_hat","particle":"bettermodel:item/santa_hat_santa_hat"},"elements":[{"from":[3.0475001,13.655085,2.7795892],"to":[12.952499,16.960085,12.934589],"faces":{"north":{"uv":[6.258,0.008,8.742,0.742],"tintindex":0,"texture":"#0"},"east":{"uv":[6.258,0.758,8.742,1.492],"tintindex":0,"texture":"#0"},"south":{"uv":[6.258,1.508,8.742,2.242],"tintindex":0,"texture":"#0"},"west":{"uv":[6.258,2.258,8.742,2.992],"tintindex":0,"texture":"#0"},"up":{"uv":[2.492,2.492,0.008,0.008],"tintindex":0,"texture":"#0"},"down":{"uv":[2.492,2.508,0.008,4.992],"tintindex":0,"texture":"#0"}}},{"from":[3.8474998,14.670086,4.459589],"to":[12.1525,18.890083,12.764589],"faces":{"north":{"uv":[3.508,6.008,5.492,6.992],"tintindex":0,"texture":"#0"},"east":{"uv":[6.008,4.008,7.992,4.992],"tintindex":0,"texture":"#0"},"south":{"uv":[6.008,5.008,7.992,5.992],"tintindex":0,"texture":"#0"},"west":{"uv":[5.508,6.008,7.492,6.992],"tintindex":0,"texture":"#0"},"up":{"uv":[4.492,1.992,2.508,0.008],"tintindex":0,"texture":"#0"},"down":{"uv":[4.492,2.008,2.508,3.992],"tintindex":0,"texture":"#0"}},"rotation":{"angle":22.5,"axis":"x","origin":[8.0,18.510086,7.402089]}},{"from":[4.6724997,13.01376,6.7211165],"to":[11.3275,21.26376,14.126116],"faces":{"north":{"uv":[2.508,4.008,4.242,5.992],"tintindex":0,"texture":"#0"},"east":{"uv":[4.258,4.008,5.992,5.992],"tintindex":0,"texture":"#0"},"south":{"uv":[4.508,0.008,6.242,1.992],"tintindex":0,"texture":"#0"},"west":{"uv":[4.508,2.008,6.242,3.992],"tintindex":0,"texture":"#0"},"up":{"uv":[1.742,6.742,0.008,5.008],"tintindex":0,"texture":"#0"},"down":{"uv":[3.492,6.008,1.758,7.742],"tintindex":0,"texture":"#0"}},"rotation":{"angle":-22.5,"axis":"x","origin":[8.0,15.938761,9.223617]}},{"from":[6.02,11.038731,11.961079],"to":[9.98,14.998732,15.92108],"faces":{"north":{"uv":[6.258,3.008,7.242,3.992],"tintindex":0,"texture":"#0"},"east":{"uv":[0.008,6.758,0.992,7.742],"tintindex":0,"texture":"#0"},"south":{"uv":[3.508,7.008,4.492,7.992],"tintindex":0,"texture":"#0"},"west":{"uv":[4.508,7.008,5.492,7.992],"tintindex":0,"texture":"#0"},"up":{"uv":[6.492,7.992,5.508,7.008],"tintindex":0,"texture":"#0"},"down":{"uv":[7.492,7.008,6.508,7.992],"tintindex":0,"texture":"#0"}}}]}