{"textures":{"0":"bettermodel:item/scene_townsfolk_cook_npc_skin","1":"bettermodel:item/scene_townsfolk_cook_zzz_e","2":"bettermodel:item/scene_townsfolk_cook_fire_1_e","3":"bettermodel:item/scene_townsfolk_cook_fire_cook_e","4":"bettermodel:item/scene_townsfolk_cook_scene_townsfolk_cook","particle":"bettermodel:item/scene_townsfolk_cook_npc_skin"},"elements":[{"from":[3.64958,9.673761,4.9750004],"to":[3.64958,18.673761,10.975],"faces":{"north":{"uv":[0.032,0.032,-0.032,8.968],"tintindex":0,"texture":"#3"},"east":{"uv":[0.032,0.032,6.968,8.968],"tintindex":0,"texture":"#3"},"south":{"uv":[0.032,0.032,-0.032,8.968],"tintindex":0,"texture":"#3"},"west":{"uv":[6.968,0.032,0.032,8.968],"tintindex":0,"texture":"#3"},"up":{"uv":[6.968,0.032,0.032,-0.032],"rotation":90.0,"tintindex":0,"texture":"#3"},"down":{"uv":[6.968,0.032,0.032,-0.032],"rotation":270.0,"tintindex":0,"texture":"#3"}},"rotation":{"angle":22.5,"axis":"z","origin":[8.475,12.175001,8.475]}},{"from":[5.0,9.497591,4.5833893],"to":[11.0,18.497591,4.5833893],"faces":{"north":{"uv":[0.032,0.032,6.968,8.968],"tintindex":0,"texture":"#3"},"east":{"uv":[0.032,0.032,-0.032,8.968],"tintindex":0,"texture":"#3"},"south":{"uv":[6.968,0.032,0.032,8.968],"tintindex":0,"texture":"#3"},"west":{"uv":[0.032,0.032,-0.032,8.968],"tintindex":0,"texture":"#3"},"up":{"uv":[6.968,0.032,0.032,-0.032],"tintindex":0,"texture":"#3"},"down":{"uv":[6.968,0.032,0.032,-0.032],"tintindex":0,"texture":"#3"}},"rotation":{"angle":-22.5,"axis":"x","origin":[7.75,9.865301,8.52408]}},{"from":[12.35042,9.673761,4.9750004],"to":[12.35042,18.673761,10.975],"faces":{"north":{"uv":[0.032,0.032,-0.032,8.968],"tintindex":0,"texture":"#3"},"east":{"uv":[0.032,0.032,6.968,8.968],"tintindex":0,"texture":"#3"},"south":{"uv":[0.032,0.032,-0.032,8.968],"tintindex":0,"texture":"#3"},"west":{"uv":[6.968,0.032,0.032,8.968],"tintindex":0,"texture":"#3"},"up":{"uv":[6.968,0.032,0.032,-0.032],"rotation":90.0,"tintindex":0,"texture":"#3"},"down":{"uv":[6.968,0.032,0.032,-0.032],"rotation":270.0,"tintindex":0,"texture":"#3"}},"rotation":{"angle":-22.5,"axis":"z","origin":[7.525,12.175001,8.475]}},{"from":[5.0,9.497591,11.46661],"to":[11.0,18.497591,11.46661],"faces":{"north":{"uv":[0.032,0.032,6.968,8.968],"tintindex":0,"texture":"#3"},"east":{"uv":[0.032,0.032,-0.032,8.968],"tintindex":0,"texture":"#3"},"south":{"uv":[6.968,0.032,0.032,8.968],"tintindex":0,"texture":"#3"},"west":{"uv":[0.032,0.032,-0.032,8.968],"tintindex":0,"texture":"#3"},"up":{"uv":[6.968,0.032,0.032,-0.032],"tintindex":0,"texture":"#3"},"down":{"uv":[6.968,0.032,0.032,-0.032],"tintindex":0,"texture":"#3"}},"rotation":{"angle":22.5,"axis":"x","origin":[7.75,9.865301,7.525919]}}]}