{"textures":{"0":"bettermodel:item/shark_hammer_shark_hammer","particle":"bettermodel:item/shark_hammer_shark_hammer"},"elements":[{"from":[2.0,6.3617673,-2.6967258],"to":[13.0,9.361767,9.303274],"faces":{"north":{"uv":[12.0,10.375,13.375,10.75],"tintindex":0,"texture":"#0"},"east":{"uv":[11.5,7.625,13.0,8.0],"tintindex":0,"texture":"#0"},"south":{"uv":[12.0,10.75,13.375,11.125],"tintindex":0,"texture":"#0"},"west":{"uv":[11.75,4.75,13.25,5.125],"tintindex":0,"texture":"#0"},"up":{"uv":[5.875,10.75,4.5,9.25],"tintindex":0,"texture":"#0"},"down":{"uv":[10.625,9.125,9.25,10.625],"tintindex":0,"texture":"#0"}}},{"from":[2.5,9.361767,-2.1967258],"to":[12.5,11.361767,7.803274],"faces":{"north":{"uv":[12.25,1.875,13.5,2.125],"tintindex":0,"texture":"#0"},"east":{"uv":[12.25,2.125,13.5,2.375],"tintindex":0,"texture":"#0"},"west":{"uv":[12.25,2.375,13.5,2.625],"tintindex":0,"texture":"#0"}}}]}