{"textures":{"0":"bettermodel:item/shark_hammer_shark_hammer","particle":"bettermodel:item/shark_hammer_shark_hammer"},"elements":[{"from":[8.6734915,7.263279,6.7959356],"to":[21.334736,8.845934,13.126558],"faces":{"north":{"uv":[8.375,2.25,6.625,2.5],"tintindex":0,"texture":"#0"},"east":{"uv":[5.875,12.5,5.0,12.75],"tintindex":0,"texture":"#0"},"south":{"uv":[13.5,6.25,11.75,6.5],"tintindex":0,"texture":"#0"},"west":{"uv":[10.625,8.875,9.75,9.125],"tintindex":0,"texture":"#0"},"up":{"uv":[10.375,0.875,12.125,0.0],"tintindex":0,"texture":"#0"},"down":{"uv":[10.375,0.0,12.125,0.875],"tintindex":0,"texture":"#0"}}},{"from":[11.247793,7.2396617,4.7247553],"to":[20.291542,8.867537,8.342254],"faces":{"north":{"uv":[8.625,12.25,7.375,12.5],"tintindex":0,"texture":"#0"},"east":{"uv":[8.875,2.0,8.375,2.25],"tintindex":0,"texture":"#0"},"south":{"uv":[13.125,12.375,11.875,12.625],"tintindex":0,"texture":"#0"},"west":{"uv":[8.875,1.75,8.375,2.0],"tintindex":0,"texture":"#0"},"up":{"uv":[11.625,10.375,12.875,9.875],"tintindex":0,"texture":"#0"},"down":{"uv":[11.75,4.25,13.0,4.75],"tintindex":0,"texture":"#0"}},"rotation":{"angle":-22.5,"axis":"y","origin":[15.545538,7.919699,8.158611]}},{"from":[19.487171,7.248736,7.5945983],"to":[23.990955,8.858523,12.098384],"faces":{"north":{"uv":[10.0,12.5,9.375,12.75],"tintindex":0,"texture":"#0"},"east":{"uv":[13.25,3.625,12.625,3.875],"tintindex":0,"texture":"#0"},"south":{"uv":[0.625,12.625,0.0,12.875],"tintindex":0,"texture":"#0"},"west":{"uv":[10.625,12.5,10.0,12.75],"tintindex":0,"texture":"#0"},"up":{"uv":[12.125,1.0,12.75,0.375],"tintindex":0,"texture":"#0"},"down":{"uv":[12.125,1.0,12.75,1.625],"tintindex":0,"texture":"#0"}},"rotation":{"angle":-45.0,"axis":"y","origin":[21.360426,7.94659,9.456409]}},{"from":[6.9016666,6.633749,4.7017794],"to":[11.42354,9.346873,15.5542755],"faces":{"north":{"uv":[5.625,12.125,5.0,12.5],"tintindex":0,"texture":"#0"},"east":{"uv":[13.375,8.0,11.875,8.375],"tintindex":0,"texture":"#0"},"south":{"uv":[3.25,12.5,2.625,12.875],"tintindex":0,"texture":"#0"},"west":{"uv":[13.25,5.875,11.75,6.25],"tintindex":0,"texture":"#0"},"up":{"uv":[1.125,12.875,1.75,11.375],"tintindex":0,"texture":"#0"},"down":{"uv":[1.75,11.375,2.375,12.875],"tintindex":0,"texture":"#0"}},"rotation":{"angle":-22.5,"axis":"y","origin":[15.545538,7.919699,8.158611]}}]}