{"textures":{"0":"bettermodel:item/shark_shark","particle":"bettermodel:item/shark_shark"},"elements":[{"from":[1.5768995,-2.1252518,7.139361],"to":[13.620213,13.932501,24.0],"faces":{"north":{"uv":[4.5,0.0,6.375,2.5],"tintindex":0,"texture":"#0"},"east":{"uv":[0.0,0.0,2.625,2.5],"tintindex":0,"texture":"#0"},"south":{"uv":[4.5,2.5,6.375,5.0],"tintindex":0,"texture":"#0"},"west":{"uv":[2.625,0.0,0.0,2.5],"tintindex":0,"texture":"#0"},"up":{"uv":[4.5,2.625,2.625,0.0],"tintindex":0,"texture":"#0"},"down":{"uv":[4.5,2.625,2.625,5.25],"tintindex":0,"texture":"#0"}}},{"from":[2.781231,-0.786911,4.9261336],"to":[12.415882,11.256402,7.3347964],"faces":{"north":{"uv":[0.0,8.0,1.5,9.875],"tintindex":0,"texture":"#0"},"east":{"uv":[11.375,3.875,11.75,5.75],"tintindex":0,"texture":"#0"},"south":{"uv":[4.375,8.0,5.875,9.875],"tintindex":0,"texture":"#0"},"west":{"uv":[11.75,3.875,11.375,5.75],"tintindex":0,"texture":"#0"},"up":{"uv":[13.125,2.125,11.625,1.75],"tintindex":0,"texture":"#0"},"down":{"uv":[13.125,9.125,11.625,9.5],"tintindex":0,"texture":"#0"}}}]}