{"textures":{"0":"bettermodel:item/shark_shark","particle":"bettermodel:item/shark_shark"},"elements":[{"from":[5.2489796,3.6253285,7.493877],"to":[10.75102,10.961384,16.663944],"faces":{"north":{"uv":[3.5,11.125,4.25,12.125],"tintindex":0,"texture":"#0"},"east":{"uv":[8.375,10.75,9.625,11.75],"tintindex":0,"texture":"#0"},"south":{"uv":[10.25,11.25,11.0,12.25],"tintindex":0,"texture":"#0"},"west":{"uv":[9.625,10.75,8.375,11.75],"tintindex":0,"texture":"#0"},"up":{"uv":[9.25,3.75,8.5,2.5],"tintindex":0,"texture":"#0"},"down":{"uv":[2.875,10.625,2.125,11.875],"tintindex":0,"texture":"#0"}}},{"from":[7.99083,-1.8858829,12.986748],"to":[8.009171,20.140621,24.00917],"faces":{"east":{"uv":[0.0,5.0,1.5,8.0],"tintindex":0,"texture":"#0"},"west":{"uv":[1.5,5.0,0.0,8.0],"tintindex":0,"texture":"#0"}},"rotation":{"angle":22.5,"axis":"x","origin":[8.0,8.210363,17.580952]}}]}