{"textures":{"0":"bettermodel:item/shark_shark","particle":"bettermodel:item/shark_shark"},"elements":[{"from":[19.487171,7.248736,7.5945983],"to":[23.990955,8.858523,12.098384],"faces":{"north":{"uv":[12.5,8.375,11.875,8.625],"tintindex":0,"texture":"#0"},"east":{"uv":[5.125,12.0,4.5,12.25],"tintindex":0,"texture":"#0"},"south":{"uv":[12.5,8.875,11.875,9.125],"tintindex":0,"texture":"#0"},"west":{"uv":[12.5,8.625,11.875,8.875],"tintindex":0,"texture":"#0"},"up":{"uv":[11.75,7.375,12.375,6.75],"tintindex":0,"texture":"#0"},"down":{"uv":[11.75,6.75,12.375,7.375],"tintindex":0,"texture":"#0"}},"rotation":{"angle":-45.0,"axis":"y","origin":[21.360426,7.94659,9.456409]}},{"from":[11.247793,7.2396617,4.7247553],"to":[20.291542,8.867537,8.342254],"faces":{"north":{"uv":[7.625,4.875,6.375,5.0],"tintindex":0,"texture":"#0"},"east":{"uv":[4.5,6.5,4.0,6.625],"tintindex":0,"texture":"#0"},"south":{"uv":[9.75,6.625,8.5,6.75],"tintindex":0,"texture":"#0"},"west":{"uv":[4.5,6.375,4.0,6.5],"tintindex":0,"texture":"#0"},"up":{"uv":[11.375,6.25,12.625,5.75],"tintindex":0,"texture":"#0"},"down":{"uv":[11.375,5.75,12.625,6.25],"tintindex":0,"texture":"#0"}},"rotation":{"angle":-22.5,"axis":"y","origin":[15.545538,7.919699,8.158611]}},{"from":[8.6734915,7.263279,6.7959356],"to":[21.334736,8.845934,13.126558],"faces":{"north":{"uv":[12.375,7.625,10.625,7.875],"tintindex":0,"texture":"#0"},"east":{"uv":[12.75,8.125,11.875,8.375],"tintindex":0,"texture":"#0"},"south":{"uv":[13.375,2.125,11.625,2.375],"tintindex":0,"texture":"#0"},"west":{"uv":[2.375,5.0,1.5,5.25],"tintindex":0,"texture":"#0"},"up":{"uv":[10.375,11.25,12.125,10.375],"tintindex":0,"texture":"#0"},"down":{"uv":[10.375,10.375,12.125,11.25],"tintindex":0,"texture":"#0"}}},{"from":[6.9016666,6.633749,4.7017794],"to":[11.42354,9.346873,15.5542755],"faces":{"north":{"uv":[10.375,6.375,9.75,6.75],"tintindex":0,"texture":"#0"},"east":{"uv":[13.125,9.875,11.625,10.25],"tintindex":0,"texture":"#0"},"south":{"uv":[2.75,11.875,2.125,12.25],"tintindex":0,"texture":"#0"},"west":{"uv":[13.125,9.5,11.625,9.875],"tintindex":0,"texture":"#0"},"up":{"uv":[9.625,12.25,10.25,10.75],"tintindex":0,"texture":"#0"},"down":{"uv":[9.625,10.75,10.25,12.25],"tintindex":0,"texture":"#0"}},"rotation":{"angle":-22.5,"axis":"y","origin":[15.545538,7.919699,8.158611]}}]}