{"textures":{"0":"bettermodel:item/shark_shark","particle":"bettermodel:item/shark_shark"},"elements":[{"from":[2.0,6.3617673,-2.6967258],"to":[13.0,9.361767,9.303274],"faces":{"north":{"uv":[7.0,11.625,8.375,12.0],"tintindex":0,"texture":"#0"},"east":{"uv":[2.875,9.5,4.375,9.875],"tintindex":0,"texture":"#0"},"south":{"uv":[11.75,4.625,13.125,5.0],"tintindex":0,"texture":"#0"},"west":{"uv":[4.375,9.5,2.875,9.875],"tintindex":0,"texture":"#0"},"up":{"uv":[10.25,9.375,8.875,7.875],"tintindex":0,"texture":"#0"},"down":{"uv":[2.875,9.125,1.5,10.625],"tintindex":0,"texture":"#0"}}},{"from":[2.5,9.361767,-2.1967258],"to":[12.5,11.361768,7.803274],"faces":{"north":{"uv":[11.75,7.375,13.0,7.625],"tintindex":0,"texture":"#0"},"east":{"uv":[11.0,11.75,12.25,12.0],"tintindex":0,"texture":"#0"},"west":{"uv":[12.25,11.75,11.0,12.0],"tintindex":0,"texture":"#0"}}}]}