{"textures":{"0":"bettermodel:item/shark_shark","particle":"bettermodel:item/shark_shark"},"elements":[{"from":[6.49,8.488367,-3.7859209],"to":[8.51,17.789618,20.23408],"faces":{"north":{"uv":[4.0,5.25,4.25,6.375],"tintindex":0,"texture":"#0"},"east":{"uv":[6.375,3.75,9.375,4.875],"tintindex":0,"texture":"#0"},"south":{"uv":[4.25,5.25,4.5,6.375],"tintindex":0,"texture":"#0"},"west":{"uv":[9.375,3.75,6.375,4.875],"tintindex":0,"texture":"#0"},"up":{"uv":[7.0,13.625,6.75,10.625],"tintindex":0,"texture":"#0"},"down":{"uv":[4.5,11.125,4.25,14.125],"tintindex":0,"texture":"#0"}},"rotation":{"angle":22.5,"axis":"x","origin":[6.5,8.946016,7.5726314]}},{"from":[6.5,-2.2722397,-3.071311],"to":[8.5,12.915259,13.803689],"faces":{"north":{"uv":[0.875,11.5,1.125,13.375],"tintindex":0,"texture":"#0"},"east":{"uv":[6.375,0.0,8.5,1.875],"tintindex":0,"texture":"#0"},"south":{"uv":[8.375,11.75,8.625,13.625],"tintindex":0,"texture":"#0"},"west":{"uv":[8.5,0.0,6.375,1.875],"tintindex":0,"texture":"#0"},"up":{"uv":[0.625,13.625,0.375,11.5],"tintindex":0,"texture":"#0"},"down":{"uv":[0.875,11.5,0.625,13.625],"tintindex":0,"texture":"#0"}}}]}