{"textures":{"0":"bettermodel:item/shark_hammer_shark_hammer","particle":"bettermodel:item/shark_hammer_shark_hammer"},"elements":[{"from":[5.2489796,3.6253285,7.493877],"to":[10.75102,10.961384,16.663944],"faces":{"north":{"uv":[9.375,11.5,10.125,12.5],"tintindex":0,"texture":"#0"},"east":{"uv":[2.75,11.0,4.0,12.0],"tintindex":0,"texture":"#0"},"south":{"uv":[10.125,11.5,10.875,12.5],"tintindex":0,"texture":"#0"},"west":{"uv":[4.0,11.0,2.75,12.0],"tintindex":0,"texture":"#0"},"up":{"uv":[8.125,12.25,7.375,11.0],"tintindex":0,"texture":"#0"},"down":{"uv":[8.875,11.0,8.125,12.25],"tintindex":0,"texture":"#0"}}},{"from":[7.99083,-1.8858829,12.986748],"to":[8.009171,20.140623,24.00917],"faces":{"east":{"uv":[3.75,5.125,5.25,8.125],"tintindex":0,"texture":"#0"},"west":{"uv":[5.25,5.125,3.75,8.125],"tintindex":0,"texture":"#0"}},"rotation":{"angle":22.5,"axis":"x","origin":[8.0,8.210362,17.580952]}}]}