{"textures":{"0":"bettermodel:item/shark_shark","particle":"bettermodel:item/shark_shark"},"elements":[{"from":[-7.9909563,7.248736,7.5945983],"to":[-3.4871702,8.858523,12.098384],"faces":{"north":{"uv":[11.875,8.375,12.5,8.625],"tintindex":0,"texture":"#0"},"east":{"uv":[11.875,8.625,12.5,8.875],"tintindex":0,"texture":"#0"},"south":{"uv":[11.875,8.875,12.5,9.125],"tintindex":0,"texture":"#0"},"west":{"uv":[4.5,12.0,5.125,12.25],"tintindex":0,"texture":"#0"},"up":{"uv":[12.375,7.375,11.75,6.75],"tintindex":0,"texture":"#0"},"down":{"uv":[12.375,6.75,11.75,7.375],"tintindex":0,"texture":"#0"}},"rotation":{"angle":45.0,"axis":"y","origin":[-5.360426,7.94659,9.456409]}},{"from":[-4.291541,7.2396617,4.7247553],"to":[4.7522063,8.867537,8.342254],"faces":{"north":{"uv":[6.375,4.875,7.625,5.0],"tintindex":0,"texture":"#0"},"east":{"uv":[4.0,6.375,4.5,6.5],"tintindex":0,"texture":"#0"},"south":{"uv":[8.5,6.625,9.75,6.75],"tintindex":0,"texture":"#0"},"west":{"uv":[4.0,6.5,4.5,6.625],"tintindex":0,"texture":"#0"},"up":{"uv":[12.625,6.25,11.375,5.75],"tintindex":0,"texture":"#0"},"down":{"uv":[12.625,5.75,11.375,6.25],"tintindex":0,"texture":"#0"}},"rotation":{"angle":22.5,"axis":"y","origin":[0.45446157,7.919699,8.158611]}},{"from":[-5.334737,7.263279,6.7959356],"to":[7.3265085,8.845934,13.126558],"faces":{"north":{"uv":[10.625,7.625,12.375,7.875],"tintindex":0,"texture":"#0"},"east":{"uv":[1.5,5.0,2.375,5.25],"tintindex":0,"texture":"#0"},"south":{"uv":[11.625,2.125,13.375,2.375],"tintindex":0,"texture":"#0"},"west":{"uv":[11.875,8.125,12.75,8.375],"tintindex":0,"texture":"#0"},"up":{"uv":[12.125,11.25,10.375,10.375],"tintindex":0,"texture":"#0"},"down":{"uv":[12.125,10.375,10.375,11.25],"tintindex":0,"texture":"#0"}}},{"from":[4.57646,6.633749,4.7017794],"to":[9.098333,9.346873,15.5542755],"faces":{"north":{"uv":[9.75,6.375,10.375,6.75],"tintindex":0,"texture":"#0"},"east":{"uv":[11.625,9.5,13.125,9.875],"tintindex":0,"texture":"#0"},"south":{"uv":[2.125,11.875,2.75,12.25],"tintindex":0,"texture":"#0"},"west":{"uv":[11.625,9.875,13.125,10.25],"tintindex":0,"texture":"#0"},"up":{"uv":[10.25,12.25,9.625,10.75],"tintindex":0,"texture":"#0"},"down":{"uv":[10.25,10.75,9.625,12.25],"tintindex":0,"texture":"#0"}},"rotation":{"angle":22.5,"axis":"y","origin":[0.45446157,7.919699,8.158611]}}]}