{"textures":{"0":"bettermodel:item/shark_hammer_shark_hammer","particle":"bettermodel:item/shark_hammer_shark_hammer"},"elements":[{"from":[-7.9909563,7.248736,7.5945983],"to":[-3.4871702,8.858523,12.098384],"faces":{"north":{"uv":[9.375,12.5,10.0,12.75],"tintindex":0,"texture":"#0"},"east":{"uv":[10.0,12.5,10.625,12.75],"tintindex":0,"texture":"#0"},"south":{"uv":[0.0,12.625,0.625,12.875],"tintindex":0,"texture":"#0"},"west":{"uv":[12.625,3.625,13.25,3.875],"tintindex":0,"texture":"#0"},"up":{"uv":[12.75,1.0,12.125,0.375],"tintindex":0,"texture":"#0"},"down":{"uv":[12.75,1.0,12.125,1.625],"tintindex":0,"texture":"#0"}},"rotation":{"angle":45.0,"axis":"y","origin":[-5.360426,7.94659,9.456409]}},{"from":[-4.291541,7.2396617,4.7247553],"to":[4.7522063,8.867537,8.342254],"faces":{"north":{"uv":[7.375,12.25,8.625,12.5],"tintindex":0,"texture":"#0"},"east":{"uv":[8.375,1.75,8.875,2.0],"tintindex":0,"texture":"#0"},"south":{"uv":[11.875,12.375,13.125,12.625],"tintindex":0,"texture":"#0"},"west":{"uv":[8.375,2.0,8.875,2.25],"tintindex":0,"texture":"#0"},"up":{"uv":[12.875,10.375,11.625,9.875],"tintindex":0,"texture":"#0"},"down":{"uv":[13.0,4.25,11.75,4.75],"tintindex":0,"texture":"#0"}},"rotation":{"angle":22.5,"axis":"y","origin":[0.45446157,7.919699,8.158611]}},{"from":[-5.334737,7.263279,6.7959356],"to":[7.3265085,8.845934,13.126558],"faces":{"north":{"uv":[6.625,2.25,8.375,2.5],"tintindex":0,"texture":"#0"},"east":{"uv":[9.75,8.875,10.625,9.125],"tintindex":0,"texture":"#0"},"south":{"uv":[11.75,6.25,13.5,6.5],"tintindex":0,"texture":"#0"},"west":{"uv":[5.0,12.5,5.875,12.75],"tintindex":0,"texture":"#0"},"up":{"uv":[12.125,0.875,10.375,0.0],"tintindex":0,"texture":"#0"},"down":{"uv":[12.125,0.0,10.375,0.875],"tintindex":0,"texture":"#0"}}},{"from":[4.57646,6.633749,4.7017794],"to":[9.098333,9.346873,15.5542755],"faces":{"north":{"uv":[5.0,12.125,5.625,12.5],"tintindex":0,"texture":"#0"},"east":{"uv":[11.75,5.875,13.25,6.25],"tintindex":0,"texture":"#0"},"south":{"uv":[2.625,12.5,3.25,12.875],"tintindex":0,"texture":"#0"},"west":{"uv":[11.875,8.0,13.375,8.375],"tintindex":0,"texture":"#0"},"up":{"uv":[1.75,12.875,1.125,11.375],"tintindex":0,"texture":"#0"},"down":{"uv":[2.375,11.375,1.75,12.875],"tintindex":0,"texture":"#0"}},"rotation":{"angle":22.5,"axis":"y","origin":[0.45446157,7.919699,8.158611]}}]}