{"textures":{"0":"bettermodel:item/shark_hammer_shark_hammer","particle":"bettermodel:item/shark_hammer_shark_hammer"},"elements":[{"from":[3.8654437,1.9202504,7.8991632],"to":[12.134556,13.077775,24.008253],"faces":{"north":{"uv":[9.125,0.0,10.375,1.75],"tintindex":0,"texture":"#0"},"east":{"uv":[6.375,2.5,8.875,4.25],"tintindex":0,"texture":"#0"},"south":{"uv":[3.25,9.25,4.5,11.0],"tintindex":0,"texture":"#0"},"west":{"uv":[8.875,2.5,6.375,4.25],"tintindex":0,"texture":"#0"},"up":{"uv":[10.125,4.25,8.875,1.75],"tintindex":0,"texture":"#0"},"down":{"uv":[10.125,4.25,8.875,6.75],"tintindex":0,"texture":"#0"}}},{"from":[4.6907043,0.89321995,5.3656917],"to":[11.309295,4.210768,15.285325],"faces":{"north":{"uv":[6.375,12.0,7.375,12.5],"tintindex":0,"texture":"#0"},"east":{"uv":[11.625,8.875,13.125,9.375],"tintindex":0,"texture":"#0"},"south":{"uv":[0.0,12.125,1.0,12.625],"tintindex":0,"texture":"#0"},"west":{"uv":[13.125,8.875,11.625,9.375],"tintindex":0,"texture":"#0"},"up":{"uv":[11.5,8.0,10.5,6.5],"tintindex":0,"texture":"#0"},"down":{"uv":[11.625,8.875,10.625,10.375],"tintindex":0,"texture":"#0"}},"rotation":{"angle":-22.5,"axis":"x","origin":[8.0,5.646722,13.0076065]}}]}