{"textures":{"0":"bettermodel:item/sylkabe_golem_golem_texture","particle":"bettermodel:item/sylkabe_golem_golem_texture"},"elements":[{"from":[5.4736843,5.4736843,5.4736843],"to":[10.526316,24.0,9.684211],"faces":{"north":{"uv":[4.84375,8.9375,5.03125,9.625],"tintindex":0,"texture":"#0"},"east":{"uv":[4.6875,8.9375,4.84375,9.625],"tintindex":0,"texture":"#0"},"south":{"uv":[5.1875,8.9375,5.375,9.625],"tintindex":0,"texture":"#0"},"west":{"uv":[5.03125,8.9375,5.1875,9.625],"tintindex":0,"texture":"#0"},"up":{"uv":[5.03125,8.9375,4.84375,8.78125],"tintindex":0,"texture":"#0"},"down":{"uv":[5.21875,8.78125,5.03125,8.9375],"tintindex":0,"texture":"#0"}}},{"from":[6.315789,-6.315789,5.4736843],"to":[9.684211,5.4736843,8.842105],"faces":{"north":{"uv":[5.5,8.90625,5.625,9.34375],"tintindex":0,"texture":"#0"},"east":{"uv":[5.375,8.90625,5.5,9.34375],"tintindex":0,"texture":"#0"},"south":{"uv":[5.75,8.90625,5.875,9.34375],"tintindex":0,"texture":"#0"},"west":{"uv":[5.625,8.90625,5.75,9.34375],"tintindex":0,"texture":"#0"},"up":{"uv":[5.625,8.90625,5.5,8.78125],"tintindex":0,"texture":"#0"},"down":{"uv":[5.75,8.78125,5.625,8.90625],"tintindex":0,"texture":"#0"}}}]}