{"textures":{"0":"bettermodel:item/toro_xi_multihitbox_xi","1":"bettermodel:item/toro_xi_multihitbox_xi_fire","particle":"bettermodel:item/toro_xi_multihitbox_xi"},"elements":[{"from":[4.7757006,1.2429919,-0.45794392],"to":[9.943925,5.2803745,9.7102785],"faces":{"north":{"uv":[1.3125,7.90625,1.5,8.03125],"tintindex":0,"texture":"#0"},"east":{"uv":[7.5,0.375,7.84375,0.5],"tintindex":0,"texture":"#0"},"south":{"uv":[7.90625,1.40625,8.09375,1.53125],"tintindex":0,"texture":"#0"},"west":{"uv":[7.5,3.875,7.84375,4.0],"tintindex":0,"texture":"#0"},"up":{"uv":[4.78125,7.53125,4.59375,7.1875],"tintindex":0,"texture":"#0"},"down":{"uv":[4.96875,7.1875,4.78125,7.53125],"tintindex":0,"texture":"#0"}},"rotation":{"angle":-45.0,"axis":"x","origin":[9.046729,-2.6542034,5.0093455]}},{"from":[2.4672904,-2.2803726,-0.48598194],"to":[6.6542053,2.504674,7.7383156],"faces":{"north":{"uv":[7.9375,1.9375,8.0625,2.09375],"tintindex":0,"texture":"#0"},"east":{"uv":[6.40625,0.625,6.6875,0.78125],"tintindex":0,"texture":"#0"},"south":{"uv":[2.4375,7.9375,2.5625,8.09375],"tintindex":0,"texture":"#0"},"west":{"uv":[7.4375,5.84375,7.71875,6.0],"tintindex":0,"texture":"#0"},"up":{"uv":[3.15625,1.09375,3.03125,0.8125],"tintindex":0,"texture":"#0"},"down":{"uv":[1.625,5.21875,1.5,5.5],"tintindex":0,"texture":"#0"}},"rotation":{"angle":-22.5,"axis":"x","origin":[9.046729,-2.6542034,5.0093455]}},{"from":[8.299065,-2.2803726,-1.8317766],"to":[12.485981,1.9065433,6.542055],"faces":{"north":{"uv":[8.0,5.375,8.125,5.5],"tintindex":0,"texture":"#0"},"east":{"uv":[2.65625,4.6875,2.9375,4.8125],"tintindex":0,"texture":"#0"},"south":{"uv":[8.0,5.5,8.125,5.625],"tintindex":0,"texture":"#0"},"west":{"uv":[6.625,2.5625,6.90625,2.6875],"tintindex":0,"texture":"#0"},"up":{"uv":[6.40625,7.03125,6.28125,6.75],"tintindex":0,"texture":"#0"},"down":{"uv":[0.96875,6.9375,0.84375,7.21875],"tintindex":0,"texture":"#0"}},"rotation":{"angle":-22.5,"axis":"x","origin":[9.046729,-2.6542034,5.0093455]}},{"from":[10.2429905,-2.6542034,-6.2056055],"to":[12.635513,0.1869173,-1.7196264],"faces":{"north":{"uv":[5.21875,8.09375,5.3125,8.1875],"tintindex":0,"texture":"#0"},"east":{"uv":[8.03125,0.59375,8.1875,0.6875],"tintindex":0,"texture":"#0"},"south":{"uv":[8.09375,5.25,8.1875,5.34375],"tintindex":0,"texture":"#0"},"west":{"uv":[1.125,8.03125,1.28125,8.125],"tintindex":0,"texture":"#0"},"up":{"uv":[7.0,8.15625,6.90625,8.0],"tintindex":0,"texture":"#0"},"down":{"uv":[1.375,8.03125,1.28125,8.1875],"tintindex":0,"texture":"#0"}}},{"from":[10.392523,0.785048,-6.056073],"to":[12.186914,3.3271036,-2.467289],"faces":{"north":{"uv":[8.125,0.875,8.1875,0.96875],"tintindex":0,"texture":"#0"},"east":{"uv":[8.0625,3.5625,8.1875,3.65625],"tintindex":0,"texture":"#0"},"south":{"uv":[1.0,8.125,1.0625,8.21875],"tintindex":0,"texture":"#0"},"west":{"uv":[8.0625,3.875,8.1875,3.96875],"tintindex":0,"texture":"#0"},"up":{"uv":[6.6875,7.96875,6.625,7.84375],"tintindex":0,"texture":"#0"},"down":{"uv":[1.75,7.875,1.6875,8.0],"tintindex":0,"texture":"#0"}},"rotation":{"angle":-22.5,"axis":"x","origin":[7.5514026,-2.6542034,5.7570086]}},{"from":[10.542056,4.074767,-4.1121483],"to":[11.7383175,6.317757,-0.8224306],"faces":{"north":{"uv":[2.09375,4.6875,2.125,4.75],"tintindex":0,"texture":"#0"},"east":{"uv":[0.28125,4.3125,0.40625,4.375],"tintindex":0,"texture":"#0"},"south":{"uv":[0.25,4.71875,0.28125,4.78125],"tintindex":0,"texture":"#0"},"west":{"uv":[6.0625,1.4375,6.1875,1.5],"tintindex":0,"texture":"#0"},"up":{"uv":[3.0625,3.4375,3.03125,3.3125],"tintindex":0,"texture":"#0"},"down":{"uv":[3.0625,3.4375,3.03125,3.5625],"tintindex":0,"texture":"#0"}},"rotation":{"angle":-45.0,"axis":"x","origin":[7.5514026,-2.6542034,5.7570086]}},{"from":[6.35514,-1.457942,-8.0],"to":[8.7476635,1.3831787,-3.514018],"faces":{"north":{"uv":[5.3125,8.09375,5.40625,8.1875],"tintindex":0,"texture":"#0"},"east":{"uv":[8.03125,1.53125,8.1875,1.625],"tintindex":0,"texture":"#0"},"south":{"uv":[5.40625,8.09375,5.5,8.1875],"tintindex":0,"texture":"#0"},"west":{"uv":[8.03125,2.09375,8.1875,2.1875],"tintindex":0,"texture":"#0"},"up":{"uv":[1.46875,8.1875,1.375,8.03125],"tintindex":0,"texture":"#0"},"down":{"uv":[3.03125,8.03125,2.9375,8.1875],"tintindex":0,"texture":"#0"}}},{"from":[6.6542053,2.728973,-7.8504677],"to":[8.448598,5.2710285,-4.2616806],"faces":{"north":{"uv":[1.0625,8.125,1.125,8.21875],"tintindex":0,"texture":"#0"},"east":{"uv":[8.0625,4.34375,8.1875,4.4375],"tintindex":0,"texture":"#0"},"south":{"uv":[1.125,8.125,1.1875,8.21875],"tintindex":0,"texture":"#0"},"west":{"uv":[4.40625,8.0625,4.53125,8.15625],"tintindex":0,"texture":"#0"},"up":{"uv":[3.90625,8.0,3.84375,7.875],"tintindex":0,"texture":"#0"},"down":{"uv":[7.84375,8.0,7.78125,8.125],"tintindex":0,"texture":"#0"}},"rotation":{"angle":-22.5,"axis":"x","origin":[4.7102804,-2.6542034,5.0093455]}},{"from":[6.8037376,6.1682243,-5.906541],"to":[8.0,8.411216,-1.5700932],"faces":{"north":{"uv":[4.71875,0.65625,4.75,0.71875],"tintindex":0,"texture":"#0"},"east":{"uv":[2.0,1.3125,2.15625,1.375],"tintindex":0,"texture":"#0"},"south":{"uv":[4.71875,0.71875,4.75,0.78125],"tintindex":0,"texture":"#0"},"west":{"uv":[4.125,0.34375,4.28125,0.40625],"tintindex":0,"texture":"#0"},"up":{"uv":[2.6875,1.25,2.65625,1.09375],"tintindex":0,"texture":"#0"},"down":{"uv":[3.03125,0.4375,3.0,0.59375],"tintindex":0,"texture":"#0"}},"rotation":{"angle":-45.0,"axis":"x","origin":[4.7102804,-2.6542034,5.0093455]}},{"from":[3.1028047,-2.2056055,-6.056073],"to":[5.495327,0.6355157,-1.5700932],"faces":{"north":{"uv":[6.34375,8.09375,6.4375,8.1875],"tintindex":0,"texture":"#0"},"east":{"uv":[8.03125,2.1875,8.1875,2.28125],"tintindex":0,"texture":"#0"},"south":{"uv":[6.4375,8.09375,6.53125,8.1875],"tintindex":0,"texture":"#0"},"west":{"uv":[3.03125,8.03125,3.1875,8.125],"tintindex":0,"texture":"#0"},"up":{"uv":[3.53125,8.1875,3.4375,8.03125],"tintindex":0,"texture":"#0"},"down":{"uv":[3.625,8.03125,3.53125,8.1875],"tintindex":0,"texture":"#0"}}},{"from":[3.1028047,1.8317766,-5.906541],"to":[4.897197,4.373832,-2.3177567],"faces":{"north":{"uv":[1.1875,8.125,1.25,8.21875],"tintindex":0,"texture":"#0"},"east":{"uv":[8.0625,5.15625,8.1875,5.25],"tintindex":0,"texture":"#0"},"south":{"uv":[1.46875,8.125,1.53125,8.21875],"tintindex":0,"texture":"#0"},"west":{"uv":[8.0625,5.9375,8.1875,6.03125],"tintindex":0,"texture":"#0"},"up":{"uv":[0.46875,8.1875,0.40625,8.0625],"tintindex":0,"texture":"#0"},"down":{"uv":[2.0,8.0625,1.9375,8.1875],"tintindex":0,"texture":"#0"}},"rotation":{"angle":-22.5,"axis":"x","origin":[2.056075,-2.8037357,6.9532704]}},{"from":[2.9532723,5.420561,-3.962616],"to":[4.1495323,7.663552,-0.6728964],"faces":{"north":{"uv":[0.25,4.78125,0.28125,4.84375],"tintindex":0,"texture":"#0"},"east":{"uv":[7.09375,0.4375,7.21875,0.5],"tintindex":0,"texture":"#0"},"south":{"uv":[0.25,4.84375,0.28125,4.90625],"tintindex":0,"texture":"#0"},"west":{"uv":[7.375,6.46875,7.5,6.53125],"tintindex":0,"texture":"#0"},"up":{"uv":[3.0625,3.6875,3.03125,3.5625],"tintindex":0,"texture":"#0"},"down":{"uv":[2.65625,4.40625,2.625,4.53125],"tintindex":0,"texture":"#0"}},"rotation":{"angle":-45.0,"axis":"x","origin":[2.056075,-2.8037357,6.9532704]}},{"from":[5.0093455,-2.2803726,-1.8317766],"to":[9.196261,1.9065433,9.084112],"faces":{"north":{"uv":[5.53125,8.0,5.65625,8.125],"tintindex":0,"texture":"#0"},"east":{"uv":[4.75,1.0625,5.125,1.1875],"tintindex":0,"texture":"#0"},"south":{"uv":[8.0,5.625,8.125,5.75],"tintindex":0,"texture":"#0"},"west":{"uv":[5.875,3.375,6.25,3.5],"tintindex":0,"texture":"#0"},"up":{"uv":[5.53125,7.84375,5.40625,7.46875],"tintindex":0,"texture":"#0"},"down":{"uv":[5.65625,7.46875,5.53125,7.84375],"tintindex":0,"texture":"#0"}},"rotation":{"angle":-22.5,"axis":"x","origin":[9.046729,-2.6542034,5.0093455]}},{"from":[5.0093455,-0.17756844,6.5794373],"to":[9.196261,4.009347,17.495325],"faces":{"north":{"uv":[5.65625,8.0,5.78125,8.125],"tintindex":0,"texture":"#0"},"east":{"uv":[7.3125,1.8125,7.6875,1.9375],"tintindex":0,