{"textures":{"0":"bettermodel:item/toro_xi_multihitbox_xi","1":"bettermodel:item/toro_xi_multihitbox_xi_fire","particle":"bettermodel:item/toro_xi_multihitbox_xi"},"elements":[{"from":[5.3333335,-1.166666,3.666666],"to":[10.5,9.499999,8.666667],"faces":{"north":{"uv":[0.1875,6.75,0.375,7.15625],"tintindex":0,"texture":"#0"},"east":{"uv":[5.90625,6.75,6.09375,7.15625],"tintindex":0,"texture":"#0"},"south":{"uv":[6.09375,6.75,6.28125,7.15625],"tintindex":0,"texture":"#0"},"west":{"uv":[4.875,6.78125,5.0625,7.1875],"tintindex":0,"texture":"#0"},"up":{"uv":[5.84375,7.875,5.65625,7.6875],"tintindex":0,"texture":"#0"},"down":{"uv":[6.03125,7.6875,5.84375,7.875],"tintindex":0,"texture":"#0"}},"rotation":{"angle":22.5,"axis":"x","origin":[6.0000005,8.833333,12.333333]}},{"from":[5.541667,-8.0,6.166667],"to":[10.208333,2.666667,9.166666],"faces":{"north":{"uv":[5.0625,6.78125,5.25,7.1875],"tintindex":0,"texture":"#0"},"east":{"uv":[6.75,7.3125,6.875,7.71875],"tintindex":0,"texture":"#0"},"south":{"uv":[1.3125,6.8125,1.5,7.21875],"tintindex":0,"texture":"#0"},"west":{"uv":[0.0,7.34375,0.125,7.75],"tintindex":0,"texture":"#0"},"up":{"uv":[8.0625,7.25,7.875,7.125],"tintindex":0,"texture":"#0"},"down":{"uv":[8.0625,7.25,7.875,7.375],"tintindex":0,"texture":"#0"}},"rotation":{"angle":45.0,"axis":"x","origin":[6.0000005,8.833333,12.333333]}},{"from":[9.666667,-7.333332,7.333333],"to":[12.666667,2.666667,10.333334],"faces":{"north":{"uv":[7.4375,2.1875,7.5625,2.5625],"tintindex":0,"texture":"#0"},"east":{"uv":[4.0,7.4375,4.125,7.8125],"tintindex":0,"texture":"#0"},"south":{"uv":[7.4375,5.46875,7.5625,5.84375],"tintindex":0,"texture":"#0"},"west":{"uv":[0.375,7.46875,0.5,7.84375],"tintindex":0,"texture":"#0"},"up":{"uv":[6.46875,8.09375,6.34375,7.96875],"tintindex":0,"texture":"#0"},"down":{"uv":[6.59375,7.96875,6.46875,8.09375],"tintindex":0,"texture":"#0"}},"rotation":{"angle":45.0,"axis":"x","origin":[6.0000005,8.833333,12.333333]}},{"from":[3.666667,-2.666666,9.333334],"to":[11.999999,3.333333,15.0],"faces":{"north":{"uv":[7.0625,0.90625,7.375,1.125],"tintindex":0,"texture":"#0"},"east":{"uv":[7.34375,4.09375,7.5625,4.3125],"tintindex":0,"texture":"#0"},"south":{"uv":[7.0625,3.4375,7.375,3.65625],"tintindex":0,"texture":"#0"},"west":{"uv":[6.21875,7.34375,6.4375,7.5625],"tintindex":0,"texture":"#0"},"up":{"uv":[7.375,3.875,7.0625,3.65625],"tintindex":0,"texture":"#0"},"down":{"uv":[7.375,6.3125,7.0625,6.53125],"tintindex":0,"texture":"#0"}},"rotation":{"angle":45.0,"axis":"x","origin":[6.0000005,8.833333,12.333333]}},{"from":[4.833333,-4.166666,4.333334],"to":[10.666667,0.0,11.333333],"faces":{"north":{"uv":[7.75,2.46875,7.96875,2.625],"tintindex":0,"texture":"#0"},"east":{"uv":[1.25,7.5625,1.5,7.71875],"tintindex":0,"texture":"#0"},"south":{"uv":[7.75,3.21875,7.96875,3.375],"tintindex":0,"texture":"#0"},"west":{"uv":[7.5625,2.15625,7.8125,2.3125],"tintindex":0,"texture":"#0"},"up":{"uv":[7.53125,1.8125,7.3125,1.5625],"tintindex":0,"texture":"#0"},"down":{"uv":[3.09375,7.3125,2.875,7.5625],"tintindex":0,"texture":"#0"}},"rotation":{"angle":22.5,"axis":"x","origin":[6.0000005,8.833333,12.333333]}},{"from":[2.8333335,-7.333332,7.333333],"to":[5.833333,2.666667,10.333334],"faces":{"north":{"uv":[0.78125,7.46875,0.90625,7.84375],"tintindex":0,"texture":"#0"},"east":{"uv":[0.90625,7.46875,1.03125,7.84375],"tintindex":0,"texture":"#0"},"south":{"uv":[2.21875,7.46875,2.34375,7.84375],"tintindex":0,"texture":"#0"},"west":{"uv":[2.34375,7.46875,2.46875,7.84375],"tintindex":0,"texture":"#0"},"up":{"uv":[7.125,8.09375,7.0,7.96875],"tintindex":0,"texture":"#0"},"down":{"uv":[7.25,7.96875,7.125,8.09375],"tintindex":0,"texture":"#0"}},"rotation":{"angle":45.0,"axis":"x","origin":[6.0000005,8.833333,12.333333]}},{"from":[4.0,-1.166666,8.5],"to":[9.166666,9.499999,11.5],"faces":{"north":{"uv":[2.21875,6.84375,2.40625,7.25],"tintindex":0,"texture":"#0"},"east":{"uv":[0.125,7.34375,0.25,7.75],"tintindex":0,"texture":"#0"},"south":{"uv":[2.40625,6.84375,2.59375,7.25],"tintindex":0,"texture":"#0"},"west":{"uv":[0.25,7.34375,0.375,7.75],"tintindex":0,"texture":"#0"},"up":{"uv":[7.65625,8.0,7.46875,7.875],"tintindex":0,"texture":"#0"},"down":{"uv":[7.84375,7.875,7.65625,8.0],"tintindex":0,"texture":"#0"}},"rotation":{"angle":22.5,"axis":"x","origin":[6.0000005,8.833333,12.333333]}}]}