{"textures":{"0":"bettermodel:item/toro_xi_multihitbox_xi","1":"bettermodel:item/toro_xi_multihitbox_xi_fire","particle":"bettermodel:item/toro_xi_multihitbox_xi"},"elements":[{"from":[5.5,-1.166666,3.666666],"to":[10.666666,9.499999,8.666667],"faces":{"north":{"uv":[6.6875,0.875,6.875,1.28125],"tintindex":0,"texture":"#0"},"east":{"uv":[6.6875,1.28125,6.875,1.6875],"tintindex":0,"texture":"#0"},"south":{"uv":[1.5,6.6875,1.6875,7.09375],"tintindex":0,"texture":"#0"},"west":{"uv":[1.6875,6.6875,1.875,7.09375],"tintindex":0,"texture":"#0"},"up":{"uv":[7.75,5.75,7.5625,5.5625],"tintindex":0,"texture":"#0"},"down":{"uv":[6.40625,7.5625,6.21875,7.75],"tintindex":0,"texture":"#0"}},"rotation":{"angle":22.5,"axis":"x","origin":[10.0,8.833333,12.333333]}},{"from":[5.791667,-8.0,6.166667],"to":[10.458333,2.666667,9.166666],"faces":{"north":{"uv":[6.6875,3.5,6.875,3.90625],"tintindex":0,"texture":"#0"},"east":{"uv":[5.65625,7.21875,5.78125,7.625],"tintindex":0,"texture":"#0"},"south":{"uv":[6.6875,5.15625,6.875,5.5625],"tintindex":0,"texture":"#0"},"west":{"uv":[1.125,7.3125,1.25,7.71875],"tintindex":0,"texture":"#0"},"up":{"uv":[6.875,5.6875,6.6875,5.5625],"tintindex":0,"texture":"#0"},"down":{"uv":[7.25,1.125,7.0625,1.25],"tintindex":0,"texture":"#0"}},"rotation":{"angle":45.0,"axis":"x","origin":[10.0,8.833333,12.333333]}},{"from":[3.333333,-7.333332,7.333333],"to":[6.3333335,2.666667,10.333334],"faces":{"north":{"uv":[0.6875,5.125,0.8125,5.5],"tintindex":0,"texture":"#0"},"east":{"uv":[7.375,7.09375,7.5,7.46875],"tintindex":0,"texture":"#0"},"south":{"uv":[2.5,7.40625,2.625,7.78125],"tintindex":0,"texture":"#0"},"west":{"uv":[2.625,7.40625,2.75,7.78125],"tintindex":0,"texture":"#0"},"up":{"uv":[8.09375,0.875,7.96875,0.75],"tintindex":0,"texture":"#0"},"down":{"uv":[8.09375,2.46875,7.96875,2.59375],"tintindex":0,"texture":"#0"}},"rotation":{"angle":45.0,"axis":"x","origin":[10.0,8.833333,12.333333]}},{"from":[4.000001,-2.666666,9.333334],"to":[12.333333,3.333333,15.0],"faces":{"north":{"uv":[2.34375,1.09375,2.65625,1.3125],"tintindex":0,"texture":"#0"},"east":{"uv":[7.28125,3.875,7.5,4.09375],"tintindex":0,"texture":"#0"},"south":{"uv":[6.90625,2.625,7.21875,2.84375],"tintindex":0,"texture":"#0"},"west":{"uv":[2.0,7.34375,2.21875,7.5625],"tintindex":0,"texture":"#0"},"up":{"uv":[7.25,2.21875,6.9375,2.0],"tintindex":0,"texture":"#0"},"down":{"uv":[7.28125,3.875,6.96875,4.09375],"tintindex":0,"texture":"#0"}},"rotation":{"angle":45.0,"axis":"x","origin":[10.0,8.833333,12.333333]}},{"from":[5.333333,-4.166666,4.333334],"to":[11.166667,0.0,11.333333],"faces":{"north":{"uv":[7.71875,5.75,7.9375,5.90625],"tintindex":0,"texture":"#0"},"east":{"uv":[7.5,7.53125,7.75,7.6875],"tintindex":0,"texture":"#0"},"south":{"uv":[6.8125,7.71875,7.03125,7.875],"tintindex":0,"texture":"#0"},"west":{"uv":[0.5,7.5625,0.75,7.71875],"tintindex":0,"texture":"#0"},"up":{"uv":[7.1875,7.5,6.96875,7.25],"tintindex":0,"texture":"#0"},"down":{"uv":[0.78125,7.3125,0.5625,7.5625],"tintindex":0,"texture":"#0"}},"rotation":{"angle":22.5,"axis":"x","origin":[10.0,8.833333,12.333333]}},{"from":[10.166667,-7.333332,7.333333],"to":[13.166666,2.666667,10.333334],"faces":{"north":{"uv":[2.75,7.40625,2.875,7.78125],"tintindex":0,"texture":"#0"},"east":{"uv":[3.34375,7.40625,3.46875,7.78125],"tintindex":0,"texture":"#0"},"south":{"uv":[3.46875,7.40625,3.59375,7.78125],"tintindex":0,"texture":"#0"},"west":{"uv":[3.59375,7.40625,3.71875,7.78125],"tintindex":0,"texture":"#0"},"up":{"uv":[8.09375,3.46875,7.96875,3.34375],"tintindex":0,"texture":"#0"},"down":{"uv":[8.09375,3.65625,7.96875,3.78125],"tintindex":0,"texture":"#0"}},"rotation":{"angle":45.0,"axis":"x","origin":[10.0,8.833333,12.333333]}},{"from":[6.833334,-1.166666,8.5],"to":[12.0,9.499999,11.5],"faces":{"north":{"uv":[6.71875,0.0,6.90625,0.40625],"tintindex":0,"texture":"#0"},"east":{"uv":[3.09375,7.3125,3.21875,7.71875],"tintindex":0,"texture":"#0"},"south":{"uv":[0.0,6.75,0.1875,7.15625],"tintindex":0,"texture":"#0"},"west":{"uv":[3.21875,7.3125,3.34375,7.71875],"tintindex":0,"texture":"#0"},"up":{"uv":[5.28125,8.0,5.09375,7.875],"tintindex":0,"texture":"#0"},"down":{"uv":[5.8125,7.875,5.625,8.0],"tintindex":0,"texture":"#0"}},"rotation":{"angle":22.5,"axis":"x","origin":[10.0,8.833333,12.333333]}}]}