{"textures":{"0":"bettermodel:item/vfx_ice_knight_slash_hitfx_vfx_ice_knight_slash_hit2fx","1":"bettermodel:item/vfx_ice_knight_slash_hitfx_vfx_ice_knight_slash_hit2fx_e","particle":"bettermodel:item/vfx_ice_knight_slash_hitfx_vfx_ice_knight_slash_hit2fx"},"elements":[{"from":[5.0975,6.2006397,6.2],"to":[10.9025,9.80064,9.8],"faces":{"north":{"uv":[15.90625,15.89375,15.9875,15.9875],"tintindex":0,"texture":"#0"},"east":{"uv":[15.90625,15.89375,15.9875,15.9875],"tintindex":0,"texture":"#0"},"south":{"uv":[15.90625,15.89375,15.9875,15.9875],"tintindex":0,"texture":"#0"},"west":{"uv":[15.90625,15.89375,15.9875,15.9875],"tintindex":0,"texture":"#0"},"up":{"uv":[15.90625,15.89375,15.9875,15.9875],"tintindex":0,"texture":"#0"},"down":{"uv":[15.90625,15.89375,15.9875,15.9875],"tintindex":0,"texture":"#0"}}},{"from":[6.2,6.2006397,5.0975],"to":[9.8,9.80064,10.9025],"faces":{"north":{"uv":[15.90625,15.89375,15.9875,15.9875],"tintindex":0,"texture":"#0"},"east":{"uv":[15.90625,15.89375,15.9875,15.9875],"tintindex":0,"texture":"#0"},"south":{"uv":[15.90625,15.89375,15.9875,15.9875],"tintindex":0,"texture":"#0"},"west":{"uv":[15.90625,15.89375,15.9875,15.9875],"tintindex":0,"texture":"#0"},"up":{"uv":[15.90625,15.89375,15.9875,15.9875],"tintindex":0,"texture":"#0"},"down":{"uv":[15.90625,15.89375,15.9875,15.9875],"tintindex":0,"texture":"#0"}}},{"from":[4.67,6.2006397,7.2125],"to":[11.33,9.80064,8.7875],"faces":{"north":{"uv":[15.90625,15.89375,15.9875,15.9875],"tintindex":0,"texture":"#0"},"east":{"uv":[15.90625,15.89375,15.9875,15.9875],"tintindex":0,"texture":"#0"},"south":{"uv":[15.90625,15.89375,15.9875,15.9875],"tintindex":0,"texture":"#0"},"west":{"uv":[15.90625,15.89375,15.9875,15.9875],"tintindex":0,"texture":"#0"},"up":{"uv":[15.90625,15.89375,15.9875,15.9875],"tintindex":0,"texture":"#0"},"down":{"uv":[15.90625,15.89375,15.9875,15.9875],"tintindex":0,"texture":"#0"}},"rotation":{"angle":45.0,"axis":"y","origin":[8.0,8.00011,8.0]}},{"from":[4.67,6.2006397,7.2125],"to":[11.33,9.80064,8.7875],"faces":{"north":{"uv":[15.90625,15.89375,15.9875,15.9875],"tintindex":0,"texture":"#0"},"east":{"uv":[15.90625,15.89375,15.9875,15.9875],"tintindex":0,"texture":"#0"},"south":{"uv":[15.90625,15.89375,15.9875,15.9875],"tintindex":0,"texture":"#0"},"west":{"uv":[15.90625,15.89375,15.9875,15.9875],"tintindex":0,"texture":"#0"},"up":{"uv":[15.90625,15.89375,15.9875,15.9875],"tintindex":0,"texture":"#0"},"down":{"uv":[15.90625,15.89375,15.9875,15.9875],"tintindex":0,"texture":"#0"}},"rotation":{"angle":-45.0,"axis":"y","origin":[8.0,8.00011,8.0]}},{"from":[6.2,5.09814,6.2],"to":[9.8,10.903141,9.8],"faces":{"north":{"uv":[15.90625,15.89375,15.9875,15.9875],"tintindex":0,"texture":"#0"},"east":{"uv":[15.90625,15.89375,15.9875,15.9875],"tintindex":0,"texture":"#0"},"south":{"uv":[15.90625,15.89375,15.9875,15.9875],"tintindex":0,"texture":"#0"},"west":{"uv":[15.90625,15.89375,15.9875,15.9875],"tintindex":0,"texture":"#0"},"up":{"uv":[15.90625,15.89375,15.9875,15.9875],"tintindex":0,"texture":"#0"},"down":{"uv":[15.90625,15.89375,15.9875,15.9875],"tintindex":0,"texture":"#0"}}},{"from":[7.22004,4.6881504,6.2225],"to":[8.79504,11.325649,9.7775],"faces":{"north":{"uv":[15.90625,15.89375,15.9875,15.9875],"tintindex":0,"texture":"#0"},"east":{"uv":[15.90625,15.89375,15.9875,15.9875],"tintindex":0,"texture":"#0"},"south":{"uv":[15.90625,15.89375,15.9875,15.9875],"tintindex":0,"texture":"#0"},"west":{"uv":[15.90625,15.89375,15.9875,15.9875],"tintindex":0,"texture":"#0"},"up":{"uv":[15.90625,15.89375,15.9875,15.9875],"tintindex":0,"texture":"#0"},"down":{"uv":[15.90625,15.89375,15.9875,15.9875],"tintindex":0,"texture":"#0"}},"rotation":{"angle":-45.0,"axis":"z","origin":[8.0,8.00011,8.0]}},{"from":[7.20496,4.6881504,6.2225],"to":[8.77996,11.325649,9.7775],"faces":{"north":{"uv":[15.90625,15.89375,15.9875,15.9875],"tintindex":0,"texture":"#0"},"east":{"uv":[15.90625,15.89375,15.9875,15.9875],"tintindex":0,"texture":"#0"},"south":{"uv":[15.90625,15.89375,15.9875,15.9875],"tintindex":0,"texture":"#0"},"west":{"uv":[15.90625,15.89375,15.9875,15.9875],"tintindex":0,"texture":"#0"},"up":{"uv":[15.90625,15.89375,15.9875,15.9875],"tintindex":0,"texture":"#0"},"down":{"uv":[15.90625,15.89375,15.9875,15.9875],"tintindex":0,"texture":"#0"}},"rotation":{"angle":45.0,"axis":"z","origin":[8.0,8.00011,8.0]}},{"from":[6.2225,4.6881504,7.22004],"to":[9.7775,11.325649,8.79504],"faces":{"north":{"uv":[15.90625,15.89375,15.9875,15.9875],"tintindex":0,"texture":"#0"},"east":{"uv":[15.90625,15.89375,15.9875,15.9875],"tintindex":0,"texture":"#0"},"south":{"uv":[15.90625,15.89375,15.9875,15.9875],"tintindex":0,"texture":"#0"},"west":{"uv":[15.90625,15.89375,15.9875,15.9875],"tintindex":0,"texture":"#0"},"up":{"uv":[15.90625,15.89375,15.9875,15.9875],"tintindex":0,"texture":"#0"},"down":{"uv":[15.90625,15.89375,15.9875,15.9875],"tintindex":0,"texture":"#0"}},"rotation":{"angle":45.0,"axis":"x","origin":[8.0,8.00011,8.0]}},{"from":[6.2225,4.6881504,7.20496],"to":[9.7775,11.325649,8.77996],"faces":{"north":{"uv":[15.90625,15.89375,15.9875,15.9875],"tintindex":0,"texture":"#0"},"east":{"uv":[15.90625,15.89375,15.9875,15.9875],"tintindex":0,"texture":"#0"},"south":{"uv":[15.90625,15.89375,15.9875,15.9875],"tintindex":0,"texture":"#0"},"west":{"uv":[15.90625,15.89375,15.9875,15.9875],"tintindex":0,"texture":"#0"},"up":{"uv":[15.90625,15.89375,15.9875,15.9875],"tintindex":0,"texture":"#0"},"down":{"uv":[15.90625,15.89375,15.9875,15.9875],"tintindex":0,"texture":"#0"}},"rotation":{"angle":-45.0,"axis":"x","origin":[8.0,8.00011,8.0]}},{"from":[11.758739,10.267139,10.331],"to":[4.24126,5.6051397,5.6689997],"faces":{"north":{"uv":[15.875,16.0,15.75,15.875],"tintindex":0,"texture":"#0"},"east":{"uv":[15.75,15.875,15.875,16.0],"tintindex":0,"texture":"#0"},"south":{"uv":[15.75,15.875,15.875,16.0],"tintindex":0,"texture":"#0"},"west":{"uv":[15.75,15.875,15.875,16.0],"tintindex":0,"texture":"#0"},"up":{"uv":[15.75,15.875,15.875,16.0],"tintindex":0,"texture":"#0"},"down":{"uv":[15.75,15.875,15.875,16.0],"tintindex":0,"texture":"#0"}}},{"from":[10.331,10.267139,11.758739],"to":[5.6689997,5.6051397,4.24126],"faces":{"north":{"uv":[15.875,16.0,15.75,15.875],"tintindex":0,"texture":"#0"},"east":{"uv":[15.75,15.875,15.875,16.0],"tintindex":0,"texture":"#0"},"south":{"uv":[15.75,15.875,15.875,16.0],"tintindex":0,"texture":"#0"},"west":{"uv":[15.75,15.875,15.875,16.0],"tintindex":0,"texture":"#0"},"up":{"uv":[15.75,15.875,15.875,16.0],"tintindex":0,"texture":"#0"},"down":{"uv":[15.75,15.875,15.875,16.0],"tintindex":0,"texture":"#0"}}},{"from":[10.331,11.700649,10.331],"to":[5.6689997,4.18318,5.6689997],"faces":{"north":{"uv":[15.875,16.0,15.75,15.875],"tintindex":0,"texture":"#0"},"east":{"uv":[15.75,15.875,15.875,16.0],"tintindex":0,"texture":"#0"},"south":{"uv":[15.75,15.875,15.875,16.0],"tintindex":0,"texture":"#0"},"west":{"uv":[15.75,15.875,15.875,16.0],"tintindex":0,"texture":"#0"},"up":{"uv":[15.75,15.875,15.875,16.0],"tintindex":0,"texture":"#0"},"down":{"uv":[15.75,15.875,15.875,16.0],"tintindex":0,"texture":"#0"}}},{"from":[9.02234,12.23361,10.30186],"to":[6.98272,3.6380005,5.69814],"faces":{"north":{"uv":[15.875,16.0,15.75,15.875],"tintindex":0,"texture":"#0"},"south":{"uv":[15.75,15.875,15.875,16.0],"tintindex":0,"texture":"#0"},"up":{"uv":[15.75,15.875,15.875,16.0],"tintindex":0,"texture":"#0"},"down":{"uv":[15.75,15.875,15.875,16.0],"tintindex":0,"texture":"#0"}},"rotation":{"angle":-45.0,"axis":"z","origin":[8.0,7.9383297,8.0]}},{"from":[9.01728,12.23361,10.30186],"to":[6.97766,3.6380005,5.69814],"faces":{"north":{"uv":[15.875,16.0,15.75,15.875],"tintindex":0,"texture":"#0"},"south":{"uv":[15.75,15.875,15.875,16.0],"tintindex":0,"texture":"#0"},"up":{"uv":[15.75,15.875,15.875,16.0],"tintindex":0,"texture":"#0"},"down":{"uv":[15.75,15.875,15.875,16.0],"tintindex":0,"texture":"#0"}},"rotation":{"angle":45.0,"axis":"z","origin":[8.0,7.9383297,8.0]}},{"from":[10.30186,12.23361,9.02234],